KG1,AATTA GENHU /WHEAT,GRAINS ,818,817,669,669,,,LOCAL - RASHAN,,96,,,,50.000,2000.000,,,,
KG2,MAIDA ,GRAINS ,818,813,669,669,,,,DELHI- RAMAVATAR Prov ,96,,,,25.000,30.000,,,,
KG3,GUEST RICE  (IG DUBAR ),GRAINS ,818,813,669,669,,,,DELHI- RAMAVATAR Prov ,96,,,,20.000,25.000,,,,
KG4,SUGAR ,GRAINS ,818,813,669,669,,,,DELHI- RAMAVATAR Prov ,96,,,,10.000,15.000,,,,
KG5,SALT,GRAINS ,818,813,669,669,,,,DELHI- RAMAVATAR Prov ,96,,,,5.000,8.000,,,,
KG6,BESAN,GRAINS ,818,813,669,669,,,,DELHI- RAMAVATAR Prov ,96,,,,5.000,8.000,,,,
KG7,SOOJI,GRAINS ,818,813,669,669,,,,DELHI- RAMAVATAR Prov ,96,,,,5.000,8.000,,,,
KG8,POHA,GRAINS ,818,813,669,669,,,,DELHI- RAMAVATAR Prov ,96,,,,5.000,6.000,,,,
KG9,AARAROT/CORNFLOUR ,GRAINS ,818,813,669,669,,,,DELHI- RAMAVATAR Prov ,96,,,,3.000,5.000,,,,
KP1,URAD MAAH   WHOLE,PULSES ,818,813,669,669,,,,DELHI- RAMAVATAR Prov ,96,,,,10.000,15.000,,,,
KP2,MOONG WHOLE /SABAT,PULSES ,818,813,669,669,,,,DELHI- RAMAVATAR Prov ,96,,,,2.000,3.000,,,,
KP3,MOONG  SPLIT/ TUTI ,PULSES ,818,813,669,669,,,,DELHI- RAMAVATAR Prov ,96,,,,2.000,3.000,,,,
KP4,MOONG  DHULI,PULSES ,818,813,669,669,,,,DELHI- RAMAVATAR Prov ,96,,,,2.000,3.000,,,,
KP5,CHANA KABULI ,PULSES ,818,813,669,669,,,,DELHI- RAMAVATAR Prov ,96,,,,2.000,3.000,,,,
KP6,CHANA BLACK /KALA ,PULSES ,818,813,669,669,,,,DELHI- RAMAVATAR Prov ,96,,,,2.000,3.000,,,,
KP7,CHANAL DAL SPLIT/ TUTI,PULSES ,818,813,669,669,,,,DELHI- RAMAVATAR Prov ,96,,,,2.000,3.000,,,,
KP8,ARHAR DAL,PULSES ,818,813,669,669,,,,DELHI- RAMAVATAR Prov ,96,,,,2.000,3.000,,,,
KP9,URAD  TUTI CHILKA ,PULSES ,818,813,669,669,,,,DELHI- RAMAVATAR Prov ,96,,,,2.000,3.000,,,,
KP10,URAD DHULI,PULSES ,818,813,669,669,,,,DELHI- RAMAVATAR Prov ,96,,,,2.000,3.000,,,,
KP11,RAJMAH CHITRA,PULSES ,818,813,669,669,,,,DELHI- RAMAVATAR Prov ,96,,,,2.000,3.000,,,,
KP12,MOONGPHALI KACCCHI,PULSES ,818,813,669,669,,,,DELHI- RAMAVATAR Prov ,96,,,,5.000,8.000,,,,
KO1,Refind Sunflower Oil ,Oils,818,813,669,669,,,,DELHI- RAMAVATAR Prov ,96,,,,30.000,30.000,,,,
KO2,SARSON TAIL /MUSTARD OIL,Oils,818,813,669,669,,,,DELHI- RAMAVATAR Prov ,96,,,,3.000,5.000,,,,
KO3,GHEE ,Oils,818,813,669,,,,,DELHI- RAMAVATAR Prov ,96,,,,3.000,5.000,,,,
KO4,OLIVE OIL,Oils,818,813,669,,,,,DELHI- RAMAVATAR Prov ,96,,,,0.500,1.000,,,,
KM1,JEERA /CUMIN ,Masala ,818,813,669,669,,,,DELHI- RAMAVATAR Prov ,96,,,,0.500,1.000,,,,
KM2,HALDI /TURMERIC ,Masala ,818,813,669,669,,,,DELHI- RAMAVATAR Prov ,96,,,,1.000,2.000,,,,
KM3,LAL MIRCHI SABAT /RED CHILLY Whole ,Masala ,818,813,669,669,,,,DELHI- RAMAVATAR Prov ,96,,,,1.000,2.000,,,,
KM4,KASHMIRI MIRCH,Masala ,818,813,669,669,,,,DELHI- RAMAVATAR Prov ,96,,,,1.000,2.000,,,,
KM5,DHANIA SABAT /CORIANDER WHOLE,Masala ,818,813,669,669,,,,DELHI- RAMAVATAR Prov ,96,,,,1.000,2.000,,,,
KM6,KALI MIRCH SABAT /BLACK PEPPER WHOLE,Masala ,818,813,669,669,,,,DELHI- RAMAVATAR Prov ,96,,,,0.100,0.500,,,,
KM7,MOTI ILAYACHI  /CARDAMOM BLACK,Masala ,818,813,669,669,,,,DELHI- RAMAVATAR Prov ,96,,,,0.200,0.500,,,,
KM8,HARI ILAYACHI /GREEN CARDAMON ,Masala ,818,813,669,669,,,,DELHI- RAMAVATAR Prov ,96,,,,0.200,0.250,,,,
KM9,LAUNG /CLOVE ,Masala ,818,813,669,669,,,,DELHI- RAMAVATAR Prov ,96,,,,0.100,0.250,,,,
KM10,AJWAIN /CAROM SEED,Masala ,818,813,669,669,,,,DELHI- RAMAVATAR Prov ,96,,,,0.200,0.250,,,,
KM11,GARAM MASALA WHOLE ,Masala ,818,813,669,669,,,,DELHI- RAMAVATAR Prov ,96,,,,0.500,,,,,
KM12,KASOORI METHI ,Masala ,818,813,669,669,,,,DELHI- RAMAVATAR Prov ,96,,,,0.200,0.250,,,,
KM13,DALCHINI /CINNAMON,Masala ,818,813,669,669,,,,DELHI- RAMAVATAR Prov ,96,,,,0.200,0.250,,,,
KM14,METHI DANA /FENUGREEK ,Masala ,818,813,669,669,,,,DELHI- RAMAVATAR Prov ,96,,,,0.200,0.250,,,,
KM15,IMLI  /TAMRIND  DRY,Masala ,818,813,669,669,,,,DELHI- RAMAVATAR Prov ,96,,,,2.000,3.000,,,,
KM16,ANARDANA (POMEGRANATE DRY ),Masala ,818,813,669,669,,,,DELHI- RAMAVATAR Prov ,96,,,,1.000,1.000,,,,
KM17,SAUNTH /GINGER DRY ,Masala ,818,813,669,669,,,,DELHI- RAMAVATAR Prov ,96,,,,0.100,0.250,,,,
KM18,KALAUNJI /BLACK CUMIN ,Masala ,818,813,669,669,,,,DELHI- RAMAVATAR Prov ,96,,,,0.100,0.250,,,,
KM19,JAIPHAL /NUTMEG ,Masala ,818,813,669,669,,,,DELHI- RAMAVATAR Prov ,96,,,,0.100,0.200,,,,
KM20,AMCHOOR  /DRY MANGO ,Masala ,818,813,669,669,,,,DELHI- RAMAVATAR Prov ,96,,,,0.250,1.000,,,,
KM21,SABJA /BASIL SEED ,Masala ,818,813,669,669,,,,DELHI- RAMAVATAR Prov ,96,,,,0.100,0.200,,,,
KM22,TEJ PATTA/ BAY LEAF ,Masala ,818,813,669,669,,,,DELHI- RAMAVATAR Prov ,96,,,,0.100,0.250,,,,
KM23,SAUNTH (dry Ginger),Masala ,818,813,669,669,,,,DELHI- RAMAVATAR Prov ,96,,,,0.100,,,,,
KM24,CHAKRI PHOOL /Star Aniseed,Masala ,818,813,669,669,,,,DELHI- RAMAVATAR Prov ,96,,,,0.250,0.500,,,,
KM25,Javitri ,Masala ,818,813,669,669,,,,DELHI- RAMAVATAR Prov ,96,,,,0.250,0.500,,,,
KM26,HING /ASAFITIDA,Masala ,818,813,669,669,,,,DELHI- RAMAVATAR Prov ,96,,,,0.200,0.250,,,,
KM27,KALA NAMAK/BLACK SALT,Masala ,818,813,669,669,,,,DELHI- RAMAVATAR Prov ,96,,,,0.200,0.500,,,,
KM28,CHAT MASALA ,Masala ,818,813,669,669,,,,DELHI- RAMAVATAR Prov ,96,,,,0.500,0.500,,,,
KM29,SENDHA NAMAK,Masala ,818,813,669,669,,,,DELHI- RAMAVATAR Prov ,96,,,,0.200,0.250,,,,
KM30,SAUNF Moti/FENNEL SEED,Masala ,818,813,669,669,,,,DELHI- RAMAVATAR Prov ,96,,,,0.500,0.500,,,,
KM31,SAUNF  BARIK /FENNEL SEED ,Masala ,818,813,669,669,,,,DELHI- RAMAVATAR Prov ,96,,,,0.200,0.250,,,,
KM32,SARSOON DANA/MUSTARD SEED,Masala ,818,813,669,669,,,,DELHI- RAMAVATAR Prov ,96,,,,0.200,0.250,,,,
KM33,RAI DANA/BROWN MUSTARAD,Masala ,818,813,669,669,,,,DELHI- RAMAVATAR Prov ,96,,,,0.200,,,,,
KM34,KHUS KHUS /POPPY SEEDS ,Masala ,818,813,669,669,,,,DELHI- RAMAVATAR Prov ,96,,,,0.500,1.000,,,,
KM35,KESAR /SAFFRON ,Masala ,818,813,669,669,,,,DELHI- RAMAVATAR Prov ,96,,,,0.010,0.020,,,,
KBF1,TEA LEAVES REGULAR ,BF Essentials,818,813,669,669,,,,DELHI- RAMAVATAR Prov ,96,,,,2.000,3.000,,,,
KBF2,Coffee ,BF Essentials,818,813,669,669,,,,DELHI- RAMAVATAR Prov ,96,,,,0.500,1.000,,,,
KBF3,MUSELI ,BF Essentials,818,813,669,669,,,,DELHI- RAMAVATAR Prov ,96,,,,1.000,2.000,,,,
KBF4,CORNFLAKES,BF Essentials,818,813,669,669,,,,DELHI- RAMAVATAR Prov ,96,,,,2.000,3.000,,,,
KBF5,CHOCOS,BF Essentials,818,813,669,669,,,,DELHI- RAMAVATAR Prov ,96,,,,2.000,3.000,,,,
KBF6,KISSAN MIX JAM ,BF Essentials,818,813,669,669,,,,DELHI- RAMAVATAR Prov ,96,,,,2.000,2.500,,,,
KBF7,BUTTER CHIPLETS ,BF Essentials,818,813,669,669,,,,DELHI- RAMAVATAR Prov ,96,,,,2.000,3.000,,,,
KBF8,VEEBA EGGLESS MAYONISE ,BF Essentials,818,813,669,669,,,,DELHI- RAMAVATAR Prov ,96,,,,2.000,3.000,,,,
KBF9,BOURNVITA,BF Essentials,818,813,669,669,,,,DELHI- RAMAVATAR Prov ,96,,,,0.500,1.000,,,,750
KBF10,HOT CHOCOLATE ,BF Essentials,818,813,669,669,,,,DELHI- RAMAVATAR Prov ,96,,,,1.000,1.500,,,,675
KBF11,VERMICILI PLAIN WHITE ,BF Essentials,818,813,669,669,,,,DELHI- RAMAVATAR Prov ,96,,,,2.000,3.000,,,,
KBF12,VERMICILI ROASTED BROWN  ,BF Essentials,818,813,669,669,,,,DELHI- RAMAVATAR Prov ,96,,,,0.500,1.000,,,,
KBF13,COCONUT DRY POWDER,BF Essentials,818,813,669,669,,,,DELHI- RAMAVATAR Prov ,96,,,,2.000,3.000,,,,
KBF14,GIRI GOLA /COCONUT WHOLE DRY,BF Essentials,818,813,669,669,,,,DELHI- RAMAVATAR Prov ,96,,,,10 pc,10 pc,,,,
KBF15,ROASTED CHANA,BF Essentials,818,813,669,669,,,,DELHI- RAMAVATAR Prov ,96,,,,2.000,3.000,,,,
KBF16,TIL /SESSME SEED WHITE ,BF Essentials,818,813,669,669,,,,DELHI- RAMAVATAR Prov ,96,,,,1.000,1.500,,,,
KBF17,JAGGERRY,BF Essentials,818,813,669,669,,,LOCAL - RASHAN,,96,,,,1.000,2.000,,,,
KC1,PASTA( FUSSILLI),Continental,818,813,669,669,,,,DELHI- RAMAVATAR Prov ,96,,,,2.000,2.500,,,,
KC2,PASTA ( PENNE),Continental,818,813,669,669,,,,DELHI- RAMAVATAR Prov ,96,,,,2.000,2.500,,,,
KC3,PASTA (FLAT) FETTUCNNI),Continental,818,813,669,669,,,,DELHI- RAMAVATAR Prov ,96,,,,2.000,2.500,,,,
KC4,PASTA (MACRONNI),Continental,818,813,669,669,,,,DELHI- RAMAVATAR Prov ,96,,,,2.000,2.500,,,,
KC5,SPAGHATTI,Continental,818,813,669,669,,,,DELHI- RAMAVATAR Prov ,96,,,,2.000,2.500,,,,
KC6,HAKKA NOODLES ,Continental,818,813,669,669,,,,DELHI- RAMAVATAR Prov ,96,,,,2.000,2.500,,,,
KC7,SOYA SAUCE,Continental,818,813,669,669,,,,DELHI- RAMAVATAR Prov ,96,,,,1.000,2.000,,,,
KC8,VINEGAR ,Continental,818,813,669,669,,,,DELHI- RAMAVATAR Prov ,96,,,,2.000,3.000,,,,
KC9,GREEN CHILLI SAUCE,Continental,818,813,669,669,,,,DELHI- RAMAVATAR Prov ,96,,,,1.000,2.000,,,,
KC10,TOBASCO SAUCE,Continental,818,813,669,669,,,,DELHI- RAMAVATAR Prov ,96,,,,1.000,1.000,,,,
KC11,SCHEZWAN SAUCE ,Continental,818,813,669,669,,,,DELHI- RAMAVATAR Prov ,96,,,,1.000,1.000,,,,
KC12,MUSTARD SAUCE ,Continental,818,813,669,669,,,,DELHI- RAMAVATAR Prov ,96,,,,0.500,1.000,,,,
KC13,AJEENO MOTO,Continental,818,813,669,669,,,,DELHI- RAMAVATAR Prov ,96,,,,1.000,1.000,,,,
KC14,AGAR AGAR,Continental,818,813,669,669,,,,DELHI- RAMAVATAR Prov ,96,,,,0.200,0.200,,,,
KC15,AMUL CHEESE BLENDS 1KG,Continental,818,813,669,669,,,,DELHI- RAMAVATAR Prov ,96,,,,3.000,3.000,,,,
KC16,BAKED BEANS,Continental,818,813,669,669,,,,DELHI- RAMAVATAR Prov ,96,,,,2.000,2.000,,,,
KC17,FRENCH FRY,Continental,818,813,669,669,,,,DELHI- RAMAVATAR Prov ,96,,,,6.000,10.000,,,,
KC18,SWEETCORN FROZEN,Continental,818,813,669,669,,,,DELHI- RAMAVATAR Prov ,96,,,,5.000,6.000,,,,
KC19,EGGS,Continental,818,813,669,669,,,LOCAL - EGG& DAIRY,,96,,,,3.000,3.000,,,,
KC20,BAKING POWDER,Bakery ,818,813,669,669,,,,DELHI- RAMAVATAR Prov ,96,,,,0.500,1.000,,,,
KC21,BAKING SODA,Bakery ,818,813,669,669,,,,DELHI- RAMAVATAR Prov ,96,,,,0.100,0.500,,,,
KC22,YEAST DRY,Bakery ,818,813,669,669,,,,DELHI- RAMAVATAR Prov ,96,,,,2.000,2.000,,,,
KC23,YEAST WET,Bakery ,818,813,669,669,,,,DELHI- RAMAVATAR Prov ,96,,,,2.000,2.000,,,,
,CUSTARD POWDER(VANILLA),Desserts ,818,813,669,669,,,,DELHI- RAMAVATAR Prov ,96,,,,2.000,3.000,,,,
KFZ1,RICH CREAM ,Desserts ,818,813,669,669,,,,DELHI- RAMAVATAR Prov ,96,,,,1.000,1.000,,,,
KFZ2,CASHEW NUT TUKRI,Desserts Toppings,818,813,669,669,,,,DELHI- RAMAVATAR Prov ,96,,,,3.000,5.000,,,,
KFZ3,ALMONDS,Desserts Toppings,818,813,669,669,,,,DELHI- RAMAVATAR Prov ,96,,,,1.000,2.000,,,,
KFZ4,WALNUTS,Desserts Toppings,818,813,669,669,,,,DELHI- RAMAVATAR Prov ,96,,,,1.000,1.500,,,,
KFZ5,RASINS,Desserts Toppings,818,813,669,669,,,,DELHI- RAMAVATAR Prov ,96,,,,1.000,1.500,,,,
KFZ6,CHIRONJI ,Desserts Toppings,818,813,669,669,,,,DELHI- RAMAVATAR Prov ,820,,,,0.150,0.250,,,,
KFZ7,MAGAJ ,Desserts Toppings,818,813,669,669,,,,DELHI- RAMAVATAR Prov ,820,,,,2.000,3.000,,,,
KFZ8,GREEN OLIVES,Tinned  items,818,813,669,669,,,,DELHI- RAMAVATAR Prov ,820,,,,0.300,0.500,,,,
KFZ9,BLACK OLIVES,Tinned  items,818,813,669,669,,,,DELHI- RAMAVATAR Prov ,820,,,,0.300,0.500,,,,
KFZ10,TOMATO PUREE,Tinned  items,818,813,669,669,,,,DELHI- RAMAVATAR Prov ,820,,,,1.000,2.000,,,,
KFZ11,PINEAPPLE TINNED,Tinned  items,818,813,669,669,,,,DELHI- RAMAVATAR Prov ,820,,,,1.000,1.000,,,,
KFZ12,RED CHERRY TINNED,Tinned  items,818,813,669,669,,,,DELHI- RAMAVATAR Prov ,820,,,,0.500,0.500,,,,
KFZ13,MILKMAID TINNED,Tinned  items,818,813,669,669,,,,DELHI- RAMAVATAR Prov ,820,,,,0.500,0.500,,,,
KFZ14,TINNED INDIAN SWEETS GULABJAMUN,Tinned  items,818,813,669,669,,,,HALDIRAM - ,820,,,,3.000,5.000,,,,
KFZ15,CHEESE SLICE,Dairy ,818,813,669,669,,,,DELHI- RAMAVATAR Prov ,820,,,,3.000,5.000,,,,
KFZ16,MILK,Dairy ,818,813,669,669,,,LOCAL - EGG& DAIRY,,820,,,,3.000,3.000,,,,
KFZ17,CURD,Dairy ,818,813,669,669,,,LOCAL - EGG& DAIRY,,820,,,,5.000,5.000,,,,
KFZ18,PANEER,Dairy ,818,813,669,669,,,LOCAL - EGG& DAIRY,,820,,,,5.000,5.000,,,,
KFZ19,BREADS ,Dairy ,818,813,669,669,,,LOCAL - EGG& DAIRY,,820,,,,3.000,5.000,,,,
KFZ20,ICE CREAM,Dairy ,818,813,669,669,,,LOCAL - EGG& DAIRY,,820,,,,3.000,5.000,,,,
KFZ21,SAUSAGE ,poultry,818,812,669,669,,,JAIPUR- BUTCHER,,709,,,,1.000,2.000,,,,
KFZ22,SALAMI,poultry,818,812,669,669,,,JAIPUR- BUTCHER,,709,,,,2.000,3.000,,,,
KFZ23,FRESH MUTTON,poultry,818,812,669,669,,,LOCAL- BUTCHER ,,709,,,,5.000,5.000,,,,
KFZ24,FRESH CHICKEN,poultry,818,812,669,669,,,LOCAL- BUTCHER ,,709,,,,2.000,3.000,,,,
KFZ25,FRESH FISH,poultry,818,812,669,669,,,LOCAL- BUTCHER ,,709,,,,0.000,0.000,,,,
KFZ26,FRESH KEEMA,poultry,818,812,669,669,,,LOCAL- BUTCHER ,,709,,,,1.000,2.000,,,,
KFZ27,PRAWNS,poultry,818,812,669,669,,,JAIPUR- BUTCHER,,709,,,,0.000,0.000,,,,
FC1,TANDOOR COAL,fuel,818,812,669,669,,,LOCAL - FUEL,,710,,,,300.000,,,,,
FC2,GAS CYLINDER,fuel,818,813,676,676,,,LOCAL - FUEL LPG,,710,,,,15.000,,,,,
FC3,DIESEL ,fuel,818,813,635,635,,,LOCAL - FUEL BPC,,710,,,,1000.000,,,,,
FC4,WOOD (firewood),fuel,818,813,635,669,,,LOCAL - FUEL,,710,,,,,,,,,
RS1,MAKHANA 250GM,Snacks,818,813,669,669,,,,DELHI- RAMAVATAR Prov ,96,,,,1.000,1.000,,,,
RS2,PARLE CHEESLING 300G,Snacks,818,813,669,669,,,,DELHI- RAMAVATAR Prov ,96,,,,2.000,2.000,,,,
RS3,ROASTED PEANUTS ,Snacks,818,813,669,669,,,LOCAL - RASHAN,,96,,,,2.000,3.000,,,,
RS4,TEA  BISCUITS SALTED ,Snacks,818,813,669,669,,,,BAKERY - DELHI,96,,,,3.000,5.000,,,,
RS5,TEA BISCUITS SWEET,Snacks,818,813,669,669,,,,BAKERY - DELHI,96,,,,3.000,5.000,,,,
RS6,PAPAD URD DAL MASALA,Snacks,818,813,669,669,,,,DELHI- RAMAVATAR Prov ,96,,,,1.000,1.000,,,,
RS7,PAPAD PLAIN (SMALL DIA ),Snacks,818,813,669,669,,,,DELHI- RAMAVATAR Prov ,96,,,,1.000,1.000,,,,
RS8,MATHRI,Snacks,818,813,669,669,,,,BAKERY - DELHI,96,,,,2.000,3.000,,,,
RS9,NIMKI ,Snacks,818,813,669,669,,,,BAKERY - DELHI,96,,,,2.000,3.000,,,,
kv0,GREEN PEAS,vegetable,818,813,669,669,,,,DELHI- RAMAVATAR Prov ,96,,,,5.000,6.000,,,,
KV1,AALO/POTATO ,vegetables,818,813,669,669,,,LOCAL -SUBZIWALA,,96,,,,25.000,30.000,,,,
KV2,PYAJ /ONION,vegetables,818,813,669,669,,,LOCAL -SUBZIWALA,,96,,,,25.000,30.000,,,,
KV3,LEHSUN,vegetables,818,812,669,669,,,LOCAL -SUBZIWALA,,96,,,,3.000,5.000,,,,
KV4,TAMATAR /TOMATO,vegetables,818,812,669,669,,,LOCAL -SUBZIWALA,,821,,,,15.000,20.000,,,,
KV5,ADRAK,vegetables,818,812,669,669,,,LOCAL -SUBZIWALA,,821,,,,2.000,3.000,,,,
KV6,MIRCH HARI,vegetables,818,812,669,669,,,LOCAL -SUBZIWALA,,821,,,,2.000,2.000,,,,
KV7,MOTI MIRCH,vegetables,818,812,669,669,,,LOCAL -SUBZIWALA,,821,,,,1.000,2.000,,,,
KV8,DHANIYA HARA/CILANTRO,vegetables,818,812,669,669,,,LOCAL -SUBZIWALA,,821,,,,1.000,2.000,,,,
KV9,FRENCH BEANS,vegetables,818,812,669,669,,,LOCAL -SUBZIWALA,,821,,,,3.000,5.000,,,,
KV10,SHIMLA MIRCHI /CAPSICUM,vegetables,818,812,669,669,,,LOCAL -SUBZIWALA,,821,,,,3.000,10.000,,,,
KV11,GHIYA /SWEET GOURD,vegetables,818,812,669,669,,,LOCAL -SUBZIWALA,,821,,,,3.000,20.000,,,,
KV12,GAJAR,vegetables,818,812,669,669,,,LOCAL -SUBZIWALA,,821,,,,3.000,30.000,,,,
KV13,PALAK LEAVES,vegetables,818,812,669,669,,,LOCAL -SUBZIWALA,,821,,,,3.000,15.000,,,,
KV14,BAIGAN BHARTA /BRINJAL,vegetables,818,812,669,669,,,LOCAL -SUBZIWALA,,821,,,,3.000,20.000,,,,
KV15,BAIGAN SMALL /BRINJAL,vegetables,818,812,669,669,,,LOCAL -SUBZIWALA,,821,,,,3.000,,,,,
KV16,KHEERA /CUCUMBER,vegetables,818,812,669,669,,,LOCAL -SUBZIWALA,,821,,,,3.000,30.000,,,,
KV17,KADDU YELLOW /PUMPKIN,vegetables,818,812,669,669,,,LOCAL -SUBZIWALA,,821,,,,3.000,20.000,,,,
KV18,BHINDI /LADY FINGER ,vegetables,818,812,669,669,,,LOCAL -SUBZIWALA,,821,,,,3.000,10.000,,,,
KV19,GOBHI,vegetables,818,812,669,669,,,LOCAL -SUBZIWALA,,821,,,,3.000,30.000,,,,
KV20,PATTA GOBHI,vegetables,818,812,669,669,,,LOCAL -SUBZIWALA,,821,,,,3.000,10.000,,,,
KV21,MOOLI,vegetables,818,812,669,669,,,LOCAL -SUBZIWALA,,821,,,,3.000,10.000,,,,
KV22,SOORAN/ELEPHANT FEET,vegetables,818,812,669,669,,,LOCAL -SUBZIWALA,,821,,,,3.000,0.500,,,,
KV23,MUSHROOMS,vegetables,818,812,669,669,,,LOCAL -SUBZIWALA,,821,,,,3.000,5.000,,,,
KV24,BELL PEPPER RED,vegetables,818,812,669,669,,,LOCAL -SUBZIWALA,,821,,,,3.000,3.000,,,,
KV25,BELL PEPPER YELLOW,vegetables,818,812,669,669,,,LOCAL -SUBZIWALA,,821,,,,3.000,3.000,,,,
KV26,SEHJAN /DRUMSTICKS,vegetables,818,812,669,669,,,LOCAL -SUBZIWALA,,821,,,,3.000,3.000,,,,
KV27,ARBI /COLOCASIA,vegetables,818,812,669,669,,,LOCAL -SUBZIWALA,,821,,,,3.000,5.000,,,,
KV28,CHUKANDAR /BEETROOT,vegetables,818,812,669,669,,,LOCAL -SUBZIWALA,,821,,,,3.000,3.000,,,,
KV29,KARELA /BITTER GOURD,vegetables,818,812,669,669,,,LOCAL -SUBZIWALA,,821,,,,3.000,3.000,,,,
KV30,KATHHAL /JACKFRUIT,vegetables,818,812,669,669,,,LOCAL -SUBZIWALA,,821,,,,3.000,,,,,
KV31,BABY CORNS ,vegetables,818,812,669,669,,,LOCAL -SUBZIWALA,,821,,,,3.000,3.000,,,,
KV32,BROCOLI,vegetables,818,812,669,669,,,LOCAL -SUBZIWALA,,821,,,,3.000,3.000,,,,
KV33,SARSON SAAG/,vegetables,818,812,669,669,,,LOCAL -SUBZIWALA,,821,,,,3.000,,,,,
KV34,METHI PATTA /FENYGREEK LEAVES,vegetables,818,812,669,669,,,LOCAL -SUBZIWALA,,821,,,,3.000,,,,,
KV35,SHALGAM/TURNIP,vegetables,818,812,669,669,,,LOCAL -SUBZIWALA,,821,,,,3.000,,,,,
KV36,KADDU GREEN/PUMPKIN,vegetables,818,812,669,669,,,LOCAL -SUBZIWALA,,821,,,,3.000,,,,,
KV37,GWAR PHALI /CLUSTER BEANS,vegetables,818,812,669,669,,,LOCAL -SUBZIWALA,,821,,,,3.000,,,,,
KV38,TORAI/RIDGED GOURD,vegetables,818,812,669,669,,,LOCAL -SUBZIWALA,,821,,,,3.000,,,,,
KV39,TINDA /INDIAN SQUASH,vegetables,818,812,669,669,,,LOCAL -SUBZIWALA,,821,,,,3.000,,,,,
KV40,SURATI PAPDI/HYACINTH BEANS,vegetables,818,812,669,669,,,LOCAL -SUBZIWALA,,821,,,,3.000,,,,,
KV41,AMLA /GOOSEBERRY,vegetables,818,812,669,669,,,LOCAL -SUBZIWALA,,821,,,,3.000,,,,,
KV42,CHAULAI DANA/,vegetables,818,812,669,669,,,LOCAL -SUBZIWALA,,821,,,,3.000,,,,,
KV43,SHAKARKAND/SWEET POTATO,vegetables,818,812,669,669,,,LOCAL -SUBZIWALA,,821,,,,3.000,,,,,
KV44,LEMON,vegetables,818,812,669,669,,,LOCAL -SUBZIWALA,,821,,,,3.000,5.000,,,,
KV45,MANGO,Fruits,818,812,669,669,,,LOCAL -SUBZIWALA,,821,,,,3.000,5.000,,,,
KV46,BANANA,Fruits,818,812,669,669,,,LOCAL -SUBZIWALA,,821,,,,3.000,30.000,,,,
KV47,WATER MELON,Fruits,818,812,669,669,,,LOCAL -SUBZIWALA,,821,,,,3.000,15.000,,,,
KV48,PAPAYA ,Fruits,818,812,669,669,,,LOCAL -SUBZIWALA,,821,,,,3.000,30.000,,,,
KV49,APPLE,Fruits,818,812,669,669,,,LOCAL -SUBZIWALA,,821,,,,3.000,5.000,,,,
KV50,GRAPES ,Fruits,818,812,669,669,,,LOCAL -SUBZIWALA,,821,,,,3.000,5.000,,,,
KV51,CHIKU /MUD APPLE ,Fruits,818,812,669,669,,,LOCAL -SUBZIWALA,,821,,,,3.000,,,,,
KV52,Anar /POMOGRANATE,Fruits,818,812,669,669,,,LOCAL -SUBZIWALA,,821,,,,3.000,3.000,,,,
KV53,ORANGE /SANTARA,Fruits,818,812,669,669,,,LOCAL -SUBZIWALA,,821,,,,3.000,5.000,,,,
HK1,DISHSOAP,Kitchen CLNG  Supply,602,812,669,669,,,LOCAL - RASHAN,,707,,,,3.000,,,,,
HK2,DETERGENT POWDER,Kitchen CLNG  Supply,602,812,669,669,,,LOCAL - RASHAN,,707,,,,3.000,,,,,
HK3,JUNA SCOTCH BRITE ,Kitchen CLNG  Supply,602,812,669,669,,,LOCAL - RASHAN,,707,,,,6.000,,,,,
HK4,JUNA STEEL SCRUB ,Kitchen CLNG  Supply,602,813,669,669,,,LOCAL - RASHAN,,707,,,,6.000,,,,,
HK5,JUNA SPONGE SCRUB,Kitchen CLNG  Supply,602,813,676,676,,,LOCAL - RASHAN,,707,,,,3.000,,,,,
HK6,SEENK JHADU/BROOMSTICK,Kitchen CLNG  Supply,602,816,676,676,,,LOCAL - RASHAN,,707,,,,3.000,,,,,
HK7,PHOOL JHADU/SOFT BROOM,Kitchen CLNG  Supply,602,816,676,676,,,LOCAL - RASHAN,,707,,,,6.000,,,,,
HK8,LONG OUTDOOR BROOM,Kitchen CLNG  Supply,602,816,676,676,,,LOCAL - RASHAN,,707,,,,3.000,,,,,
HK9,JALA STICK /COBBWEB STICK,Kitchen CLNG  Supply,602,816,676,676,,,LOCAL - RASHAN,,707,,,,1.000,,,,,
HK10,ROOM SPRAY,HK Cleaning SUPPLY,602,816,669,676,,,,SELF - DSO,707,,,,3.000,,,,,
HK11,GARBAGE BAG 24/30,Kitchen CLNG  Supply,602,816,676,676,,,,SELF - DSO,707,,,,50.000,,,,,
HK12,GARBAGE BAG 17/23,HK Cleaning SUPPLY,602,816,676,676,,,,SELF - DSO,707,,,,50.000,,,,,
HK13,GARBAGE BAG 20/26,HK Cleaning SUPPLY,602,816,676,676,,,,SELF - DSO,707,,,,50.000,,,,,
HK14,ALL OUT SOCKETS ,HK Cleaning SUPPLY,602,816,676,676,,,,SELF - DSO,707,,,,40.000,,,,,
HK15,ALL OUT REFILLS ,HK Cleaning SUPPLY,602,816,676,676,,,,SELF - DSO,707,,,,40.000,,,,,
HK16,FLOOR MOPS,HK Cleaning SUPPLY,602,816,669,676,,,,SELF - DSO,707,,,,6.000,,,,,
HK17,DUSTING MOPS COTTON,HK Cleaning SUPPLY,602,816,676,676,,,,SELF - DSO,707,,,,6.000,,,,,
HK18,FIBER CLOTH DUSTERS ,HK Cleaning SUPPLY,602,816,676,676,,,,SELF - DSO,707,,,,12.000,,,,,
HK19,DETERGENT POWDER,HK Cleaning SUPPLY,602,816,676,669,,,,SELF - DSO,707,,,,20.000,,,,,
HK20,GAS LIGHTER SMALL KITCHEN,Kitchen CLNG  Supply,602,816,676,669,,,,SELF - DSO,707,,,,2.000,,,,,
HK21,GAS LIGHTER LONG KITCHEN,Kitchen CLNG  Supply,602,814,676,669,,,,SELF - DSO,707,,,,1.000,,,,,
HK22,NAPHTHALENE BALL,HK Cleaning SUPPLY,602,813,669,669,,,,SELF - DSO,707,,,,2.000,,,,,
HK23,TOILET BRUSH,HK Cleaning SUPPLY,602,814,669,669,,,,SELF - DSO,707,,,,6.000,,,,,
HK24,FLOOR WIPER,HK Cleaning SUPPLY,602,814,669,669,,,,SELF - DSO,707,,,,6.000,,,,,
HK25,GLASS WIPER,HK Cleaning SUPPLY,602,814,669,669,,,,SELF - DSO,707,,,,2.000,,,,,
HK26,FLOOR CLEANER ,HK Cleaning SUPPLY,602,814,669,669,,,,IRIS - HOUSEKEEPING ,707,,,,3.000,,,,,
HK27,MOP STICK ,HK Cleaning SUPPLY,602,814,669,669,,,,IRIS - HOUSEKEEPING ,707,,,,3.000,,,,,
HK28,MOPSTICK REFILLS,HK Cleaning SUPPLY,602,814,669,669,,,,IRIS - HOUSEKEEPING ,707,,,,3.000,,,,,
HK29,BUCKET ,HK Cleaning SUPPLY,602,814,669,669,,,,SELF - DSO,707,,,,3.000,,,,,
HK30,TOILET ROLLS ,HK Cleaning SUPPLY,602,814,669,669,,,,IRIS - HOUSEKEEPING ,707,,,,50.000,,,,,
HK31,R 1 / FLOOR CLEANING,HK Cleaning SUPPLY,602,814,669,669,,,,IRIS - HOUSEKEEPING ,707,,,,3.000,,,,,
HK32,R2 / MULTIPURPOSE ,HK Cleaning SUPPLY,602,814,669,669,,,,IRIS - HOUSEKEEPING ,707,,,,3.000,,,,,
HK33,R3 / COLIN ,HK Cleaning SUPPLY,602,814,669,669,,,,IRIS - HOUSEKEEPING ,707,,,,1.000,,,,,
HK34,R4  / FURNITURE CLEANING,HK Cleaning SUPPLY,602,814,669,669,,,,IRIS - HOUSEKEEPING ,707,,,,2.000,,,,,
HK35,R5 / ROOM FRESHNER ,HK Cleaning SUPPLY,602,814,669,669,,,,IRIS - HOUSEKEEPING ,707,,,,5.000,,,,,
HK36,R6 / TOILET CLEANER ,HK Cleaning SUPPLY,602,814,635,635,,,,IRIS - HOUSEKEEPING ,707,,,,5.000,,,,,
HK39,DETERGENT CAKE,HK Cleaning SUPPLY,602,816,635,669,,,LOCAL - RASHAN,,707,,,,10.000,,,,,
HK40,CASTIC (KHARA),HK Cleaning SUPPLY,602,816,669,669,,,,IRIS - HOUSEKEEPING ,707,,,,1.000,,,,,
HK41,POOL CLORINE,HK Cleaning SUPPLY,602,816,669,669,,,,IRIS - HOUSEKEEPING ,707,,,,30.000,,,,,
GS1,COMB,HK Guest Supply,602,814,669,669,,,,IRIS - HOUSEKEEPING ,707,,,,100.000,,,,,
GS2,TOOTHBRUSH KIT,HK Guest Supply,602,814,669,669,,,,IRIS - HOUSEKEEPING ,707,,,,200.000,,,,,
GS3,SHAVING KIT,HK Guest Supply,602,814,669,,,,,IRIS - HOUSEKEEPING ,707,,,,100.000,,,,,
GS4,SHOWER CAP,HK Guest Supply,602,814,669,,,,,IRIS - HOUSEKEEPING ,707,,,,100.000,,,,,
GS5,SANITARY BAG,HK Guest Supply,602,814,669,,,,,IRIS - HOUSEKEEPING ,707,,,,50.000,,,,,
GS6,SHOESHINE,HK Guest Supply,602,814,669,,,,,IRIS - HOUSEKEEPING ,707,,,,3.000,,,,,
GS7,SEWING KIT ,HK Guest Supply,602,814,669,,,,,IRIS - HOUSEKEEPING ,707,,,,3.000,,,,,
GS8,BATH ROOM SLIPPERS ,HK Guest Supply,602,814,669,,,,,IRIS - HOUSEKEEPING ,707,,,,100.000,,,,,
GS9,GUEST HANDWASH LIQUID,HK Guest Supply,602,814,669,669,,,,IRIS - HOUSEKEEPING ,707,,,,5.000,,,,,
GS10,Toilet  Roll (02 ply ),HK Guest Supply,602,814,669,669,,,,IRIS - HOUSEKEEPING ,707,,,,3.000,,,,,
GS14,SHAMPOO,HK Guest Supply,602,814,669,669,,,,BIOTIQUE ,707,,,,100.000,,,,,
GS15,SHOWER GEL,HK Guest Supply,602,814,669,669,,,,BIOTIQUE ,707,,,,100.000,,,,,
GS16,CONDITIONER,HK Guest Supply,602,814,669,669,,,,BIOTIQUE ,707,,,,100.000,,,,,
GS17,TALC,HK Guest Supply,602,814,669,669,,,,BIOTIQUE ,707,,,,3.000,,,,,
GS18,MOISTURISER,HK Guest Supply,602,814,669,669,,,,BIOTIQUE ,707,,,,100.000,,,,,
GS19,DAIRY WHITNER,HK Guest Supply,602,814,676,676,,,,DELHI- RAMAVATAR Prov ,707,,,,400.000,,,,,
GS20,SUGAR SACHETS,HK Guest Supply,602,814,627,627,,,,DELHI- RAMAVATAR Prov ,707,,,,400.000,,,,,
GS21,COFFEE SACHETS,HK Guest Supply,602,816,627,627,,,,DELHI- RAMAVATAR Prov ,707,,,,400.000,,,,,
GS22,TEA BAGS,HK Guest Supply,602,816,627,627,,,,DELHI- RAMAVATAR Prov ,707,,,,400.000,,,,,
GS23,SUGAR FREE NAT 100TB,HK Guest Supply,602,816,627,627,,,,DELHI- RAMAVATAR Prov ,707,,,,200.000,,,,,
GS24,PEN / PENCIL,HK Guest Supply,602,816,676,676,,,,SELF - DSO,707,,,,50.000,,,,,
GS25,LETTERHEADS ,HK Guest Supply,602,814,676,676,,,,SELF - DSO,707,,,,100.000,,,,,
GS26,ENVELOPE,HK Guest Supply,815,814,676,676,,,,SELF - DSO,707,,,,100.000,,,,,
GS27,HAND SANITIZER ,HK Guest Supply,815,814,676,676,,,,SELF - DSO,707,,,,100.000,,,,,
LN1,FACE TOWELS,LINEN,602,817,676,675,,,,TRIDENT ,707,,,,100.000,,,,,
LN2,HAND TOWELS,LINEN,602,817,669,675,,,,TRIDENT ,707,,,,100.000,,,,,
LN3,BODY TOWELS,LINEN,602,817,675,675,,,,TRIDENT ,707,,,,100.000,,,,,
LN4,BATH MATS,LINEN,602,817,675,675,,,,TRIDENT ,707,,,,50.000,,,,,
LN5,ROOM BUCKET,LINEN,602,817,675,675,,,,SELF - DSO,707,,,,25.000,,,,,
LN6,ROOM BUCKET MUG,LINEN,602,817,675,675,,,,SELF - DSO,707,,,,25.000,,,,,
LN7,LININ BASKET,LINEN,602,817,675,675,,,,SELF - DSO,707,,,,25.000,,,,,
LN8,CUSHION COVERS,LINEN,602,817,675,675,,,,ASTHETICS/FABCRAFT JPR,707,,,,46.000,,,,,
LN9,MEDIUM PILLOW,LINEN,602,817,675,675,,,,NOVA NAP,707,,,,60.000,,,,,
LN10,LARGE PILLOW ,LINEN,602,817,675,675,,,,NOVA NAP,707,,,,60.000,,,,,
LN11,PILLOW COVERS  M,LINEN,602,817,675,675,,,,AN TEXTILES,707,,,,60.000,,,,,
LN12,PILLOW COVERS L ,LINEN,602,817,675,675,,,,AN TEXTILES,707,,,,60.000,,,,,
LN13,CUSHION FILLERS ,LINEN,602,817,675,675,,,,ASTHETICS/FABCRAFT JPR,707,,,,66.000,,,,,
LN14,BED SHEET SINGLE ,LINEN,602,817,675,675,,,,AN TEXTILES,707,,,,100.000,,,,,
LN15,BED SHEET DOUBLE ,LINEN,602,817,675,675,,,,AN TEXTILES,707,,,,50.000,,,,,
LN16,DUVET SINGLE ,LINEN,602,817,675,675,,,,AN TEXTILES,707,,,,40.000,,,,,
LN17,DUVET DOUBLE ,LINEN,602,817,675,675,,,,AN TEXTILES,707,,,,,,,,,
LN18,DUVET COVER DOUBLE,LINEN,602,817,675,675,,,,AN TEXTILES,707,,,,,,,,,
LN19,DUVET COVER SINGLE ,LINEN,602,817,675,675,,,,AN TEXTILES,707,,,,,,,,,
LN20,POOL TOWELS ,LINEN,602,817,675,675,,,,TRIDENT ,707,,,,100.000,,,,,
B1,SODA ,soda,602,817,635,635,,,LOCAL - BEVERAGE,,707,,,,20.000,,,,,
B2,WATER 01 LTR ( LARGE ),water,602,812,635,635,,,LOCAL - BEVERAGE,,,,,,200.000,,,,,
B3,WATER 500 ML ( MEDIUM ),water,602,812,635,635,,,LOCAL - BEVERAGE,,,,,,100.000,,,,,
B4,WATER 200 ML ( SMALL),water,602,812,635,635,,,LOCAL - BEVERAGE,,,,,,,,,,,
B5,COKE 200 ml,soda,639,812,635,635,,,LOCAL - BEVERAGE,,,,,,48.000,,,,,
B6,SPRITE /ORANGE 200 ml,soda,639,812,635,635,,,LOCAL - BEVERAGE,,,,,,48.000,,,,,
B7,MIXED FRUIT JUICE200 ml  TETRA PACK,juices,639,812,635,635,,,,DELHI- RAMAVATAR Prov ,,,,,3.000,,,,,
B8,ORANGE JUICE  200 ml TETRA PACK,juices,639,812,635,635,,,,DELHI- RAMAVATAR Prov ,,,,,3.000,,,,,
B9,APPLE JUICE 01 200 ml TETRA PACK ,juices,639,812,635,635,,,,DELHI- RAMAVATAR Prov ,,,,,3.000,,,,,
B10,GUAVA JUICE  01 LTR PACK,juices,639,812,635,635,,,,DELHI- RAMAVATAR Prov ,,,,,10.000,,,,,
B11,MIXED FRUIT JUICE 01 LTR TETRA PACK,juices,639,813,635,635,,,,DELHI- RAMAVATAR Prov ,,,,,10.000,,,,,
B12,ORANGE JUICE  01 LTR TETRA PACK,juices,639,813,635,635,,,,DELHI- RAMAVATAR Prov ,,,,,10.000,,,,,
B13,APPLE JUICE 01 LTR TETRA PACK ,juices,639,813,635,635,,,,DELHI- RAMAVATAR Prov ,,,,,5.000,10.000,,,,
B14,NESTEA LEMON ICE TEA ,juices,639,813,669,669,,,,DELHI- RAMAVATAR Prov ,,,,,1.000,2.000,,,,
B15,NESTEA ICE TEA REGULAR ,juices,639,813,669,669,,,,DELHI- RAMAVATAR Prov ,,,,,1.000,2.000,,,,
FS1,COFFEE BEANS ,packet ,639,813,669,669,,,,SELF - DSO,,,,,1.000,,,,,
FS2,TISSUE PAPER NAPKIN,Service Accessories ,639,664,669,669,,,,IRIS - HOUSEKEEPING ,,,,,3.000,,,,,
FS3,AGARBATTI,Service Accessories ,639,664,669,669,,,,SELF - DSO,,,,,2.000,,,,,
FS4,MOMBATTI/WAX CANDLES,Service Accessories ,639,664,669,669,,,,SELF - DSO,,,,,40.000,,,,,
FS5,MATCH BOX ,Service Accessories ,639,664,669,669,,,,SELF - DSO,,,,,40.000,,,,,
FS7,TISSUE PAPER BBQ /Service,Service Accessories ,639,664,669,669,,,,IRIS - HOUSEKEEPING ,,,,,50.000,,,,,
FS8,TOOTHPICKS,Service Accessories ,639,664,669,669,,,,SELF - DSO,,,,,6.000,,,,,
FS9,STRAW WOODEN,Service Accessories ,639,664,669,669,,,,SELF - DSO,,,,,100.000,,,,,
FS10,PACKING BOX ,Packing Material,639,882,669,669,,,,SELF - DSO,,,,,50.000,,,,,
FS11,CURRY BOWL,Packing Material,639,882,669,669,,,,SELF - DSO,,,,,50.000,,,,,
FS12,CHUTNEY BOWL,Packing Material,639,882,669,669,,,,SELF - DSO,,,,,50.000,,,,,
FS13,PAPER PLATE ,Packing Material,639,882,669,669,,,,SELF - DSO,,,,,50.000,,,,,
FS14,WOODEN FORK,Packing Material,639,882,669,669,,,,SELF - DSO,,,,,50.000,,,,,
FS15,WOODEN SPOON ,Packing Material,639,882,669,669,,,,SELF - DSO,,,,,50.000,,,,,
FS16,SILVER FOIL,Packing Material,639,882,669,669,,,,SELF - DSO,,,,,10.000,,,,,
SC1,ATTA,Grains,639,813,669,669,,,LOCAL - SELF,,96,,,,100.000,150.000,,,,
SC2,STAFF RICE,Grains,639,813,669,669,,,LOCAL - RASHAN,,96,,,,15.000,20.000,,,,
SC3,DAL MASOOR DAL ,PULSES,639,813,669,669,,,LOCAL - RASHAN,,96,,,,3.000,4.000,,,,
SC4,DAL SOYABEAN,PULSES,639,813,669,669,,,LOCAL - RASHAN,,96,,,,3.000,4.000,,,,
SC5,DAL MIXED DAL,PULSES,639,813,669,669,,,LOCAL - RASHAN,,96,,,,3.000,4.000,,,,
SC6,DAL LOBIYA ,PULSES,639,813,669,669,,,LOCAL - RASHAN,,96,,,,3.000,4.000,,,,
SC7,DAL DRY MATAR ,PULSES,640,813,669,669,,,LOCAL - RASHAN,,96,,,,3.000,4.000,,,,
SC8,DAL MALKA MASAR ,PULSES,640,813,669,669,,,LOCAL - RASHAN,,96,,,,3.000,4.000,,,,
SC9,HALDI,Masala,640,813,669,669,,,LOCAL - RASHAN,,96,,,,1.500,,,,,
SC10,RED CHILLY POWDER,Masala,640,813,669,669,,,LOCAL - RASHAN,,96,,,,2.000,,,,,
SC11,SALT,Masala,640,813,669,669,,,LOCAL - RASHAN,,96,,,,0.500,,,,,
SC12,JEERA,Masala,640,813,669,669,,,LOCAL - RASHAN,,96,,,,0.500,,,,,
SC13,DHANIYA POWDER,Masala,640,813,669,669,,,LOCAL - RASHAN,,96,,,,1.000,,,,,
SC14,POTATO,Vegetables,640,812,669,669,,,LOCAL -SUBZIWALA,,96,,,,60.000,,,,,
SC15,ONION,Vegetables,640,812,669,669,,,LOCAL -SUBZIWALA,,96,,,,30.000,,,,,
SC16,GREEBN CHILLY,Vegetables,640,812,669,669,,,LOCAL -SUBZIWALA,,96,,,,6.000,,,,,
SC17,GINGER,Vegetables,640,812,669,669,,,LOCAL -SUBZIWALA,,96,,,,3.000,,,,,
SC18,TOMATO,Vegetables,640,812,669,669,,,LOCAL -SUBZIWALA,,96,,,,30.000,,,,,
SC19,GAS,fuel,640,812,669,669,,,LOCAL - FUEL LPG,,710,,,,5.000,,,,,
SC20,SUGAR,Masala,640,812,669,669,,,LOCAL - RASHAN,,96,,,,30.000,,,,,
SC21,MILK,dairy ,640,812,669,669,,,LOCAL - EGG& DAIRY,,96,,,,60.000,,,,,
SC22,TEA LEAVES,bf essentials,640,812,669,669,,,LOCAL - RASHAN,,96,,,,6.000,,,,,
SC23,OIL,oil,640,812,669,669,,,LOCAL - RASHAN,,96,,,,20.000,,,,,
SC24,POHA,bf essentials,640,813,669,669,,,LOCAL - RASHAN,,96,,,,5.000,,,,,
SC25,VIM BAR,CLEANING,640,812,675,675,,,LOCAL - RASHAN,,96,,,,15.000,,,,,
SC26,VEGETABLES,Vegetables,640,812,669,669,,,LOCAL -SUBZIWALA,,821,,,,30.000,,,,,
,,,,,,,,,,,,,,,,,,,,
,,,,,,,,,,,,,,,,,,,,
,,,,,,,,,,,,,,,,,,,,
