APP1,Tables,Primices,Office ,Pcs,Pcs,,,,,,,,,,,,,2
APP2,Office cupboard,Primices,Office ,Pcs,Pcs,,,,,,,,,,,,,1
APP3,Printer,Primices,Office ,Pcs,Pcs,,,,,,,,,,,,,2
APP4,UPS,Primices,Office ,Pcs,Pcs,,,,,,,,,,,,,1
APP5,Bluethooth Speaker,Primices,Office ,Pcs,Pcs,,,,,,,,,,,,,1
APP6,Office Chairs,Primices,Office ,Pcs,Pcs,,,,,,,,,,,,,3
APP7,Projecor,Primices,Office ,Pcs,Pcs,,,,,,,,,,,,,1
APP8,Celing Fan,Primices,Office ,Pcs,Pcs,,,,,,,,,,,,,1
APP9,Comfort chairs,Primices,Reception,Pcs,Pcs,,,,,,,,,,,,,5
APP10,8 Legged Table,Primices,Reception,Pcs,Pcs,,,,,,,,,,,,,3
APP11,Long chair,Primices,Reception,Pcs,Pcs,,,,,,,,,,,,,1
APP12,Side Tables small,Primices,Reception,Pcs,Pcs,,,,,,,,,,,,,4
APP13,Small Shandelair,Primices,Reception,Pcs,Pcs,,,,,,,,,,,,,2
APP14,Tree Trunk decorations,Primices,Reception,Pcs,Pcs,,,,,,,,,,,,,5
APP15,Wooden Pot Holders,Primices,Reception,Pcs,Pcs,,,,,,,,,,,,,5
APP16,Pots,Primices,Reception,Pcs,Pcs,,,,,,,,,,,,,35
APP17,Masland,Primices,Reception,Pcs,Pcs,,,,,,,,,,,,,4
APP18,Kusons,Primices,Reception,Pcs,Pcs,,,,,,,,,,,,,8
APP19,Celing Fan,Primices,Reception,Pcs,Pcs,,,,,,,,,,,,,1
APP20,Pathways,Primices,Larltens & Others ,Pcs,Pcs,,,,,,,,,,,,,33
APP21,Gol Ghar Small,Primices,Larltens & Others ,Pcs,Laelterns,,,,,,,,,,,,,5
APP22,Gol Ghar Small,Primices,Larltens & Others ,Pcs,nos,,,,,,,,,,,,,1
APP23,Total Iron Chairs,Primices,Larltens & Others ,Pcs,nos,,,,,,,,,,,,,16
APP24,Gol Ghar Big,Primices,Larltens & Others ,Pcs,Pcs,,,,,,,,,,,,,4
APP25,Gol Ghar Big,Primices,Larltens & Others ,Pcs,Larlterns,,,,,,,,,,,,,7
APP26,Gol Ghar Big,Primices,Larltens & Others ,Pcs, Pcs,,,,,,,,,,,,,1
APP27,Cane Chairs,Primices,Larltens & Others ,Pcs,Pcs,,,,,,,,,,,,,20
APP28,Cane Chairs gaddi,Primices,Larltens & Others ,Pcs,Pcs,,,,,,,,,,,,,16
APP29,Hamocs,Primices,Larltens & Others ,Pcs,Pcs,,,,,,,,,,,,,2
APP30,Swimming Pool Filter,Primices,Larltens & Others ,Pcs,Pcs,,,,,,,,,,,,,3
APP31,Generator,Primices,Larltens & Others ,Pcs,Pcs,,,,,,,,,,,,,1
APP32,Water pump,Primices,Larltens & Others ,Pcs,Pcs,,,,,,,,,,,,,3
APP33,Water pump,Primices,Larltens & Others ,Pcs,Pcs,,,,,,,,,,,,,1
APP34,Water pump,Primices,Larltens & Others ,Pcs,Pcs,,,,,,,,,,,,,2
APP35,Tent Stairs,Primices,Larltens & Others ,Pcs,Pcs,,,,,,,,,,,,,2
APP36,Safari Gypsy Stair,Primices,Larltens & Others ,Pcs,Pcs,,,,,,,,,,,,,1
APP37,Luggage Troly,Primices,Larltens & Others ,Pcs,Pcs,,,,,,,,,,,,,1
APP38,Axe,Primices,Larltens & Others ,Pcs,Pcs,,,,,,,,,,,,,1
APP39,Gaiti,Primices,Larltens & Others ,Pcs,Pcs,,,,,,,,,,,,,2
APP40,Fawada,Primices,Larltens & Others ,Pcs,Pcs,,,,,,,,,,,,,2
APP41,Panja,Primices,Larltens & Others ,Pcs,Pcs,,,,,,,,,,,,,1
APP42,Born Fire stands and Tagadi,Primices,Larltens & Others ,Pcs,Pcs,,,,,,,,,,,,,5
APP43,Wifi Routers,Primices,Larltens & Others ,Pcs,Pcs,,,,,,,,,,,,,3
APP44,Manager Room,Primices,Larltens & Others ,Pcs,nos,,,,,,,,,,,,,1
APP45,Staff Area,Primices,Larltens & Others ,Pcs,nos,,,,,,,,,,,,,1
APP46,Celing Fans,Primices,Larltens & Others ,Pcs,nos,,,,,,,,,,,,,2
APP47,Coolers,Primices,Larltens & Others ,Pcs,nos,,,,,,,,,,,,,3
APP48,Gypsy,Primices,Larltens & Others ,Pcs,nos,,,,,,,,,,,,,2
APP49,Inverter As Back up with bateries,Primices,Larltens & Others ,Pcs,nos,,,,,,,,,,,,,1
APP50,Staff chairs,Primices,Larltens & Others ,Pcs,nos,,,,,,,,,,,,,2
APP51,Baranda Chairs,Barandas,Barandas,Pcs,nos,,,,,,,,,,,,,6
APP52,Small Table,Barandas,Barandas,Pcs,nos,,,,,,,,,,,,,2
APP53,Lalterns,Barandas,Barandas,Pcs,nos,,,,,,,,,,,,,4
APP54,Lemon grass pots,Barandas,Barandas,Pcs,nos,,,,,,,,,,,,,4
APP55,King size Bed,Bed rooms,Bed rooms,Pcs,nos,,,,,,,,,,,,,1
APP56,Twin beds,Bed rooms,Bed rooms,Pcs,nos,,,,,,,,,,,,,1
APP57,King size Matteres,Bed rooms,Bed rooms,Pcs,nos,,,,,,,,,,,,,1
APP58,Runner,Bed rooms,Bed rooms,Pcs,nos,,,,,,,,,,,,,2
APP59,Duvet with cover,Bed rooms,Bed rooms,Pcs,nos,,,,,,,,,,,,,2
APP60,Large Pillow,Bed rooms,Bed rooms,Pcs,nos,,,,,,,,,,,,,4
APP61,Small Pillow,Bed rooms,Bed rooms,Pcs,nos,,,,,,,,,,,,,4
APP62,Kushons,Bed rooms,Bed rooms,Pcs,nos,,,,,,,,,,,,,2
APP63,AC (Haire),Bed rooms,Bed rooms,Pcs,nos,,,,,,,,,,,,,2
APP64,LCD (Haire) With set box,Bed rooms,Bed rooms,Pcs,nos,,,,,,,,,,,,,2
APP65,Bed side lamp,Bed rooms,Bed rooms,Pcs,nos,,,,,,,,,,,,,4
APP66,Larterns,Bed rooms,Bed rooms,Pcs,nos,,,,,,,,,,,,,8
APP67,Side Lamp,Bed rooms,Bed rooms,Pcs,nos,,,,,,,,,,,,,4
APP68,Carpets,Bed rooms,Bed rooms,Pcs,nos,,,,,,,,,,,,,4
APP69,Mirror,Bed rooms,Bed rooms,Pcs,nos,,,,,,,,,,,,,2
APP70,Cupboard,Bed rooms,Bed rooms,Pcs,nos,,,,,,,,,,,,,1
APP71,Hangers,Bed rooms,Bed rooms,Pcs,nos,,,,,,,,,,,,,8
APP72,Rest chair,Bed rooms,Bed rooms,Pcs,nos,,,,,,,,,,,,,2
APP73,Glass Table,Bed rooms,Bed rooms,Pcs,nos,,,,,,,,,,,,,1
APP74,Round table,Bed rooms,Bed rooms,Pcs,nos,,,,,,,,,,,,,1
APP75,Small chair,Bed rooms,Bed rooms,Pcs,nos,,,,,,,,,,,,,1
APP76,Tea Kettel,Bed rooms,Bed rooms,Pcs,nos,,,,,,,,,,,,,2
APP77,Cups,Bed rooms,Bed rooms,Pcs,nos,,,,,,,,,,,,,4
APP78,Glass,Bed rooms,Bed rooms,Pcs,nos,,,,,,,,,,,,,4
APP79,Spoons,Bed rooms,Bed rooms,Pcs,nos,,,,,,,,,,,,,4
APP80,Dispencers,Wash rooms,Wash rooms,Pcs,nos,,,,,,,,,,,,,6
APP81,Soap stand,Wash rooms,Wash rooms,Pcs,nos,,,,,,,,,,,,,2
APP82,Led Mirror light,Wash rooms,Wash rooms,Pcs,nos,,,,,,,,,,,,,2
APP83,Gyesere (Bajaj Platina),Wash rooms,Wash rooms,Pcs,nos,,,,,,,,,,,,,2
APP84,Bath Mat,Wash rooms,Wash rooms,Pcs,nos,,,,,,,,,,,,,4
APP85,Shower curtern,Wash rooms,Wash rooms,Pcs,nos,,,,,,,,,,,,,2
APP86,Glass stand dispencer,Wash rooms,Wash rooms,Pcs,nos,,,,,,,,,,,,,2
APP87,Lalterns,Wash rooms,Wash rooms,Pcs,nos,,,,,,,,,,,,,2
APP88,Chuhlas,Kitchen,Kitchen,Pcs,Pcs,,,,,,,,,,,,,4
APP89,Big Kadhai,Kitchen,Kitchen,Pcs,Pcs,,,,,,,,,,,,,4
APP90,Medium Kadhai,Kitchen,Kitchen,Pcs,Pcs,,,,,,,,,,,,,4
APP91,Choti Kadhai,Kitchen,Kitchen,Pcs,Pcs,,,,,,,,,,,,,4
APP92,Taiya Kadhai,Kitchen,Kitchen,Pcs,Pcs,,,,,,,,,,,,,1
APP93,Ganja Alumunium Big,Kitchen,Kitchen,Pcs,Pcs,,,,,,,,,,,,,2
APP94,Ganja Alumunium Medium,Kitchen,Kitchen,Pcs,Pcs,,,,,,,,,,,,,3
APP95,Ganja Alumunium Small,Kitchen,Kitchen,Pcs,Pcs,,,,,,,,,,,,,3
APP96,Steel ganji Big,Kitchen,Kitchen,Pcs,Pcs,,,,,,,,,,,,,5
APP97,Steel ganji Small,Kitchen,Kitchen,Pcs,Pcs,,,,,,,,,,,,,3
APP98,Steel Bouls,Kitchen,Kitchen,Pcs,Pcs,,,,,,,,,,,,,11
APP99,Mixing Bouls,Kitchen,Kitchen,Pcs,Pcs,,,,,,,,,,,,,6
APP100,Sauce Pan,Kitchen,Kitchen,Pcs,Pcs,,,,,,,,,,,,,8
APP101,Fry Pan Chiniese,Kitchen,Kitchen,Pcs,Pcs,,,,,,,,,,,,,1
APP102,Fry pan,Kitchen,Kitchen,Pcs,Pcs,,,,,,,,,,,,,6
APP103,Rice cooker Big,Kitchen,Kitchen,Pcs,Pcs,,,,,,,,,,,,,1
APP104,Rice cooker Medium,Kitchen,Kitchen,Pcs,Pcs,,,,,,,,,,,,,2
APP105,Rice cooker Small,Kitchen,Kitchen,Pcs,Pcs,,,,,,,,,,,,,2
APP106,Steamer set,Kitchen,Kitchen,Pcs,Pcs,,,,,,,,,,,,,1
APP107,Idli Steamer,Kitchen,Kitchen,Pcs,Pcs,,,,,,,,,,,,,1
APP108,Rice Channi,Kitchen,Kitchen,Pcs,Pcs,,,,,,,,,,,,,1
APP109,Wooden Palta,Kitchen,Kitchen,Pcs,Pcs,,,,,,,,,,,,,7
APP110,Tawa,Kitchen,Kitchen,Pcs,Pcs,,,,,,,,,,,,,2
APP111,Chai Ketli,Kitchen,Kitchen,Pcs,Pcs,,,,,,,,,,,,,1
APP112,Alumunium Bouls,Kitchen,Kitchen,Pcs,Pcs,,,,,,,,,,,,,10
APP113,Parat Big,Kitchen,Kitchen,Pcs,Pcs,,,,,,,,,,,,,2
APP114,Parat Small,Kitchen,Kitchen,Pcs,Pcs,,,,,,,,,,,,,1
APP115,Steel plates Staff,Kitchen,Kitchen,Pcs,Pcs,,,,,,,,,,,,,8
APP116,Steel plates plain,Kitchen,Kitchen,Pcs,Pcs,,,,,,,,,,,,,11
APP117,Thali Plain,Kitchen,Kitchen,Pcs,Pcs,,,,,,,,,,,,,11
APP118,Steel Plates,Kitchen,Kitchen,Pcs,Pcs,,,,,,,,,,,,,15
APP119,Ganja cover Big,Kitchen,Kitchen,Pcs,Pcs,,,,,,,,,,,,,2
APP120,Ganja cover Medium,Kitchen,Kitchen,Pcs,Pcs,,,,,,,,,,,,,3
APP121,Ganja cover Small,Kitchen,Kitchen,Pcs,Pcs,,,,,,,,,,,,,5
APP122,Steel Jugs,Kitchen,Kitchen,Pcs,Pcs,,,,,,,,,,,,,3
APP123,Bitter,Kitchen,Kitchen,Pcs,Pcs,,,,,,,,,,,,,3
APP124,Pakkad,Kitchen,Kitchen,Pcs,Pcs,,,,,,,,,,,,,3
APP125,Chopping Board,Kitchen,Kitchen,Pcs,Pcs,,,,,,,,,,,,,4
APP126,Knife Big,Kitchen,Kitchen,Pcs,Pcs,,,,,,,,,,,,,2
APP127,Chappar,Kitchen,Kitchen,Pcs,Pcs,,,,,,,,,,,,,1
APP128,Knife Medium,Kitchen,Kitchen,Pcs,Pcs,,,,,,,,,,,,,4
APP129,Knife Small,Kitchen,Kitchen,Pcs,Pcs,,,,,,,,,,,,,4
APP130,Peelors,Kitchen,Kitchen,Pcs,Pcs,,,,,,,,,,,,,2
APP131,Mixer,Kitchen,Kitchen,Pcs,Pcs,,,,,,,,,,,,,2
APP132,Micro Owen,Kitchen,Kitchen,Pcs,Pcs,,,,,,,,,,,,,1
APP133,Tosters 4 Slice,Kitchen,Kitchen,Pcs,Pcs,,,,,,,,,,,,,1
APP134,Deep Fridge,Kitchen,Kitchen,Pcs,Pcs,,,,,,,,,,,,,1
APP135,Sigle door Fridge,Kitchen,Kitchen,Pcs,Pcs,,,,,,,,,,,,,1
APP136,Double Door,Kitchen,Kitchen,Pcs,Pcs,,,,,,,,,,,,,1
APP137,Steel Glass,Kitchen,Kitchen,Pcs,Pcs,,,,,,,,,,,,,11
APP138,Masala Dani,Kitchen,Kitchen,Pcs,Pcs,,,,,,,,,,,,,1
APP139,Griler,Kitchen,Kitchen,Pcs,Pcs,,,,,,,,,,,,,1
APP140,Jharya,Kitchen,Kitchen,Pcs,Pcs,,,,,,,,,,,,,4
APP141,Karchi Dabu Big,Kitchen,Kitchen,Pcs,Pcs,,,,,,,,,,,,,4
APP142,Karchi Dabu Small,Kitchen,Kitchen,Pcs,Pcs,,,,,,,,,,,,,4
APP143,Palta Steel,Kitchen,Kitchen,Pcs,Pcs,,,,,,,,,,,,,4
APP144,Tandoor,Kitchen,Kitchen,Pcs,Pcs,,,,,,,,,,,,,1
APP145,Tandoor Sariya,Kitchen,Kitchen,Pcs,Pcs,,,,,,,,,,,,,17
APP146,"Steel Veg, Carate",Kitchen,Kitchen,Pcs,Pcs,,,,,,,,,,,,,4
APP147,Iron Chimta,Kitchen,Kitchen,Pcs,Pcs,,,,,,,,,,,,,2
APP148,Steel Chimta,Kitchen,Kitchen,Pcs,Pcs,,,,,,,,,,,,,2
APP149,Barbeque with stand,Kitchen,Kitchen,Pcs,Pcs,,,,,,,,,,,,,1
APP150,Cylinders,Kitchen,Kitchen,Pcs,Pcs,,,,,,,,,,,,,4
APP151,Celing fans,Kitchen,Kitchen,Pcs,Pcs,,,,,,,,,,,,,2
APP152,Geyser,Kitchen,Kitchen,Pcs,Pcs,,,,,,,,,,,,,1
APP153,Water cooler,Kitchen,Kitchen,Pcs,Pcs,,,,,,,,,,,,,1
APP154,Water Purifier,Kitchen,Kitchen,Pcs,Pcs,,,,,,,,,,,,,1
APP155,dinner plates,F & B,F & B,Pcs,Pcs,,,,,,,,,,,,,47
APP156,Q Plate,F & B,F & B,Pcs,Pcs,,,,,,,,,,,,,74
APP157,Sausar plate,F & B,F & B,Pcs,Pcs,,,,,,,,,,,,,34
APP158,soup boul,F & B,F & B,Pcs,Pcs,,,,,,,,,,,,,52
APP159,Dal bowl,F & B,F & B,Pcs,Pcs,,,,,,,,,,,,,59
APP160,Sweet bowl,F & B,F & B,Pcs,Pcs,,,,,,,,,,,,,18
APP161,Tea cups,F & B,F & B,Pcs,Pcs,,,,,,,,,,,,,76
APP162,Figure boul,F & B,F & B,Pcs,Pcs,,,,,,,,,,,,,23
APP163,Half serving bowl,F & B,F & B,Pcs,Pcs,,,,,,,,,,,,,8
APP164,Full portion bowl,F & B,F & B,Pcs,Pcs,,,,,,,,,,,,,11
APP165,Dahi Bowl,F & B,F & B,Pcs,Pcs,,,,,,,,,,,,,4
APP166,Service Bowl,F & B,F & B,Pcs,Pcs,,,,,,,,,,,,,6
APP167,Hot casorol steel,F & B,F & B,Pcs,Pcs,,,,,,,,,,,,,4
APP168,Plastic Casorol,F & B,F & B,Pcs,Pcs,,,,,,,,,,,,,1
APP169,Cake tray,F & B,F & B,Pcs,Pcs,,,,,,,,,,,,,1
APP170,Cake Dish,F & B,F & B,Pcs,Pcs,,,,,,,,,,,,,2
APP171,Serving tray Plastic,F & B,F & B,Pcs,Pcs,,,,,,,,,,,,,2
APP172,Serving tray bamboo white,F & B,F & B,Pcs,Pcs,,,,,,,,,,,,,1
APP173,Serving tray bamboo black,F & B,F & B,Pcs,Pcs,,,,,,,,,,,,,2
APP174,Serving tray white marbles,F & B,F & B,Pcs,Pcs,,,,,,,,,,,,,15
APP175,Table Flower Stands,F & B,F & B,Pcs,Pcs,,,,,,,,,,,,,6
APP176,Beer Mug,F & B,F & B,Pcs,Pcs,,,,,,,,,,,,,12
APP177,Beer Glass,F & B,F & B,Pcs,Pcs,,,,,,,,,,,,,15
APP178,Soda water glass,F & B,F & B,Pcs,Pcs,,,,,,,,,,,,,4
APP179,Wine Glasses,F & B,F & B,Pcs,Pcs,,,,,,,,,,,,,17
APP180,Juice Glasses,F & B,F & B,Pcs,Pcs,,,,,,,,,,,,,20
APP181,Wine Glasse Blue,F & B,F & B,Pcs,Pcs,,,,,,,,,,,,,15
APP182,Water glass,F & B,F & B,Pcs,Pcs,,,,,,,,,,,,,34
APP183,Copper Jugs,F & B,F & B,Pcs,Pcs,,,,,,,,,,,,,3
APP184,kettels hot thermo stas.,F & B,F & B,Pcs,Pcs,,,,,,,,,,,,,8
APP185,Big falsks,F & B,F & B,Pcs,Pcs,,,,,,,,,,,,,4
APP186,Cello water bottels ( 2 Ltr),F & B,F & B,Pcs,Pcs,,,,,,,,,,,,,6
APP187,Water bottles 13 Pcs,F & B,F & B,Pcs,Pcs,,,,,,,,,,,,,
APP188,Folks,F & B,F & B,Pcs,Pcs,,,,,,,,,,,,,75
APP189,Sweet spoon,F & B,F & B,Pcs,Pcs,,,,,,,,,,,,,92
APP190,Soup spoons,F & B,F & B,Pcs,Pcs,,,,,,,,,,,,,42
APP191,knife,F & B,F & B,Pcs,Pcs,,,,,,,,,,,,,52
APP192,Service spoons,F & B,F & B,Pcs,Pcs,,,,,,,,,,,,,24
APP193,Rice services spoon,F & B,F & B,Pcs,Pcs,,,,,,,,,,,,,2
APP194,Soup bBuffet spoon,F & B,F & B,Pcs,Pcs,,,,,,,,,,,,,11
APP195,Spoons,F & B,F & B,Pcs,Pcs,,,,,,,,,,,,,41
APP196,Ice box wooden,F & B,F & B,Pcs,Pcs,,,,,,,,,,,,,2
APP197,Ice box milton,F & B,F & B,Pcs,Pcs,,,,,,,,,,,,,2
APP198,Rice serving Bowl,F & B,F & B,Pcs,Pcs,,,,,,,,,,,,,2
APP199,Sugar pots,F & B,F & B,Pcs,Pcs,,,,,,,,,,,,,6
APP200,Fresh lime bottels,F & B,F & B,Pcs,Pcs,,,,,,,,,,,,,12
APP201,Bufffet service spoons,F & B,F & B,Pcs,Pcs,,,,,,,,,,,,,8
APP202,Soda lime bottels,F & B,F & B,Pcs,Pcs,,,,,,,,,,,,,12
APP203,Juice Pot,F & B,F & B,Pcs,Pcs,,,,,,,,,,,,,6
APP204,Trick Jali,F & B,F & B,Pcs,Pcs,,,,,,,,,,,,,1
APP205,Napkin kin Holders,F & B,F & B,Pcs,Pcs,,,,,,,,,,,,,6
APP206,Electric kettel,F & B,F & B,Pcs,Pcs,,,,,,,,,,,,,1
APP207,Saffron dishes Big,F & B,F & B,Pcs,Pcs,,,,,,,,,,,,,3
APP208,Saffron dishes small,F & B,F & B,Pcs,Pcs,,,,,,,,,,,,,6
APP209,Ceremicc baking dish,F & B,F & B,Pcs,Pcs,,,,,,,,,,,,,6
APP210,Glass baking dish,F & B,F & B,Pcs,Pcs,,,,,,,,,,,,,3
APP211,Ceremicc baking dish round,F & B,F & B,Pcs,Pcs,,,,,,,,,,,,,2
APP212,Steel tone,F & B,F & B,Pcs,Pcs,,,,,,,,,,,,,8
APP213,Tea countainar 4 ltr,F & B,F & B,Pcs,Pcs,,,,,,,,,,,,,1
APP214,Steel Cups,F & B,F & B,Pcs,Pcs,,,,,,,,,,,,,24
APP215,Plastic orange mugs,F & B,F & B,Pcs,Pcs,,,,,,,,,,,,,6
APP216,Ceremic coffee mug perpul,F & B,F & B,Pcs,Pcs,,,,,,,,,,,,,4
APP217,Steel Platers snacks,F & B,F & B,Pcs,Pcs,,,,,,,,,,,,,3
APP218,Cerimic brown Bowl big.,F & B,F & B,Pcs,Pcs,,,,,,,,,,,,,2
APP219,Cerimic brown Bowl small,F & B,F & B,Pcs,Pcs,,,,,,,,,,,,,2
APP220,Ceremic Tea Pots,F & B,F & B,Pcs,Pcs,,,,,,,,,,,,,2
APP221,chairs,F & B,F & B,Pcs,Pcs,,,,,,,,,,,,,14
APP222,Dining tables,F & B,F & B,Pcs,Pcs,,,,,,,,,,,,,6
APP223,Round Marble,F & B,F & B,Pcs,Pcs,,,,,,,,,,,,,6
APP224,Book Cupbord,F & B,F & B,Pcs,Pcs,,,,,,,,,,,,,1
APP225,Dining Bench,F & B,F & B,Pcs,Pcs,,,,,,,,,,,,,4
APP226,Coke Fridge,F & B,F & B,Pcs,Pcs,,,,,,,,,,,,,1
APP227,CoolER BIG,F & B,F & B,Pcs,Pcs,,,,,,,,,,,,,1
APP228,Fans,F & B,F & B,Pcs,Pcs,,,,,,,,,,,,,5
APP229,safari ice box,F & B,F & B,Pcs,Pcs,,,,,,,,,,,,,3
APP230,safari bottle,F & B,F & B,Pcs,Pcs,,,,,,,,,,,,,44
APP231,dining lalten,F & B,F & B,Pcs,Pcs,,,,,,,,,,,,,20
APP232,Safari tiffins,F & B,F & B,Pcs,Pcs,,,,,,,,,,,,,4
APP233,Larg pillow,House Keeping,House Keeping,Pcs,Pcs,,,,,,,,,,,,,30
APP234,Small pillow,House Keeping,House Keeping,Pcs,Pcs,,,,,,,,,,,,,23
APP235,bath towle sold +New,House Keeping,House Keeping,Pcs,Pcs,,,,,,,,,,,,,67
APP236,hand towel,House Keeping,House Keeping,Pcs,Pcs,,,,,,,,,,,,,36
APP237,Fresh towels,House Keeping,House Keeping,Pcs,Pcs,,,,,,,,,,,,,65
APP238,Table Runner,House Keeping,House Keeping,Pcs,Pcs,,,,,,,,,,,,,63
APP239,Cloth Napkin,House Keeping,House Keeping,Pcs,Pcs,,,,,,,,,,,,,151
APP240,Table cloth,House Keeping,House Keeping,Pcs,Pcs,,,,,,,,,,,,,19
APP241,Duet covers,House Keeping,House Keeping,Pcs,Pcs,,,,,,,,,,,,,36
APP242,Single Duvet cover,House Keeping,House Keeping,Pcs,Pcs,,,,,,,,,,,,,26
APP243,Double Bed sheets,House Keeping,House Keeping,Pcs,Pcs,,,,,,,,,,,,,35
APP244,safari Kamble,House Keeping,House Keeping,Pcs,Pcs,,,,,,,,,,,,,20
APP245,Double Duvet,House Keeping,House Keeping,Pcs,Pcs,,,,,,,,,,,,,12
APP246,Single Duvet,House Keeping,House Keeping,Pcs,Pcs,,,,,,,,,,,,,12
APP247,Hot water bottels,House Keeping,House Keeping,Pcs,Pcs,,,,,,,,,,,,,15
APP248,Kusun covers,House Keeping,House Keeping,Pcs,Pcs,,,,,,,,,,,,,126
APP249,pillow cover,House Keeping,House Keeping,Pcs,Pcs,,,,,,,,,,,,,174
APP250,curterns,House Keeping,House Keeping,Pcs,Pcs,,,,,,,,,,,,,48
APP251,Yoga Mat,House Keeping,House Keeping,Pcs,Pcs,,,,,,,,,,,,,6
APP252,Double bed Covers,House Keeping,House Keeping,Pcs,Pcs,,,,,,,,,,,,,8
APP253,Single bed Covers,House Keeping,House Keeping,Pcs,Pcs,,,,,,,,,,,,,12
APP254,Room blowres (Usha),House Keeping,House Keeping,Pcs,Pcs,,,,,,,,,,,,,11
APP255,Room blowers (Orient),House Keeping,House Keeping,Pcs,Pcs,,,,,,,,,,,,,4
APP256,Hair driers,House Keeping,House Keeping,Pcs,Pcs,,,,,,,,,,,,,3
APP257,hot kettels,House Keeping,House Keeping,Pcs,Pcs,,,,,,,,,,,,,13
APP258,Iron,House Keeping,House Keeping,Pcs,Pcs,,,,,,,,,,,,,1
APP259,Study Lamps,House Keeping,House Keeping,Pcs,Pcs,,,,,,,,,,,,,2
APP260,Umberellla,House Keeping,House Keeping,Pcs,Pcs,,,,,,,,,,,,,4
APP261,Extra beds,House Keeping,House Keeping,Pcs,Pcs,,,,,,,,,,,,,7
APP262,Extra Matters,House Keeping,House Keeping,Pcs,Pcs,,,,,,,,,,,,,2
APP263,Safari mugs,House Keeping,House Keeping,Pcs,Pcs,,,,,,,,,,,,,12
,,,,,,,,,,,,,,,,,,
