DIN1,GREEN SALAD,835,842,839,839,75,10,2.5,CGST@2.5%,2.5,,,,0,0,0,,0,0,0,0,,MENU,,,1
DIN2,PAPAD PLAIN,835,842,676,676,75,10,2.5,CGST@2.5%,2.5,,,,0,0,0,,0,0,0,0,,MENU,,,1
DIN3,PENUT ROASTED,835,842,840,840,75,10,2.5,CGST@2.5%,2.5,,,,0,0,0,,0,0,0,0,,MENU,,,1
DIN4,PAPAD MASALA,835,842,676,676,125,10,2.5,CGST@2.5%,2.5,,,,0,0,0,,0,0,0,0,,MENU,,,1
DIN5,SPICY POTATO WEDGE,835,842,841,841,125,10,2.5,CGST@2.5%,2.5,,,,0,0,0,,0,0,0,0,,MENU,,,1
DIN6,MEGGI MASALA,835,842,841,841,125,10,2.5,CGST@2.5%,2.5,,,,0,0,0,,0,0,0,0,,MENU,,,1
DIN7,VEG SANDWICH,835,842,676,676,125,10,2.5,CGST@2.5%,2.5,,,,0,0,0,,0,0,0,0,,MENU,,,1
DIN8,VEG PAKORA,835,842,841,841,150,10,2.5,CGST@2.5%,2.5,,,,0,0,0,,0,0,0,0,,MENU,,,1
DIN9,VEG GOLI KABAB,835,842,841,841,175,10,2.5,CGST@2.5%,2.5,,,,0,0,0,,0,0,0,0,,MENU,,,1
DIN10,ADARKI TIKKI,835,842,676,676,175,10,2.5,CGST@2.5%,2.5,,,,0,0,0,,0,0,0,0,,MENU,,,1
DIN11,FRENCY FRIES,835,842,841,841,175,10,2.5,CGST@2.5%,2.5,,,,0,0,0,,0,0,0,0,,MENU,,,1
DIN12,MASALA CORN,835,842,841,841,175,10,2.5,CGST@2.5%,2.5,,,,0,0,0,,0,0,0,0,,MENU,,,1
DIN13,CRISPY CORN,835,842,841,841,175,10,2.5,CGST@2.5%,2.5,,,,0,0,0,,0,0,0,0,,MENU,,,1
DIN14,SPRING ROLL,835,842,676,676,200,10,2.5,CGST@2.5%,2.5,,,,0,0,0,,0,0,0,0,,MENU,,,1
DIN15,CHILI CHEESE TOST,835,842,676,676,200,10,2.5,CGST@2.5%,2.5,,,,0,0,0,,0,0,0,0,,MENU,,,1
DIN16,PANEER PAKORA,835,842,841,841,225,10,2.5,CGST@2.5%,2.5,,,,0,0,0,,0,0,0,0,,MENU,,,1
DIN17,STUFF MASHROOM,835,842,841,841,225,10,2.5,CGST@2.5%,2.5,,,,0,0,0,,0,0,0,0,,MENU,,,1
DIN18,PANEER TIKKA,835,842,841,841,275,10,2.5,CGST@2.5%,2.5,,,,0,0,0,,0,0,0,0,,MENU,,,1
DIN19,CHILLI PANEER,835,842,841,841,275,10,2.5,CGST@2.5%,2.5,,,,0,0,0,,0,0,0,0,,MENU,,,1
DIN20,CHEESE PAKORA,835,842,841,841,275,10,2.5,CGST@2.5%,2.5,,,,0,0,0,,0,0,0,0,,MENU,,,1
DIN21,BOILED EGG,835,842,676,676,175,10,2.5,CGST@2.5%,2.5,,,,0,0,0,,0,0,0,0,,MENU,,,1
DIN22,FREID EGG,835,842,676,676,175,10,2.5,CGST@2.5%,2.5,,,,0,0,0,,0,0,0,0,,MENU,,,1
DIN23,EGG BHURJI,835,842,841,841,225,10,2.5,CGST@2.5%,2.5,,,,0,0,0,,0,0,0,0,,MENU,,,1
DIN24,FISH FINGER,835,842,841,841,300,10,2.5,CGST@2.5%,2.5,,,,0,0,0,,0,0,0,0,,MENU,,,1
DIN25,AJWAINI FISH,835,842,841,841,300,10,2.5,CGST@2.5%,2.5,,,,0,0,0,,0,0,0,0,,MENU,,,1
DIN26,FRIED FISH,835,842,841,841,300,10,2.5,CGST@2.5%,2.5,,,,0,0,0,,0,0,0,0,,MENU,,,1
DIN27,PATRAALI FISH,835,842,841,841,325,10,2.5,CGST@2.5%,2.5,,,,0,0,0,,0,0,0,0,,MENU,,,1
DIN28,",MUSTARD FISH",835,842,841,841,325,10,2.5,CGST@2.5%,2.5,,,,0,0,0,,0,0,0,0,,MENU,,,1
DIN29,BHUNA MUTTON,835,842,841,841,525,10,2.5,CGST@2.5%,2.5,,,,0,0,0,,0,0,0,0,,MENU,,,1
DIN30,MUTTON KABAB,835,842,841,841,525,10,3.5,CGST@2.5%,2.5,,,,0,0,0,,0,0,0,0,,MENU,,,2
DIN31,CHICKEN SANDWICH,835,842,676,676,275,10,4.5,CGST@2.5%,2.5,,,,0,0,0,,0,0,0,0,,MENU,,,3
DIN32,DHANUYA MURG,835,842,841,841,450,10,5.5,CGST@2.5%,2.5,,,,0,0,0,,0,0,0,0,,MENU,,,4
DIN33,GARKIC CHICKEN,835,842,841,841,400,10,6.5,CGST@2.5%,2.5,,,,0,0,0,,0,0,0,0,,MENU,,,5
DIN34,BHUNA MURG,835,842,841,841,400,10,7.5,CGST@2.5%,2.5,,,,0,0,0,,0,0,0,0,,MENU,,,6
DIN35,FIRED CHICKEN,835,842,841,841,400,10,8.5,CGST@2.5%,2.5,,,,0,0,0,,0,0,0,0,,MENU,,,7
DIN36,CHICKEN 65,835,842,841,841,400,10,9.5,CGST@2.5%,2.5,,,,0,0,0,,0,0,0,0,,MENU,,,8
DIN37,CHILLI CHICKEN,835,842,841,841,375,10,10.5,CGST@2.5%,2.5,,,,0,0,0,,0,0,0,0,,MENU,,,9
DIN38,CHICKEN TIKKA,835,842,841,841,400,10,11.5,CGST@2.5%,2.5,,,,0,0,0,,0,0,0,0,,MENU,,,10
DIN39,CHICKEN MALAI TIKKA,835,842,841,841,400,10,12.5,CGST@2.5%,2.5,,,,0,0,0,,0,0,0,0,,MENU,,,11
DIN40,TANDOORI MURG HALF,835,842,841,841,400,10,13.5,CGST@2.5%,2.5,,,,0,0,0,,0,0,0,0,,MENU,,,12
DIN41,TANDOOR MURG FULL,835,842,841,841,525,10,14.5,CGST@2.5%,2.5,,,,0,0,0,,0,0,0,0,,MENU,,,13
DIN42,Buffet Fixed Menu,836,843,841,841,650,10,15.5,CGST@2.5%,2.5,,,,0,0,0,,0,0,0,0,,MENU,,,14
DIN43,Buffet Fixed Menu,837,845,841,841,400,10,16.5,CGST@2.5%,2.5,,,,0,0,0,,0,0,0,0,,MENU,,,15
DIN44,Cold drinks [ 750 ml ],838,844,628,628,100,10,17.5,CGST@2.5%,2.5,,,,0,0,0,,0,0,0,0,,MENU,,,16
DIN45,SODA,838,844,628,628,100,10,18.5,CGST@2.5%,2.5,,,,0,0,0,,0,0,0,0,,MENU,,,17
DIN46,DIET COKE,838,844,628,628,100,10,19.5,CGST@2.5%,2.5,,,,0,0,0,,0,0,0,0,,MENU,,,18
DIN47,RED BULL & ENGRY DRINKS,838,844,628,628,200,10,20.5,CGST@2.5%,2.5,,,,0,0,0,,0,0,0,0,,MENU,,,19
DIN48,TONIC WATER,838,844,628,628,200,10,21.5,CGST@2.5%,2.5,,,,0,0,0,,0,0,0,0,,MENU,,,20
DIN49,JUICE PER GLASS,838,844,630,630,100,10,22.5,CGST@2.5%,2.5,,,,0,0,0,,0,0,0,0,,MENU,,,21
DIN50,MIERAL WATER,838,844,628,628,50,10,23.5,CGST@2.5%,2.5,,,,0,0,0,,0,0,0,0,,MENU,,,22
DIN51,Coffee,838,844,629,629,100,10,24.5,CGST@2.5%,2.5,,,,0,0,0,,0,0,0,0,,MENU,,,23
DIN52,TEA,838,844,629,629,75,10,25.5,CGST@2.5%,2.5,,,,0,0,0,,0,0,0,0,,MENU,,,24
