S,SOUP,776,790,629,629,200,10,2.5,CGST@2.5%,2.5,,,,0,0,0,,0,0,0,0,,MENU,,,1
PP,PAKORA PLATTER ,776,790,819,819,250,10,2.5,CGST@2.5%,2.5,,,,0,0,0,,0,0,0,0,,MENU,,,1
SP,SAMOSA PLATTER,776,790,819,819,300,10,2.5,CGST@2.5%,2.5,,,,0,0,0,,0,0,0,0,,MENU,,,1
FF,FRENCH FRIES,776,790,819,819,150,10,2.5,CGST@2.5%,2.5,,,,0,0,0,,0,0,0,0,,MENU,,,1
K,KHICHDI,776,790,819,819,200,10,2.5,CGST@2.5%,2.5,,,,0,0,0,,0,0,0,0,,MENU,,,1
GS,GRILLED SANDWICH ( N/V),776,790,672,672,360,10,2.5,CGST@2.5%,2.5,,,,0,0,0,,0,0,0,0,,MENU,,,1
CS,CHEESE SANDWICH ,776,790,672,672,250,10,2.5,CGST@2.5%,2.5,,,,0,0,0,,0,0,0,0,,MENU,,,1
TCS,TOMATO- CUCUMBER SANDWICH ,776,790,672,672,300,10,2.5,CGST@2.5%,2.5,,,,0,0,0,,0,0,0,0,,MENU,,,1
SP,STUFFED PARANTHA,776,790,672,672,110,10,2.5,CGST@2.5%,2.5,,,,0,0,0,,0,0,0,0,,MENU,,,1
M,MAGGIE ,776,790,818,818,275,10,2.5,CGST@2.5%,2.5,,,,0,0,0,,0,0,0,0,,MENU,,,1
PRW,PASTA RED / WHITE ,776,790,819,819,399,10,2.5,CGST@2.5%,2.5,,,,0,0,0,,0,0,0,0,,MENU,,,1
DT,DAAL TADKA ,776,971,818,818,360,10,2.5,CGST@2.5%,2.5,,,,0,0,0,,0,0,0,0,,MENU,,,1
SP1,SUBZI PANCHRANGA,776,971,818,818,350,10,2.5,CGST@2.5%,2.5,,,,0,0,0,,0,0,0,0,,MENU,,,1
JA,JEERA ALOO,776,971,819,819,275,10,2.5,CGST@2.5%,2.5,,,,0,0,0,,0,0,0,0,,MENU,,,1
CC,CHICKEN CURRY,776,971,819,819,550,10,2.5,CGST@2.5%,2.5,,,,0,0,0,,0,0,0,0,,MENU,,,1
FF1,FRIED FISH ,776,971,819,819,450,10,2.5,CGST@2.5%,2.5,,,,0,0,0,,0,0,0,0,,MENU,,,1
LM,LAL MAAS,776,971,819,819,650,10,2.5,CGST@2.5%,2.5,,,,0,0,0,,0,0,0,0,,MENU,,,1
B,BIRYANI ( V/NV),776,971,819,819,400,10,2.5,CGST@2.5%,2.5,,,,0,0,0,,0,0,0,0,,MENU,,,1
SR,STEAMED RICE,776,971,819,819,220,10,2.5,CGST@2.5%,2.5,,,,0,0,0,,0,0,0,0,,MENU,,,1
R,RAITA,776,971,818,818,240,10,2.5,CGST@2.5%,2.5,,,,0,0,0,,0,0,0,0,,MENU,,,1
GJ,GULAB JAMUN ,776,792,676,676,275,10,2.5,CGST@2.5%,2.5,,,,0,0,0,,0,0,0,0,,MENU,,,1
SH,SEASONAL HALWA,776,792,818,818,300,10,2.5,CGST@2.5%,2.5,,,,0,0,0,,0,0,0,0,,MENU,,,1
KL,KINGFISHER LAGER ( ULTRA) 650 ML ,779,793,672,672,400,48,,,,VAT@20%,SURCHG@20%,,0,0,0,,0,0,0,0,,MENU,,,2
KL1,KINGFISHER LAGER  650 ML ,779,793,672,672,332,48,,,,VAT@20%,SURCHG@20%,,0,0,0,,0,0,0,0,,MENU,,,2
TB,TURBORG BEER  330 ML ,779,793,672,672,165,48,,,,VAT@20%,SURCHG@20%,,0,0,0,,0,0,0,0,,MENU,,,2
CB,CARLSBERG BEER  330 ML ,779,793,672,672,210,48,,,,VAT@20%,SURCHG@20%,,0,0,0,,0,0,0,0,,MENU,,,2
G,GALLIANO 60 ML ,779,794,672,672,360,48,,,,VAT@20%,SURCHG@20%,,0,0,0,,0,0,0,0,,MENU,,,2
SML,SAMBUCA MOLINARI LIQUOR 60 ML ,779,794,672,672,400,48,,,,VAT@20%,SURCHG@20%,,0,0,0,,0,0,0,0,,MENU,,,2
BBL,BOLS BLUE LIQUOR 60 ML ,779,794,672,672,400,48,,,,VAT@20%,SURCHG@20%,,0,0,0,,0,0,0,0,,MENU,,,2
BL,BAILEYS LIQUOR 60 ML ,779,794,672,672,450,48,,,,VAT@20%,SURCHG@20%,,0,0,0,,0,0,0,0,,MENU,,,2
K1,KAHLUA 60 ML ,779,794,672,672,450,48,,,,VAT@20%,SURCHG@20%,,0,0,0,,0,0,0,0,,MENU,,,2
RRHL,ROYAL ROSE HERITAGE LIQUORS 60 ML ,779,795,672,672,300,48,,,,VAT@20%,SURCHG@20%,,0,0,0,,0,0,0,0,,MENU,,,2
B1,BAILEYS 60 ML ,779,795,672,672,450,48,,,,VAT@20%,SURCHG@20%,,0,0,0,,0,0,0,0,,MENU,,,2
T,TEQVILA 60 ML ,779,795,672,672,450,48,,,,VAT@20%,SURCHG@20%,,0,0,0,,0,0,0,0,,MENU,,,2
C,CAMPHARI 60 ML ,779,795,672,672,400,48,,,,VAT@20%,SURCHG@20%,,0,0,0,,0,0,0,0,,MENU,,,2
M,MARTINI 60 ML ,779,795,672,672,350,48,,,,VAT@20%,SURCHG@20%,,0,0,0,,0,0,0,0,,MENU,,,2
HBC,HARVEYS BREISTOL CREMI 60 ML ,779,796,672,672,400,48,,,,VAT@20%,SURCHG@20%,,0,0,0,,0,0,0,0,,MENU,,,2
JC,JACOBS CREEK SHIRAZ CABERNET 750 ML,780,797,672,672,2400,48,,,,VAT@20%,SURCHG@20%,,0,0,0,,0,0,0,0,,MENU,,,2
JV,JACOBS VREEK SHIRAZ CABERNET GLASS OF 150 ML ,780,797,672,672,650,48,,,,VAT@20%,SURCHG@20%,,0,0,0,,0,0,0,0,,MENU,,,2
SCS,SULA CABERNET SHIRAZ 750 ML ( BOTTLE ) ,780,798,672,672,2400,48,,,,VAT@20%,SURCHG@20%,,0,0,0,,0,0,0,0,,MENU,,,2
SCS1,SULA CABERNET SHIRAZ 150 ML ( GLASS  ) ,780,798,672,672,650,48,,,,VAT@20%,SURCHG@20%,,0,0,0,,0,0,0,0,,MENU,,,2
CP1,CHATEAUNEUF-PEPE ( EGUIGAL)750 ML ,780,799,672,672,7500,48,,,,VAT@20%,SURCHG@20%,,0,0,0,,0,0,0,0,,MENU,,,2
JC7,JACOBSCREEK - CHARDONNEY 750 ML ,781,800,672,672,2400,48,,,,VAT@20%,SURCHG@20%,,0,0,0,,0,0,0,0,,MENU,,,2
JCG,JACOBSCREEK- CHARDONNEY- GLASS OF 150 ML ,781,800,672,672,650,48,,,,VAT@20%,SURCHG@20%,,0,0,0,,0,0,0,0,,MENU,,,2
SSBB,SULA SAUVIGNON BLANC BOTTLE OF 750 ML ,781,798,672,672,2230,48,,,,VAT@20%,SURCHG@20%,,0,0,0,,0,0,0,0,,MENU,,,2
SSBG,SULA SAUVIGNON BLANC GLASS OF 150 ML,781,798,672,672,650,48,,,,VAT@20%,SURCHG@20%,,0,0,0,,0,0,0,0,,MENU,,,2
SBSW,SULA BRUT SPARKLING WINE ( INDIAN ) 750 ML ,781,801,672,672,2400,48,,,,VAT@20%,SURCHG@20%,,0,0,0,,0,0,0,0,,MENU,,,2
AB,ANTIOUINTY BLUE 60 ML ,782,802,672,672,420,48,,,,VAT@20%,SURCHG@20%,,0,0,0,,0,0,0,0,,MENU,,,2
AS,ABLENDER SPRIDE 60ML ,782,802,672,672,420,48,,,,VAT@20%,SURCHG@20%,,0,0,0,,0,0,0,0,,MENU,,,2
SW,SIGNATURE WHISKY 60 ML ,782,802,672,672,420,48,,,,VAT@20%,SURCHG@20%,,0,0,0,,0,0,0,0,,MENU,,,2
BPW,BEG - PIPPER WHISKY 60 ML ,782,802,672,672,324,48,,,,VAT@20%,SURCHG@20%,,0,0,0,,0,0,0,0,,MENU,,,2
RC,ROYAL CHALLANGE 60 ML ,782,802,672,672,360,48,,,,VAT@20%,SURCHG@20%,,0,0,0,,0,0,0,0,,MENU,,,2
JR1,JALB RARE- 60 ML ,782,803,672,672,480,48,,,,VAT@20%,SURCHG@20%,,0,0,0,,0,0,0,0,,MENU,,,2
JI,JAMESON IRIES - 60 ML,782,803,672,672,480,48,,,,VAT@20%,SURCHG@20%,,0,0,0,,0,0,0,0,,MENU,,,2
JWB,J W BLACK LABEL 60 ML ,782,803,672,672,550,48,,,,VAT@20%,SURCHG@20%,,0,0,0,,0,0,0,0,,MENU,,,2
JWD,J W DOBLE BLEACK LABEL 60 ML,782,803,672,672,660,48,,,,VAT@20%,SURCHG@20%,,0,0,0,,0,0,0,0,,MENU,,,2
JWRL,J WALKER RED LABEL 60 ML ,782,803,672,672,480,48,,,,VAT@20%,SURCHG@20%,,0,0,0,,0,0,0,0,,MENU,,,2
CR1,CHIVAS REGAL 60 ML,782,803,672,672,660,48,,,,VAT@20%,SURCHG@20%,,0,0,0,,0,0,0,0,,MENU,,,2
T2,"TEACHER, 50 SCOTCH  60 ml ",782,803,672,672,600,48,,,,VAT@20%,SURCHG@20%,,0,0,0,,0,0,0,0,,MENU,,,2
B3,BALLANTINE 60 ML ,782,803,672,672,480,48,,,,VAT@20%,SURCHG@20%,,0,0,0,,0,0,0,0,,MENU,,,2
T3,TAFISKER 60 ML ,782,804,672,672,660,48,,,,VAT@20%,SURCHG@20%,,0,0,0,,0,0,0,0,,MENU,,,2
L2,LAGAVULLIN 60 ML ,782,804,672,672,1050,48,,,,VAT@20%,SURCHG@20%,,0,0,0,,0,0,0,0,,MENU,,,2
GM,GLENLIVET MALT 60 ML,782,804,672,672,660,48,,,,VAT@20%,SURCHG@20%,,0,0,0,,0,0,0,0,,MENU,,,2
GF,GLEN FIDDCH 60 ML ,782,804,672,672,660,48,,,,VAT@20%,SURCHG@20%,,0,0,0,,0,0,0,0,,MENU,,,2
JD,JACK DANIELS 60 ML ,782,805,672,672,480,48,,,,VAT@20%,SURCHG@20%,,0,0,0,,0,0,0,0,,MENU,,,2
MV,MARTELL VSOP 60 ML ,783,806,672,672,600,48,,,,VAT@20%,SURCHG@20%,,0,0,0,,0,0,0,0,,MENU,,,1
RM,REMY MARTIN  XO 60 ML ,783,806,672,672,1750,48,,,,VAT@20%,SURCHG@20%,,0,0,0,,0,0,0,0,,MENU,,,1
BS,BOMBAY SAPHIRE 60 ML ,786,807,672,672,400,48,,,,VAT@20%,SURCHG@20%,,0,0,0,,0,0,0,0,,MENU,,,2
BRG,BLUE RIBBON GIN 60 ML ,786,807,672,672,360,48,,,,VAT@20%,SURCHG@20%,,0,0,0,,0,0,0,0,,MENU,,,2
GDG,GORDON DRY GIN 60 ML ,786,807,672,672,360,48,,,,VAT@20%,SURCHG@20%,,0,0,0,,0,0,0,0,,MENU,,,2
GG,GREYGOOSE 60 ML ,785,808,672,672,550,48,,,,VAT@20%,SURCHG@20%,,0,0,0,,0,0,0,0,,MENU,,,2
AB,ABSOULT BLUE 60 ML ,785,808,672,672,400,48,,,,VAT@20%,SURCHG@20%,,0,0,0,,0,0,0,0,,MENU,,,2
S2,SMIRNOFF ( ORANGE) 60 ML ,785,808,672,672,300,48,,,,VAT@20%,SURCHG@20%,,0,0,0,,0,0,0,0,,MENU,,,2
R4,RUM ( MC DOWELLS) 60 ML ,787,809,672,672,360,48,,,,VAT@20%,SURCHG@20%,,0,0,0,,0,0,0,0,,MENU,,,2
WR,WHITE RUM ( BACARDI) 60 ML ,787,809,672,672,400,48,,,,VAT@20%,SURCHG@20%,,0,0,0,,0,0,0,0,,MENU,,,2
BRG,BLACK ROM ( BACARDI) 60 ML ,787,809,672,672,500,48,,,,VAT@20%,SURCHG@20%,,0,0,0,,0,0,0,0,,MENU,,,2
OM,OLD MONK 60 ML ,787,809,672,672,400,48,,,,VAT@20%,SURCHG@20%,,0,0,0,,0,0,0,0,,MENU,,,2
HL,HOT LEMON ( BOILED MINERALWATER WITH FRESH LEMON),777,810,672,672,60,10,2.5,CGST@2.5%,2.5,,,,0,0,0,,0,0,0,0,,MENU,,,1
HG,HOT GINGER ( BOILED MINERAL WATER DASH OG FRESH GINGER JUICE ,777,810,672,672,80,10,2.5,CGST@2.5%,2.5,,,,0,0,0,,0,0,0,0,,MENU,,,1
LGWH,LEMON GINGER WITH HONEY ( BOILED GINGER EXTRACT WITH DASH OF LEMON AND HONEY ,777,810,672,672,110,10,2.5,CGST@2.5%,2.5,,,,0,0,0,,0,0,0,0,,MENU,,,1
LL,LANA LEMONADE ( HOT LEMON WITH MINT FLAVOR ),777,810,672,672,80,10,2.5,CGST@2.5%,2.5,,,,0,0,0,,0,0,0,0,,MENU,,,1
HC,HOT CHOCOLATE ,777,810,672,672,130,10,2.5,CGST@2.5%,2.5,,,,0,0,0,,0,0,0,0,,MENU,,,1
BNV,BOURNVITA ,777,810,672,672,130,10,2.5,CGST@2.5%,2.5,,,,0,0,0,,0,0,0,0,,MENU,,,1
CC4,COLD COFFEE ,777,811,672,672,140,10,2.5,CGST@2.5%,2.5,,,,0,0,0,,0,0,0,0,,MENU,,,1
L6,LASSI ( A THICK SHAKS OF YOGHURT IN TRADITIONAL INDIAN STYLE),777,811,672,672,130,10,2.5,CGST@2.5%,2.5,,,,0,0,0,,0,0,0,0,,MENU,,,1
FL1,"FRUIT LASSI ( LASSI WITH CHOICE OF FRUITS LIKE APPLE, BANANA. PINEAPPLE , MANGO ) ",777,811,672,672,170,10,2.5,CGST@2.5%,2.5,,,,0,0,0,,0,0,0,0,,MENU,,,1
VSS,VANILLA SHAKS ,777,811,672,672,140,10,2.5,CGST@2.5%,2.5,,,,0,0,0,,0,0,0,0,,MENU,,,1
FH,FRUIT SHAKS ,777,811,672,672,140,10,2.5,CGST@2.5%,2.5,,,,0,0,0,,0,0,0,0,,MENU,,,1
IT,ICE TEA ,777,811,672,672,140,10,2.5,CGST@2.5%,2.5,,,,0,0,0,,0,0,0,0,,MENU,,,1
LIT,LEMON ICE TEA ,777,811,672,672,140,10,2.5,CGST@2.5%,2.5,,,,0,0,0,,0,0,0,0,,MENU,,,1
MWS,MINERAL WATER ,777,812,672,672,70,10,2.5,CGST@2.5%,2.5,,,,0,0,0,,0,0,0,0,,MENU,,,1
FLW1,FRESH LIME WATER ,777,812,672,672,50,10,2.5,CGST@2.5%,2.5,,,,0,0,0,,0,0,0,0,,MENU,,,1
FLS1,FRESH LIME SODA ,777,812,672,672,70,10,2.5,CGST@2.5%,2.5,,,,0,0,0,,0,0,0,0,,MENU,,,1
PS1,PLAIN SODA ,777,812,672,672,70,10,2.5,CGST@2.5%,2.5,,,,0,0,0,,0,0,0,0,,MENU,,,1
SDSS,"SOFT DRINKS ( COCACOLA , LIMCA, SPRITE)",777,812,672,672,70,10,2.5,CGST@2.5%,2.5,,,,0,0,0,,0,0,0,0,,MENU,,,1
TWW,TONIC WATER ,777,812,672,672,110,10,2.5,CGST@2.5%,2.5,,,,0,0,0,,0,0,0,0,,MENU,,,1
FJJ,FRESH JUICE ( SEASONAL ) ,777,812,672,672,110,10,2.5,CGST@2.5%,2.5,,,,0,0,0,,0,0,0,0,,MENU,,,1
DCC,DIET COKE ,777,812,672,672,110,10,2.5,CGST@2.5%,2.5,,,,0,0,0,,0,0,0,0,,MENU,,,1
GAWW,GINGER ALE WATER ,777,812,672,672,110,10,2.5,CGST@2.5%,2.5,,,,0,0,0,,0,0,0,0,,MENU,,,1
GGG,GINGER ( TRADITIONAL INDIAN TEA WITH GINGER FLAVOR),778,813,672,672,100,10,2.5,CGST@2.5%,2.5,,,,0,0,0,,0,0,0,0,,MENU,,,1
C2,CARDAMOM ( TRADITIONAL INDIAN TEA WITH  CARDAMOM FLAVOR ),778,813,672,672,100,10,2.5,CGST@2.5%,2.5,,,,0,0,0,,0,0,0,0,,MENU,,,1
M2,MASALA ( TRADITIONAL INDIAN TEA WITH INDIAN HERBS & SPECIES ),778,813,672,672,125,10,2.5,CGST@2.5%,2.5,,,,0,0,0,,0,0,0,0,,MENU,,,1
K6,KAHVA ( SPECIALTY TEA FROM KASHMIR ),778,814,672,672,100,10,2.5,CGST@2.5%,2.5,,,,0,0,0,,0,0,0,0,,MENU,,,1
DGN,DARJEELING / GREEN/ NILGIRI ,778,814,672,672,75,10,2.5,CGST@2.5%,2.5,,,,0,0,0,,0,0,0,0,,MENU,,,1
LEG,LEMON / EARL GREY ,778,814,672,672,75,10,2.5,CGST@2.5%,2.5,,,,0,0,0,,0,0,0,0,,MENU,,,1
MJC,MINT / JASMINE/ CINNAMON ,778,814,672,672,100,10,2.5,CGST@2.5%,2.5,,,,0,0,0,,0,0,0,0,,MENU,,,1
CB,CARDAMOM/ BASIL ,778,814,672,672,100,10,2.5,CGST@2.5%,2.5,,,,0,0,0,,0,0,0,0,,MENU,,,1
BE,BASIC  ESPRESSO ,788,815,672,672,80,10,2.5,CGST@2.5%,2.5,,,,0,0,0,,0,0,0,0,,MENU,,,1
ER,ESPRESSO RISTRETTO,788,815,672,672,80,10,2.5,CGST@2.5%,2.5,,,,0,0,0,,0,0,0,0,,MENU,,,1
DD,DOPPIO ,788,815,672,672,100,10,2.5,CGST@2.5%,2.5,,,,0,0,0,,0,0,0,0,,MENU,,,1
AA,AMERICANO ,788,815,672,672,100,10,2.5,CGST@2.5%,2.5,,,,0,0,0,,0,0,0,0,,MENU,,,1
EM,ESPRESSO MACCHIATO ,788,815,672,672,80,10,2.5,CGST@2.5%,2.5,,,,0,0,0,,0,0,0,0,,MENU,,,1
EB,ESPRESSO BREVE,788,815,672,672,90,10,2.5,CGST@2.5%,2.5,,,,0,0,0,,0,0,0,0,,MENU,,,1
BCO,BASIC CAPPUCCINO ,788,815,672,672,110,10,2.5,CGST@2.5%,2.5,,,,0,0,0,,0,0,0,0,,MENU,,,1
BCL,BASIC CAFE LATTE ,788,815,672,672,120,10,2.5,CGST@2.5%,2.5,,,,0,0,0,,0,0,0,0,,MENU,,,1
MO,MOCHACCINO,788,815,672,672,130,10,2.5,CGST@2.5%,2.5,,,,0,0,0,,0,0,0,0,,MENU,,,1
CM,CAFE MOCHA ,788,815,672,672,130,10,2.5,CGST@2.5%,2.5,,,,0,0,0,,0,0,0,0,,MENU,,,1
CCOR,CAFE CONQUISTADOR,788,815,672,672,390,10,2.5,CGST@2.5%,2.5,,,,0,0,0,,0,0,0,0,,MENU,,,1
CRLE,CAPPUCCINO ROYALE ,788,815,672,672,390,10,2.5,CGST@2.5%,2.5,,,,0,0,0,,0,0,0,0,,MENU,,,1
CNON,CAFE NAPOLEON,788,815,672,672,390,10,2.5,CGST@2.5%,2.5,,,,0,0,0,,0,0,0,0,,MENU,,,1
EC,ESPRESSO COOLERS ,788,815,672,672,110,10,2.5,CGST@2.5%,2.5,,,,0,0,0,,0,0,0,0,,MENU,,,1
IEO,IGLOO ESPRESSO ,788,815,672,672,140,10,2.5,CGST@2.5%,2.5,,,,0,0,0,,0,0,0,0,,MENU,,,1
GET,GIMLET ,789,816,672,672,460,48,,,,VAT@20%,SURCHG@20%,,0,0,0,,0,0,0,0,,MENU,,,2
BMY,BLOOD MARY,789,816,672,672,460,48,,,,VAT@20%,SURCHG@20%,,0,0,0,,0,0,0,0,,MENU,,,2
RPH,RUM PUNCH,789,816,672,672,460,48,,,,VAT@20%,SURCHG@20%,,0,0,0,,0,0,0,0,,MENU,,,2
SDR,SCREW DRIVER ,789,816,672,672,460,48,,,,VAT@20%,SURCHG@20%,,0,0,0,,0,0,0,0,,MENU,,,2
DI,DAIQUIRI,789,816,672,672,460,48,,,,VAT@20%,SURCHG@20%,,0,0,0,,0,0,0,0,,MENU,,,2
WLY,WHITE LADY,789,816,672,672,460,48,,,,VAT@20%,SURCHG@20%,,0,0,0,,0,0,0,0,,MENU,,,2
WS,WHISKY  SOUR ,789,816,672,672,460,48,,,,VAT@20%,SURCHG@20%,,0,0,0,,0,0,0,0,,MENU,,,2
MTO,MOJITO ,789,816,672,672,460,48,,,,VAT@20%,SURCHG@20%,,0,0,0,,0,0,0,0,,MENU,,,2
LSA,LITCHI CRIMOSA ( SODA BASED DRINKS WITH LITCHI ) ,789,817,672,672,130,48,,,,VAT@20%,SURCHG@20%,,0,0,0,,0,0,0,0,,MENU,,,2
MDA,MANGO COLADA ( A THICK MANGO SHAKE TOPPED WITH WHIPE CREAM) ,789,817,672,672,140,48,,,,VAT@20%,SURCHG@20%,,0,0,0,,0,0,0,0,,MENU,,,2
MPE,MENTHOL PINEAPPLE (PINEAPPLE JUICE WITH CRUSHED ICE AND MINT FLAVOR ),789,817,672,672,140,48,,,,VAT@20%,SURCHG@20%,,0,0,0,,0,0,0,0,,MENU,,,2
FP,FRUIT PUNCH ( COMBINATION OF JUICE WITH SODA & ICE CREAM ) ,789,817,672,672,140,48,,,,VAT@20%,SURCHG@20%,,0,0,0,,0,0,0,0,,MENU,,,2
