DIN1,Non- Alcoholic beer ,723,723,749,749,185,10,2.5,CGST@2.5%,2.5,,,,0,0,0,,0,0,0,0,,MENU,,,1
DIN2,Non- Alcoholic wine,723,723,750,750,899,10,2.5,CGST@2.5%,2.5,,,,0,0,0,,0,0,0,0,,MENU,,,1
DIN3,Non- Alcoholic wine ,723,723,750,750,999,10,2.5,CGST@2.5%,2.5,,,,0,0,0,,0,0,0,0,,MENU,,,1
DIN4,Pink lady ,724,724,751,751,175,10,2.5,CGST@2.5%,2.5,,,,0,0,0,,0,0,0,0,,MENU,,,1
DIN5,Red Russian ,724,724,751,751,195,10,2.5,CGST@2.5%,2.5,,,,0,0,0,,0,0,0,0,,MENU,,,1
DIN6,Cranberry Kick ,724,724,751,751,195,10,2.5,CGST@2.5%,2.5,,,,0,0,0,,0,0,0,0,,MENU,,,1
DIN7,Pink panther,724,724,751,751,195,10,2.5,CGST@2.5%,2.5,,,,0,0,0,,0,0,0,0,,MENU,,,1
DIN8,Yellow Birds ,724,724,751,751,195,10,2.5,CGST@2.5%,2.5,,,,0,0,0,,0,0,0,0,,MENU,,,1
DIN9,Caipiroska,724,724,751,751,215,10,2.5,CGST@2.5%,2.5,,,,0,0,0,,0,0,0,0,,MENU,,,1
DIN10,Green apple Mojito ,724,724,751,751,215,10,2.5,CGST@2.5%,2.5,,,,0,0,0,,0,0,0,0,,MENU,,,1
DIN11,Spicy Watermelon Mint Agua Fresca ,724,724,751,751,215,10,2.5,CGST@2.5%,2.5,,,,0,0,0,,0,0,0,0,,MENU,,,1
DIN12,Ice Tea- Regular ,724,724,751,751,195,10,2.5,CGST@2.5%,2.5,,,,0,0,0,,0,0,0,0,,MENU,,,1
DIN13,Ice Tea – Flavored ,724,724,751,751,195,10,2.5,CGST@2.5%,2.5,,,,0,0,0,,0,0,0,0,,MENU,,,1
DIN14,Fresh lime soda ,724,724,751,751,115,10,2.5,CGST@2.5%,2.5,,,,0,0,0,,0,0,0,0,,MENU,,,1
DIN15,Aerated Beverages ,724,724,751,751,40,10,2.5,CGST@2.5%,2.5,,,,0,0,0,,0,0,0,0,,MENU,,,1
DIN16,Cold Coffee ,724,724,751,751,195,10,2.5,CGST@2.5%,2.5,,,,0,0,0,,0,0,0,0,,MENU,,,1
DIN17,Milk Shake ,724,724,751,751,195,10,2.5,CGST@2.5%,2.5,,,,0,0,0,,0,0,0,0,,MENU,,,1
DIN18,Canned Juice ,724,724,751,751,155,10,2.5,CGST@2.5%,2.5,,,,0,0,0,,0,0,0,0,,MENU,,,1
DIN19,Fresh Fruit Juice ,724,724,751,751,195,10,2.5,CGST@2.5%,2.5,,,,0,0,0,,0,0,0,0,,MENU,,,1
DIN20,Flavored tea,724,724,751,751,125,10,2.5,CGST@2.5%,2.5,,,,0,0,0,,0,0,0,0,,MENU,,,1
DIN21,Readymade Tea ,725,725,752,752,155,10,2.5,CGST@2.5%,2.5,,,,0,0,0,,0,0,0,0,,MENU,,,1
DIN22,Readymade Coffee ,725,725,752,752,155,10,2.5,CGST@2.5%,2.5,,,,0,0,0,,0,0,0,0,,MENU,,,1
DIN23,Single Espresso ,725,725,752,752,185,10,2.5,CGST@2.5%,2.5,,,,0,0,0,,0,0,0,0,,MENU,,,1
DIN24,Cappuccino,725,725,752,752,195,10,2.5,CGST@2.5%,2.5,,,,0,0,0,,0,0,0,0,,MENU,,,1
DIN25,Americano,725,725,752,752,185,10,2.5,CGST@2.5%,2.5,,,,0,0,0,,0,0,0,0,,MENU,,,1
DIN26,Cafe latté ,725,725,752,752,195,10,2.5,CGST@2.5%,2.5,,,,0,0,0,,0,0,0,0,,MENU,,,1
DIN27,Millet vegetable Soup ,726,726,752,752,199,10,2.5,CGST@2.5%,2.5,,,,0,0,0,,0,0,0,0,,MENU,,,1
DIN28,Ragi Butter Garlic Soup ,726,726,752,752,199,10,2.5,CGST@2.5%,2.5,,,,0,0,0,,0,0,0,0,,MENU,,,1
DIN29,Tomato Millet Soup,726,726,752,752,199,10,2.5,CGST@2.5%,2.5,,,,0,0,0,,0,0,0,0,,MENU,,,1
DIN30,Spinach Millet Soup ,726,726,752,752,199,10,2.5,CGST@2.5%,2.5,,,,0,0,0,,0,0,0,0,,MENU,,,1
DIN31,Proso Millet Salad ,734,734,752,752,375,10,2.5,CGST@2.5%,2.5,,,,0,0,0,,0,0,0,0,,MENU,,,1
DIN32,Apple walnut Salad,734,734,752,752,325,10,2.5,CGST@2.5%,2.5,,,,0,0,0,,0,0,0,0,,MENU,,,1
DIN33,Cottage cheese melon Salad,734,734,752,752,315,10,2.5,CGST@2.5%,2.5,,,,0,0,0,,0,0,0,0,,MENU,,,1
DIN34,Mexican Salad,734,734,752,752,315,10,2.5,CGST@2.5%,2.5,,,,0,0,0,,0,0,0,0,,MENU,,,1
DIN35,Spicy Water chestnut Salad,734,734,752,752,325,10,2.5,CGST@2.5%,2.5,,,,0,0,0,,0,0,0,0,,MENU,,,1
DIN36,Millet kabab,727,727,752,752,365,10,2.5,CGST@2.5%,2.5,,,,0,0,0,,0,0,0,0,,MENU,,,1
DIN37,Millet Lavas Platter ,727,727,752,752,315,10,2.5,CGST@2.5%,2.5,,,,0,0,0,,0,0,0,0,,MENU,,,1
DIN38,Millet Tacos ,727,727,752,752,335,10,2.5,CGST@2.5%,2.5,,,,0,0,0,,0,0,0,0,,MENU,,,1
DIN39,Millet Pizza ,727,727,752,752,235,10,2.5,CGST@2.5%,2.5,,,,0,0,0,,0,0,0,0,,MENU,,,1
DIN40,Millet Manchurian dry ,727,727,752,752,335,10,2.5,CGST@2.5%,2.5,,,,0,0,0,,0,0,0,0,,MENU,,,1
DIN41,Millet Quesadillas ,727,727,752,752,335,10,2.5,CGST@2.5%,2.5,,,,0,0,0,,0,0,0,0,,MENU,,,1
DIN42,Millet Beetroot roll ,727,727,752,752,265,10,2.5,CGST@2.5%,2.5,,,,0,0,0,,0,0,0,0,,MENU,,,1
DIN43,Millet Khichu,728,728,752,752,195,10,2.5,CGST@2.5%,2.5,,,,0,0,0,,0,0,0,0,,MENU,,,1
DIN44,Millet Khandvi,728,728,752,752,215,10,2.5,CGST@2.5%,2.5,,,,0,0,0,,0,0,0,0,,MENU,,,1
DIN45,Millet Ravioli in red / Creole sauce ,729,729,752,752,415,10,2.5,CGST@2.5%,2.5,,,,0,0,0,,0,0,0,0,,MENU,,,1
DIN46,Millet Dim Sum ,729,729,752,752,415,10,2.5,CGST@2.5%,2.5,,,,0,0,0,,0,0,0,0,,MENU,,,1
DIN47,Rajasthani Khoba Roti platter ,729,729,752,752,395,10,2.5,CGST@2.5%,2.5,,,,0,0,0,,0,0,0,0,,MENU,,,1
DIN48,Millet Bhkhri platter,729,729,752,752,395,10,2.5,CGST@2.5%,2.5,,,,0,0,0,,0,0,0,0,,MENU,,,1
DIN49,Millet Bhkhri platter,729,729,752,752,395,10,2.5,CGST@2.5%,2.5,,,,0,0,0,,0,0,0,0,,MENU,,,1
DIN50,Multi millet Roti with Paneer Handi ,729,729,752,752,375,10,2.5,CGST@2.5%,2.5,,,,0,0,0,,0,0,0,0,,MENU,,,1
DIN51,Multi millet Roti with Mix Vegetable ,729,729,752,752,355,10,2.5,CGST@2.5%,2.5,,,,0,0,0,,0,0,0,0,,MENU,,,1
DIN52,Millet Khichadi ,729,729,752,752,195,10,2.5,CGST@2.5%,2.5,,,,0,0,0,,0,0,0,0,,MENU,,,1
DIN53,Vegetable Millet ,729,729,752,752,215,10,2.5,CGST@2.5%,2.5,,,,0,0,0,,0,0,0,0,,MENU,,,1
DIN54,Millet Kashmiri Pulao ,729,729,752,752,245,10,2.5,CGST@2.5%,2.5,,,,0,0,0,,0,0,0,0,,MENU,,,1
DIN55,Kodo Fried Rice with Millet Manchurian gravy or chilly Paneer ,729,729,752,752,325,10,2.5,CGST@2.5%,2.5,,,,0,0,0,,0,0,0,0,,MENU,,,1
DIN56,Herb kodo rice with cottage cheese in red pepper sauce,729,729,752,752,395,10,2.5,CGST@2.5%,2.5,,,,0,0,0,,0,0,0,0,,MENU,,,1
DIN57,Herb kodo rice with exotic vegetable in brown sauce ,729,729,752,752,365,10,2.5,CGST@2.5%,2.5,,,,0,0,0,,0,0,0,0,,MENU,,,1
DIN58,Millet Halwa ,730,730,752,752,195,10,2.5,CGST@2.5%,2.5,,,,0,0,0,,0,0,0,0,,MENU,,,1
DIN59,Millet sukhdi,730,730,752,752,195,10,2.5,CGST@2.5%,2.5,,,,0,0,0,,0,0,0,0,,MENU,,,1
DIN60,RagiMalpua ,730,730,752,752,195,10,2.5,CGST@2.5%,2.5,,,,0,0,0,,0,0,0,0,,MENU,,,1
DIN61,Millet Kheer ,730,730,752,752,195,10,2.5,CGST@2.5%,2.5,,,,0,0,0,,0,0,0,0,,MENU,,,1
DIN62,Ragi Waffles ,730,730,752,752,295,10,2.5,CGST@2.5%,2.5,,,,0,0,0,,0,0,0,0,,MENU,,,1
DIN63,"Cheese cake (Mango | Black Current | Strawberry)

",730,730,752,752,225,10,2.5,CGST@2.5%,2.5,,,,0,0,0,,0,0,0,0,,MENU,,,1
DIN64,Tender coconut Juice,731,731,752,752,195,10,2.5,CGST@2.5%,2.5,,,,0,0,0,,0,0,0,0,,MENU,,,1
DIN65,Sambaram,731,731,752,752,125,10,2.5,CGST@2.5%,2.5,,,,0,0,0,,0,0,0,0,,MENU,,,1
DIN66,Nannari Sarbath ,731,731,752,752,175,10,2.5,CGST@2.5%,2.5,,,,0,0,0,,0,0,0,0,,MENU,,,1
DIN67,Pani Puri,732,732,752,752,125,10,2.5,CGST@2.5%,2.5,,,,0,0,0,,0,0,0,0,,MENU,,,1
DIN68,Aloo Bonda,732,732,752,752,225,10,2.5,CGST@2.5%,2.5,,,,0,0,0,,0,0,0,0,,MENU,,,1
DIN69,Urli Vada,732,732,752,752,225,10,2.5,CGST@2.5%,2.5,,,,0,0,0,,0,0,0,0,,MENU,,,1
DIN70,Parippu Vada,732,732,752,752,225,10,2.5,CGST@2.5%,2.5,,,,0,0,0,,0,0,0,0,,MENU,,,1
DIN71,Pakoda,732,732,752,752,225,10,2.5,CGST@2.5%,2.5,,,,0,0,0,,0,0,0,0,,MENU,,,1
DIN72,Regular Dosa,732,732,752,752,,10,2.5,CGST@2.5%,2.5,,,,0,0,0,,0,0,0,0,,MENU,,,1
DIN73,Plain | Masala,732,732,752,752,235/255,10,2.5,CGST@2.5%,2.5,,,,0,0,0,,0,0,0,0,,MENU,,,1
DIN74,Mysore Dosa,732,732,752,752,,10,2.5,CGST@2.5%,2.5,,,,0,0,0,,0,0,0,0,,MENU,,,1
DIN75,Plain | Masala | Cheese Masala,732,732,752,752,245/275,10,2.5,CGST@2.5%,2.5,,,,0,0,0,,0,0,0,0,,MENU,,,1
DIN76,Podi Dosa,732,732,752,752,,10,2.5,CGST@2.5%,2.5,,,,0,0,0,,0,0,0,0,,MENU,,,1
DIN77,Plain | Masala | Ghee,732,732,752,752,245/275,10,2.5,CGST@2.5%,2.5,,,,0,0,0,,0,0,0,0,,MENU,,,1
DIN78,Rawa Dosa,732,732,752,752,,10,2.5,CGST@2.5%,2.5,,,,0,0,0,,0,0,0,0,,MENU,,,1
DIN79, Plain | Masala,732,732,752,752,245/275,10,2.5,CGST@2.5%,2.5,,,,0,0,0,,0,0,0,0,,MENU,,,1
DIN80,Idli,732,732,752,752,,10,2.5,CGST@2.5%,2.5,,,,0,0,0,,0,0,0,0,,MENU,,,1
DIN81,Plain | Carrot | Beetroot,732,732,752,752,245,10,2.5,CGST@2.5%,2.5,,,,0,0,0,,0,0,0,0,,MENU,,,1
DIN82,Medu Vada,732,732,752,752,,10,2.5,CGST@2.5%,2.5,,,,0,0,0,,0,0,0,0,,MENU,,,1
DIN83,Tender Coconut vegetable Korma with Appam,733,732,752,752,475,10,2.5,CGST@2.5%,2.5,,,,0,0,0,,0,0,0,0,,MENU,,,1
DIN84,Tender Coconut vegetable Korma with Idiappam,733,732,752,752,475,10,2.5,CGST@2.5%,2.5,,,,0,0,0,,0,0,0,0,,MENU,,,1
DIN85,Tender Coconut vegetable Korma with Kerala Paratha,733,732,752,752,475,10,2.5,CGST@2.5%,2.5,,,,0,0,0,,0,0,0,0,,MENU,,,1
DIN86,Vegetable Curry with Appam,733,733,752,752,450,10,2.5,CGST@2.5%,2.5,,,,0,0,0,,0,0,0,0,,MENU,,,1
DIN87,Vegetable Curry with Idiapam,733,733,752,752,450,10,2.5,CGST@2.5%,2.5,,,,0,0,0,,0,0,0,0,,MENU,,,1
DIN88,Vegetable Curry with Kerala Paratha,733,733,752,752,450,10,2.5,CGST@2.5%,2.5,,,,0,0,0,,0,0,0,0,,MENU,,,1
DIN89,Vegetable Stew with Appam,733,733,752,752,450,10,2.5,CGST@2.5%,2.5,,,,0,0,0,,0,0,0,0,,MENU,,,1
DIN90,Vegetable Stew with Idiapam,733,733,752,752,450,10,2.5,CGST@2.5%,2.5,,,,0,0,0,,0,0,0,0,,MENU,,,1
DIN91,Vegetable Curry with Kerala Paratha,733,733,752,752,450,10,2.5,CGST@2.5%,2.5,,,,0,0,0,,0,0,0,0,,MENU,,,1
DIN92,Korma with kerala Paratha,733,733,752,752,450,10,2.5,CGST@2.5%,2.5,,,,0,0,0,,0,0,0,0,,MENU,,,1
DIN93,Puttu kadala curry,733,733,752,752,395,10,2.5,CGST@2.5%,2.5,,,,0,0,0,,0,0,0,0,,MENU,,,1
DIN94,Lemon Rice,733,733,752,752,245,10,2.5,CGST@2.5%,2.5,,,,0,0,0,,0,0,0,0,,MENU,,,1
DIN95,Coconut Rice,733,733,752,752,245,10,2.5,CGST@2.5%,2.5,,,,0,0,0,,0,0,0,0,,MENU,,,1
DIN96,Tomato rice,733,733,752,752,245,10,2.5,CGST@2.5%,2.5,,,,0,0,0,,0,0,0,0,,MENU,,,1
DIN97,Ghee Rice,733,733,752,752,255,10,2.5,CGST@2.5%,2.5,,,,0,0,0,,0,0,0,0,,MENU,,,1
DIN98,Raita,732,732,752,752,155,10,2.5,CGST@2.5%,2.5,,,,0,0,0,,0,0,0,0,,MENU,,,1
DIN99,Curd Rice,732,732,752,752,245,10,2.5,CGST@2.5%,2.5,,,,0,0,0,,0,0,0,0,,MENU,,,1
DIN100,Papadum,732,732,752,752,125,10,2.5,CGST@2.5%,2.5,,,,0,0,0,,0,0,0,0,,MENU,,,1
DIN101,Kozhukktta,735,735,752,752,225,10,2.5,CGST@2.5%,2.5,,,,0,0,0,,0,0,0,0,,MENU,,,1
DIN102,Ilaada,735,735,752,752,225,10,2.5,CGST@2.5%,2.5,,,,0,0,0,,0,0,0,0,,MENU,,,1
DIN103,Elanchi,735,735,752,752,225,10,2.5,CGST@2.5%,2.5,,,,0,0,0,,0,0,0,0,,MENU,,,1
DIN104,Semiya Payasam,735,735,752,752,225,10,2.5,CGST@2.5%,2.5,,,,0,0,0,,0,0,0,0,,MENU,,,1
DIN105,Palada pradhaman,735,735,752,752,245,10,2.5,CGST@2.5%,2.5,,,,0,0,0,,0,0,0,0,,MENU,,,1
