ITM001,GARLIC ROTI ,Breads,Breads,PCS,PCS,70,10,1,3.5,5%,3.5
ITM002,TAWA ROTI ,Breads,Breads,PCS,PCS,40,10,1,2,5%,2
ITM003,ALOO BHAAJI WITH 4 PURI,Breads,Breads,PCS,PCS,200,10,1,10,5%,10
ITM004,ALOO PARATHA  WITH CURD ,Breads,Breads,PCS,PCS,200,10,1,10,5%,10
ITM005,PANEER PARATHA  WITH CURD,Breads,Breads,PCS,PCS,250,10,1,12.5,5%,12.5
ITM006,GHOBHI  PARATHA WITH CURD ,Breads,Breads,PCS,PCS,200,10,1,10,5%,10
ITM007,ONION PARATHA WITH CURD ,Breads,Breads,PCS,PCS,200,10,1,10,5%,10
ITM008,CHOICE OF SOUP (HOT & SOUR / MANCHOW ),All time fav,All time fav,NOS,NOS,200,10,1,18,5%,10
ITM009,CHOICE OF NOODLES (HAKKA/CHILLY GARLIC),All time fav,All time fav,NOS,NOS,350,10,1,31.5,5%,17.5
ITM010,VEG FRIED RICE ,All time fav,All time fav,NOS,NOS,350,10,1,31.5,5%,17.5
ITM011,VEG MANCHURIAN ,All time fav,All time fav,NOS,NOS,300,10,1,27,5%,15
ITM012,EGG FRIED RICE ,All time fav,All time fav,NOS,NOS,350,10,1,31.5,5%,17.5
ITM013,CHICKEN FRIED RICE ,All time fav,All time fav,NOS,NOS,400,10,1,36,5%,20
ITM014,VEG GRILLED SANDWICH ,All time fav,All time fav,NOS,NOS,300,10,1,27,5%,15
ITM015,INDIAN MASALA TEA,HOT BEVERAGES,HOT BEVERAGES,NOS,NOS,60,10,1,5.4,5%,3
ITM016,CHOICE OF TEA (BLACK/GREEN/CHAMOMILE),HOT BEVERAGES,HOT BEVERAGES,NOS,NOS,60,10,1,5.4,5%,3
ITM017,BLACK  COFFEE,HOT BEVERAGES,HOT BEVERAGES,NOS,NOS,60,10,1,5.4,5%,3
ITM018,HOT COFFEE,HOT BEVERAGES,HOT BEVERAGES,NOS,NOS,60,10,1,5.4,5%,3
ITM019,CHOICE OF RICE ( PLAIN/JEERA),Rice,Rice,NOS,NOS,300,10,1,27,5%,15
ITM020,MIX VEG  BIRYANI,Rice,Rice,NOS,NOS,400,10,1,36,5%,20
ITM021,CHICKEN BIRYANI,Rice,Rice,NOS,NOS,450,10,1,40.5,5%,22.5
ITM022,PACKAGED DRINKING WATER,REGULARS ,REGULARS ,NOS,NOS,50,10,1,4.5,5%,2.5
ITM023,AERATED DRINK (200 ML),REGULARS ,REGULARS ,NOS,NOS,60,10,1,5.4,5%,3
ITM024,LASSI/MASALA CHAACH,REGULARS ,REGULARS ,NOS,NOS,100,10,1,9,5%,5
ITM025,CANNED JUICE ,REGULARS ,REGULARS ,NOS,NOS,100,10,1,9,5%,5
ITM026,MASALA LEMONADE,REGULARS ,REGULARS ,NOS,NOS,100,10,1,9,5%,5
ITM027,RED BULL,REGULARS ,REGULARS ,NOS,NOS,200,10,1,18,5%,10
ITM028,CHILLY PANEER,Small Bites,Small Bites,NOS,NOS,350,10,1,31.5,5%,17.5
ITM029,CLASSIC SPRING ROLLS,Small Bites,Small Bites,NOS,NOS,300,10,1,27,5%,15
ITM030,FRENCH FRIES (PLAN/PERI PERI ),Small Bites,Small Bites,NOS,NOS,300,10,1,27,5%,15
ITM031,CLASSIC NACHOS ,Small Bites,Small Bites,NOS,NOS,300,10,1,27,5%,15
ITM032,MASALA MEGGIE,Small Bites,Small Bites,NOS,NOS,300,10,1,27,5%,15
ITM033,CRISPY CORN ,Small Bites,Small Bites,NOS,NOS,300,10,1,27,5%,15
ITM034,HARA BHARA KABAB,Small Bites,Small Bites,NOS,NOS,300,10,1,27,5%,15
ITM035,PEANUT  MASALA ,Small Bites,Small Bites,NOS,NOS,250,10,1,22.5,5%,12.5
ITM036,MASALA PAPAD,Small Bites,Small Bites,NOS,NOS,200,10,1,18,5%,10
ITM037,HONEY CHILLY POTATO,Small Bites,Small Bites,NOS,NOS,350,10,1,31.5,5%,17.5
ITM038,CHILLY CHICKEN ,Small Bites,Small Bites,NOS,NOS,400,10,1,36,5%,20
ITM039,PANEER LABABDAR,Indian Main Course Veg,Indian Main Course Veg,NOS,NOS,375,10,1,33.75,5%,18.75
ITM040,PANEER BUTTER MASALA,Indian Main Course Veg,Indian Main Course Veg,NOS,NOS,375,10,1,33.75,5%,18.75
ITM041,KADHAI PANEER,Indian Main Course Veg,Indian Main Course Veg,NOS,NOS,375,10,1,33.75,5%,18.75
ITM042,PALAK CORN ,Indian Main Course Veg,Indian Main Course Veg,NOS,NOS,375,10,1,33.75,5%,18.75
ITM043,KAJU CARRY ,Indian Main Course Veg,Indian Main Course Veg,NOS,NOS,375,10,1,33.75,5%,18.75
ITM044,METHI MATAR MALAI ,Indian Main Course Veg,Indian Main Course Veg,NOS,NOS,375,10,1,33.75,5%,18.75
ITM045,ALOO PYAAZ KI SABZI ,Indian Main Course Veg,Indian Main Course Veg,NOS,NOS,325,10,1,29.25,5%,16.25
ITM046,MIX VEG ,Indian Main Course Veg,Indian Main Course Veg,NOS,NOS,325,10,1,29.25,5%,16.25
ITM047,JODHPURI GITTA CURRY ,Indian Main Course Veg,Indian Main Course Veg,NOS,NOS,325,10,1,29.25,5%,16.25
ITM048,DAL FRY / TADKA ,Indian Main Course Veg,Indian Main Course Veg,NOS,NOS,325,10,1,29.25,5%,16.25
ITM049,DAL MAKHANI ,Indian Main Course Veg,Indian Main Course Veg,NOS,NOS,350,10,1,31.5,5%,17.5
ITM050,CHICKEN CUERRY ,Indian Main Course Veg,Indian Main Course Veg,NOS,NOS,425,10,1,38.25,5%,21.25
ITM051,CHICKEN KALI MIRCH ,Indian Main Course Veg,Indian Main Course Veg,NOS,NOS,425,10,1,38.25,5%,21.25
ITM052,BHUNA CHICKEN ,Indian Main Course Veg,Indian Main Course Veg,NOS,NOS,425,10,1,38.25,5%,21.25
ITM053,RAJSTHANI CHECKEN CURRY ,Indian Main Course Veg,Indian Main Course Veg,NOS,NOS,425,10,1,38.25,5%,21.25
ITM054,EGG CURRY ,Indian Main Course Veg,Indian Main Course Veg,NOS,NOS,400,10,1,36,5%,20
ITM055,MUTTON CURRY ,Indian Main Course Veg,Indian Main Course Veg,NOS,NOS,500,10,1,45,5%,25
ITM056,PLAIN CURD ,SIDES,SIDES,NOS,NOS,150,10,1,13.5,5%,7.5
ITM057,BOONDI RAITA,SIDES,SIDES,NOS,NOS,150,10,1,13.5,5%,7.5
ITM058,MIX VEG RAITA,SIDES,SIDES,NOS,NOS,150,10,1,13.5,5%,7.5
ITM059,GREEN SALAD ,SIDES,SIDES,NOS,NOS,150,10,1,13.5,5%,7.5
