GF-1,Kuuraku Ramen,442,457,276,276,720.00,10,2.50,,,162,0,,0,,0,0,0,0,A,Menu,0,0,0,0,2,YES
GF-2,Karamen ,442,457,276,276,720.00,10,2.50,,,162,0,,0,,0,0,0,0,A,Menu,0,0,0,0,2,YES
GF-3,Miso Ramen,442,457,276,276,720.00,10,2.50,,,162,0,,0,,0,0,0,0,A,Menu,0,0,0,0,2,YES
GF-4,Tan Tan Men,442,457,276,276,720.00,10,2.50,,,162,0,,0,,0,0,0,0,A,Menu,0,0,0,0,2,YES
GF-5,Chashu Ramen,442,454,276,276,930.00,10,2.50,,,162,0,,0,,0,0,0,0,A,Menu,0,0,0,0,2,YES
GF-6,Shio Tonkotsu Ramen,442,470,276,276,780.00,10,2.50,,,162,0,,0,,0,0,0,0,A,Menu,0,0,0,0,2,YES
GF-7,Aka Tonkotsu Ramen,442,470,276,276,780.00,10,2.50,,,162,0,,0,,0,0,0,0,A,Menu,0,0,0,0,2,YES
GF-8,Tonkotsu Tan Tan Men,442,470,276,276,780.00,10,2.50,,,162,0,,0,,0,0,0,0,A,Menu,0,0,0,0,2,YES
GF-9,Non-Veg Tomato Ramen,442,457,276,276,720.00,10,2.50,,,162,0,,0,,0,0,0,0,A,Menu,0,0,0,0,2,YES
GF-10,Veg Tan Tan Men ,442,479,276,276,720.00,10,2.50,,,162,0,,0,,0,0,0,0,A,Menu,0,0,0,0,2,YES
GF-11,Veg Tomato Ramen,442,479,276,276,720.00,10,2.50,,,162,0,,0,,0,0,0,0,A,Menu,0,0,0,0,2,YES
GF-12,Tokyo Curry,440,478,276,276,490.00,10,2.50,,,162,0,,0,,0,0,0,0,A,Menu,0,0,0,0,2,YES
GF-13,Age Yasai Curry,440,478,276,276,520.00,10,2.50,,,162,0,,0,,0,0,0,0,A,Menu,0,0,0,0,2,YES
GF-14,Stamina Pork Curry,440,469,276,276,580.00,10,2.50,,,162,0,,0,,0,0,0,0,A,Menu,0,0,0,0,2,YES
GF-15, Chicken Katsu Curry,440,456,276,276,580.00,10,2.50,,,162,0,,0,,0,0,0,0,A,Menu,0,0,0,0,2,YES
GF-16,Karaage Curry,440,456,276,276,550.00,10,2.50,,,162,0,,0,,0,0,0,0,A,Menu,0,0,0,0,2,YES
GF-17,Crunchy Prawn Roll,447,467,276,276,800.00,10,2.50,,,162,0,,0,,0,0,0,0,A,Menu,0,0,0,0,2,YES
GF-18,Spicy Tuna Roll,447,467,276,276,800.00,10,2.50,,,162,0,,0,,0,0,0,0,A,Menu,0,0,0,0,2,YES
GF-19,California Roll,447,467,276,276,800.00,10,2.50,,,162,0,,0,,0,0,0,0,A,Menu,0,0,0,0,2,YES
GF-20,Dynamite Roll,447,467,276,276,800.00,10,2.50,,,162,0,,0,,0,0,0,0,A,Menu,0,0,0,0,2,YES
GF-21,Salmon Cheese Roll,447,467,276,276,800.00,10,2.50,,,162,0,,0,,0,0,0,0,A,Menu,0,0,0,0,2,YES
GF-22,Salmon Avocado Roll,447,467,276,276,800.00,10,2.50,,,162,0,,0,,0,0,0,0,A,Menu,0,0,0,0,2,YES
GF-23,Veg Salad Roll,447,477,276,276,700.00,10,2.50,,,162,0,,0,,0,0,0,0,A,Menu,0,0,0,0,2,YES
GF-24,Taj Mahal Roll,447,477,276,276,700.00,10,2.50,,,162,0,,0,,0,0,0,0,A,Menu,0,0,0,0,2,YES
GF-25,Spicy Salmon Roll,447,467,276,276,800.00,10,2.50,,,162,0,,0,,0,0,0,0,A,Menu,0,0,0,0,2,YES
GF-26,Route 66 Roll,447,467,276,276,800.00,10,2.50,,,162,0,,0,,0,0,0,0,A,Menu,0,0,0,0,2,YES
GF-27,Maguro (Tuna) Roll ,447,467,276,276,800.00,10,2.50,,,162,0,,0,,0,0,0,0,A,Menu,0,0,0,0,2,YES
GF-28,Tuna Avocado Roll,447,467,276,276,800.00,10,2.50,,,162,0,,0,,0,0,0,0,A,Menu,0,0,0,0,2,YES
GF-29,Tuna Mayo Roll,447,467,276,276,800.00,10,2.50,,,162,0,,0,,0,0,0,0,A,Menu,0,0,0,0,2,YES
GF-30,Salmon Tempura Roll,447,467,276,276,800.00,10,2.50,,,162,0,,0,,0,0,0,0,A,Menu,0,0,0,0,2,YES
GF-31,Age Gyoza,439,467,276,276,280.00,10,2.50,,,162,0,,0,,0,0,0,0,A,Menu,0,0,0,0,2,YES
GF-32,Chicken Gyoza 4Pcs,439,455,276,276,245.00,10,2.50,,,162,0,,0,,0,0,0,0,A,Menu,0,0,0,0,2,YES
GF-33,Chicken Gyoza 8Pcs,439,455,276,276,445.00,10,2.50,,,162,0,,0,,0,0,0,0,A,Menu,0,0,0,0,2,YES
GF-34,Veg Gyoza 4Pcs,439,477,276,276,245.00,10,2.50,,,162,0,,0,,0,0,0,0,A,Menu,0,0,0,0,2,YES
GF-35,Veg Gyoza 8Pcs,439,477,276,276,445.00,10,2.50,,,162,0,,0,,0,0,0,0,A,Menu,0,0,0,0,2,YES
GF-36, Chahan,445,467,276,276,470.00,10,2.50,,,162,0,,0,,0,0,0,0,A,Menu,0,0,0,0,2,YES
GF-37,Edamame,445,467,276,276,395.00,10,2.50,,,162,0,,0,,0,0,0,0,A,Menu,0,0,0,0,2,YES
GF-38,Asazuke,445,467,276,276,225.00,10,2.50,,,162,0,,0,,0,0,0,0,A,Menu,0,0,0,0,2,YES
GF-39,Hiyayakko Tofu,449,477,276,276,295.00,10,2.50,,,162,0,,0,,0,0,0,0,A,Menu,0,0,0,0,2,YES
GF-40,Tori Miso Tantan Tofu,449,467,276,276,375.00,10,2.50,,,162,0,,0,,0,0,0,0,A,Menu,0,0,0,0,2,YES
GF-41,Umashio Negi Tofu,449,477,276,276,325.00,10,2.50,,,162,0,,0,,0,0,0,0,A,Menu,0,0,0,0,2,YES
GF-42,Sunagimo Negidarake,445,467,276,276,225.00,10,2.50,,,162,0,,0,,0,0,0,0,A,Menu,0,0,0,0,2,YES
GF-43,Ebisen,445,467,276,276,280.00,10,2.50,,,162,0,,0,,0,0,0,0,A,Menu,0,0,0,0,2,YES
GF-44,Nasu Dengaku,445,477,276,276,330.00,10,2.50,,,162,0,,0,,0,0,0,0,A,Menu,0,0,0,0,2,YES
GF-45,Corn Tempura,445,477,276,276,270.00,10,2.50,,,162,0,,0,,0,0,0,0,A,Menu,0,0,0,0,2,YES
GF-46,Umashio Cabaage,445,477,276,276,225.00,10,2.50,,,162,0,,0,,0,0,0,0,A,Menu,0,0,0,0,2,YES
GF-47,Karamiso Cabbage,445,477,276,276,225.00,10,2.50,,,162,0,,0,,0,0,0,0,A,Menu,0,0,0,0,2,YES
GF-48,Banya Kauda,444,467,276,276,330.00,10,2.50,,,162,0,,0,,0,0,0,0,A,Menu,0,0,0,0,2,YES
GF-49,Caesar Salad Full,444,467,276,276,450.00,10,2.50,,,162,0,,0,,0,0,0,0,A,Menu,0,0,0,0,2,YES
GF-50,Caesar Salad Half,444,467,276,276,240.00,10,2.50,,,162,0,,0,,0,0,0,0,A,Menu,0,0,0,0,2,YES
GF-51,Buta Sabugoma Salad Full,444,467,276,276,450.00,10,2.50,,,162,0,,0,,0,0,0,0,A,Menu,0,0,0,0,2,YES
GF-52,Buta Sabugoma Salad Half,444,467,276,276,240.00,10,2.50,,,162,0,,0,,0,0,0,0,A,Menu,0,0,0,0,2,YES
GF-53,Tofu No Wafu Salad Full,444,477,276,276,450.00,10,2.50,,,162,0,,0,,0,0,0,0,A,Menu,0,0,0,0,2,YES
GF-54,Tofu No Wafu Salad Half,444,477,276,276,240.00,10,2.50,,,162,0,,0,,0,0,0,0,A,Menu,0,0,0,0,2,YES
GF-55,Tori No Sumibiyaki,446,467,276,276,550.00,10,2.50,,,162,0,,0,,0,0,0,0,A,Menu,0,0,0,0,2,YES
GF-56,Saba Ichiyaboshi,446,467,276,276,480.00,10,2.50,,,162,0,,0,,0,0,0,0,A,Menu,0,0,0,0,2,YES
GF-57,Aburi Chashu,446,467,276,276,550.00,10,2.50,,,162,0,,0,,0,0,0,0,A,Menu,0,0,0,0,2,YES
GF-58,Dashimaki Tamago,446,467,276,276,330.00,10,2.50,,,162,0,,0,,0,0,0,0,A,Menu,0,0,0,0,2,YES
GF-59,Tompei Yaki,446,467,276,276,480.00,10,2.50,,,162,0,,0,,0,0,0,0,A,Menu,0,0,0,0,2,YES
GF-60,Agedashi Todu,446,477,276,276,480.00,10,2.50,,,162,0,,0,,0,0,0,0,A,Menu,0,0,0,0,2,YES
GF-61,Chicken Nanban,435,467,276,276,480.00,10,2.50,,,162,0,,0,,0,0,0,0,A,Menu,0,0,0,0,2,YES
GF-62,Tori No Karaage,435,467,276,276,400.00,10,2.50,,,162,0,,0,,0,0,0,0,A,Menu,0,0,0,0,2,YES
GF-63,Spicy Karaage,435,467,276,276,400.00,10,2.50,,,162,0,,0,,0,0,0,0,A,Menu,0,0,0,0,2,YES
GF-64,Ebi Tempura,435,467,276,276,650.00,10,2.50,,,162,0,,0,,0,0,0,0,A,Menu,0,0,0,0,2,YES
GF-65,Tempura Moriawase Non-Veg,435,467,276,276,550.00,10,2.50,,,162,0,,0,,0,0,0,0,A,Menu,0,0,0,0,2,YES
GF-66,Veg Tempura Moriawase ,435,477,276,276,400.00,10,2.50,,,162,0,,0,,0,0,0,0,A,Menu,0,0,0,0,2,YES
GF-67,Fried Potato,435,477,276,276,250.00,10,2.50,,,162,0,,0,,0,0,0,0,A,Menu,0,0,0,0,2,YES
GF-68,Yakionigiri Soy,443,477,276,276,150.00,10,2.50,,,162,0,,0,,0,0,0,0,A,Menu,0,0,0,0,2,YES
GF-69,Yakionigiri Cheese,443,477,276,276,160.00,10,2.50,,,162,0,,0,,0,0,0,0,A,Menu,0,0,0,0,2,YES
GF-70,Yakionigiri Miso,443,477,276,276,160.00,10,2.50,,,162,0,,0,,0,0,0,0,A,Menu,0,0,0,0,2,YES
GF-71,Yakitori Don,443,467,276,276,450.00,10,2.50,,,162,0,,0,,0,0,0,0,A,Menu,0,0,0,0,2,YES
GF-72,Yakitori Don Half,443,467,276,276,300.00,10,2.50,,,162,0,,0,,0,0,0,0,A,Menu,0,0,0,0,2,YES
GF-73,Oyako Don,443,467,276,276,450.00,10,2.50,,,162,0,,0,,0,0,0,0,A,Menu,0,0,0,0,2,YES
GF-74,Chashu Don,443,467,276,276,560.00,10,2.50,,,162,0,,0,,0,0,0,0,A,Menu,0,0,0,0,2,YES
GF-75,Ishiyaki Teriyaki Don,443,467,276,276,550.00,10,2.50,,,162,0,,0,,0,0,0,0,A,Menu,0,0,0,0,2,YES
GF-76,Buta Don,443,467,276,276,560.00,10,2.50,,,162,0,,0,,0,0,0,0,A,Menu,0,0,0,0,2,YES
GF-77,Oinari San,443,477,276,276,250.00,10,2.50,,,162,0,,0,,0,0,0,0,A,Menu,0,0,0,0,2,YES
GF-78,Kake Udon,442,479,276,276,490.00,10,2.50,,,162,0,,0,,0,0,0,0,A,Menu,0,0,0,0,2,YES
GF-79,Curry Udon,442,479,276,276,490.00,10,2.50,,,162,0,,0,,0,0,0,0,A,Menu,0,0,0,0,2,YES
GF-80,Gohan Regular,443,477,276,276,220.00,10,2.50,,,162,0,,0,,0,0,0,0,A,Menu,0,0,0,0,2,YES
GF-81,Gohan Half,443,477,276,276,110.00,10,2.50,,,162,0,,0,,0,0,0,0,A,Menu,0,0,0,0,2,YES
GF-82,Miso Shiru,442,479,276,276,180.00,10,2.50,,,162,0,,0,,0,0,0,0,A,Menu,0,0,0,0,2,YES
GF-83,Annin Tofu ,436,459,276,276,225.00,10,2.50,,,162,0,,0,,0,0,0,0,A,Menu,0,0,0,0,2,YES
GF-84,Shiratama Zenzai,436,459,276,276,250.00,10,2.50,,,162,0,,0,,0,0,0,0,A,Menu,0,0,0,0,2,YES
GF-85,Honjitsuno Sorbet,436,459,276,276,140.00,10,2.50,,,162,0,,0,,0,0,0,0,A,Menu,0,0,0,0,2,YES
GF-86,Cheese Cake,436,459,276,276,230.00,10,2.50,,,162,0,,0,,0,0,0,0,A,Menu,0,0,0,0,2,YES
GF-87,Matcha Cheese Cake,436,459,276,276,230.00,10,2.50,,,162,0,,0,,0,0,0,0,A,Menu,0,0,0,0,2,YES
GF-88,Yukimi Daifuki,436,459,276,276,300.00,10,2.50,,,162,0,,0,,0,0,0,0,A,Menu,0,0,0,0,2,YES
GF-89,Matcha Yukimi Daifuku,436,459,276,276,300.00,10,2.50,,,162,0,,0,,0,0,0,0,A,Menu,0,0,0,0,2,YES
GF-90,Vanila Ice Cream,436,459,276,276,225.00,10,2.50,,,162,0,,0,,0,0,0,0,A,Menu,0,0,0,0,2,YES
GF-91,Kotteri Ramen,441,466,276,276,780.00,10,2.50,,,162,0,,0,,0,0,0,0,A,Menu,0,0,0,0,2,YES
GF-92,Okonomiyaki,441,466,276,276,580.00,10,2.50,,,162,0,,0,,0,0,0,0,A,Menu,0,0,0,0,2,YES
GF-93,Oden,441,466,276,276,495.00,10,2.50,,,162,0,,0,,0,0,0,0,A,Menu,0,0,0,0,2,YES
GF-94,Ebi Toast,441,466,276,276,450.00,10,2.50,,,162,0,,0,,0,0,0,0,A,Menu,0,0,0,0,2,YES
GF-95,Buta No Kakuni,441,466,276,276,495.00,10,2.50,,,162,0,,0,,0,0,0,0,A,Menu,0,0,0,0,2,YES
GF-96,Cherry Tomato Skewers,441,466,276,276,150.00,10,2.50,,,162,0,,0,,0,0,0,0,A,Menu,0,0,0,0,2,YES
GF-97,Mushroom Skewers,441,466,276,276,150.00,10,2.50,,,162,0,,0,,0,0,0,0,A,Menu,0,0,0,0,2,YES
GF-98,Broccori & Cheese Skewers,441,466,276,276,150.00,10,2.50,,,162,0,,0,,0,0,0,0,A,Menu,0,0,0,0,2,YES
GF-99,Tori Shio Chanko Nabe,441,466,276,276,1480.00,10,2.50,,,162,0,,0,,0,0,0,0,A,Menu,0,0,0,0,2,YES
GF-100,Tori Chige Nabe,441,466,276,276,1480.00,10,2.50,,,162,0,,0,,0,0,0,0,A,Menu,0,0,0,0,2,YES
GF-101,Karamiso Kaisen Nabe,441,466,276,276,1680.00,10,2.50,,,162,0,,0,,0,0,0,0,A,Menu,0,0,0,0,2,YES
GF-102,Kaisen Shio Chanko Nabe,441,466,276,276,1680.00,10,2.50,,,162,0,,0,,0,0,0,0,A,Menu,0,0,0,0,2,YES
GF-103,Shime Noodle,441,466,276,276,250.00,10,2.50,,,162,0,,0,,0,0,0,0,A,Menu,0,0,0,0,2,YES
GF-104,Shime Gohan,441,466,276,276,200.00,10,2.50,,,162,0,,0,,0,0,0,0,A,Menu,0,0,0,0,2,YES
GF-105,Special Kushi Course,451,455,276,276,580.00,10,2.50,,,162,0,,0,,0,0,0,0,A,Menu,0,0,0,0,2,YES
GF-106,Tori Kushi Course,451,455,276,276,480.00,10,2.50,,,162,0,,0,,0,0,0,0,A,Menu,0,0,0,0,2,YES
GF-107,Momo Shio,451,455,276,276,200.00,10,2.50,,,162,0,,0,,0,0,0,0,A,Menu,0,0,0,0,2,YES
GF-108,Momo Tare,451,455,276,276,200.00,10,2.50,,,162,0,,0,,0,0,0,0,A,Menu,0,0,0,0,2,YES
GF-109,Negima Salt,451,455,276,276,200.00,10,2.50,,,162,0,,0,,0,0,0,0,A,Menu,0,0,0,0,2,YES
GF-110,Negima Tare,451,455,276,276,200.00,10,2.50,,,162,0,,0,,0,0,0,0,A,Menu,0,0,0,0,2,YES
GF-111,Momo Stamina,451,455,276,276,200.00,10,2.50,,,162,0,,0,,0,0,0,0,A,Menu,0,0,0,0,2,YES
GF-112,Kuuraku Yaki,451,455,276,276,300.00,10,2.50,,,162,0,,0,,0,0,0,0,A,Menu,0,0,0,0,2,YES
GF-113,Ninnikuma Shio,451,455,276,276,200.00,10,2.50,,,162,0,,0,,0,0,0,0,A,Menu,0,0,0,0,2,YES
GF-114,Ninnikuma Tare,451,455,276,276,200.00,10,2.50,,,162,0,,0,,0,0,0,0,A,Menu,0,0,0,0,2,YES
GF-115,Bonjiri Shio,451,455,276,276,200.00,10,2.50,,,162,0,,0,,0,0,0,0,A,Menu,0,0,0,0,2,YES
GF-116,Bonjiri Tare,451,455,276,276,200.00,10,2.50,,,162,0,,0,,0,0,0,0,A,Menu,0,0,0,0,2,YES
GF-117,Kawa Shio,451,455,276,276,200.00,10,2.50,,,162,0,,0,,0,0,0,0,A,Menu,0,0,0,0,2,YES
GF-118,Kawa Tare,451,455,276,276,200.00,10,2.50,,,162,0,,0,,0,0,0,0,A,Menu,0,0,0,0,2,YES
GF-119,Tebasaki shio,451,455,276,276,200.00,10,2.50,,,162,0,,0,,0,0,0,0,A,Menu,0,0,0,0,2,YES
GF-120,Tebasaki Tare,451,455,276,276,200.00,10,2.50,,,162,0,,0,,0,0,0,0,A,Menu,0,0,0,0,2,YES
GF-121,Tsunagi Shio,451,455,276,276,220.00,10,2.50,,,162,0,,0,,0,0,0,0,A,Menu,0,0,0,0,2,YES
GF-122,Tsunagi Tare,451,455,276,276,220.00,10,2.50,,,162,0,,0,,0,0,0,0,A,Menu,0,0,0,0,2,YES
GF-123,Sunagimo Shio,451,455,276,276,170.00,10,2.50,,,162,0,,0,,0,0,0,0,A,Menu,0,0,0,0,2,YES
GF-124,Sunagimo Tare,451,455,276,276,170.00,10,2.50,,,162,0,,0,,0,0,0,0,A,Menu,0,0,0,0,2,YES
GF-125,Hatsu Shio,451,455,276,276,170.00,10,2.50,,,162,0,,0,,0,0,0,0,A,Menu,0,0,0,0,2,YES
GF-126,Hatsu Tare,451,455,276,276,170.00,10,2.50,,,162,0,,0,,0,0,0,0,A,Menu,0,0,0,0,2,YES
GF-127,Reba Shio,451,455,276,276,170.00,10,2.50,,,162,0,,0,,0,0,0,0,A,Menu,0,0,0,0,2,YES
GF-128,Reba Tare,451,455,276,276,170.00,10,2.50,,,162,0,,0,,0,0,0,0,A,Menu,0,0,0,0,2,YES
GF-129,Kawanedare Kushi Course,451,464,276,276,520.00,10,2.50,,,162,0,,0,,0,0,0,0,A,Menu,0,0,0,0,2,YES
GF-130,Chizu Yaki,451,464,276,276,240.00,10,2.50,,,162,0,,0,,0,0,0,0,A,Menu,0,0,0,0,2,YES
GF-131,Wasabi Yaki,451,464,276,276,240.00,10,2.50,,,162,0,,0,,0,0,0,0,A,Menu,0,0,0,0,2,YES
GF-132,Kochumayo Yaki,451,464,276,276,240.00,10,2.50,,,162,0,,0,,0,0,0,0,A,Menu,0,0,0,0,2,YES
GF-133,Teriyaki Mayo,451,464,276,276,240.00,10,2.50,,,162,0,,0,,0,0,0,0,A,Menu,0,0,0,0,2,YES
GF-134,Shionegi Yaki,451,464,276,276,240.00,10,2.50,,,162,0,,0,,0,0,0,0,A,Menu,0,0,0,0,2,YES
GF-135,Garlic Mayo Yaki,451,464,276,276,240.00,10,2.50,,,162,0,,0,,0,0,0,0,A,Menu,0,0,0,0,2,YES
GF-136,Tsukune Shio,451,476,276,276,200.00,10,2.50,,,162,0,,0,,0,0,0,0,A,Menu,0,0,0,0,2,YES
GF-137,Tsukune Tare,451,476,276,276,200.00,10,2.50,,,162,0,,0,,0,0,0,0,A,Menu,0,0,0,0,2,YES
GF-138,Oropon Tsukune,451,476,276,276,230.00,10,2.50,,,162,0,,0,,0,0,0,0,A,Menu,0,0,0,0,2,YES
GF-139,Norimayo Tsukune,451,476,276,276,230.00,10,2.50,,,162,0,,0,,0,0,0,0,A,Menu,0,0,0,0,2,YES
GF-140,Yuzukosho Tsukune,451,476,276,276,230.00,10,2.50,,,162,0,,0,,0,0,0,0,A,Menu,0,0,0,0,2,YES
GF-141,Shionegi Tsukune,451,476,276,276,230.00,10,2.50,,,162,0,,0,,0,0,0,0,A,Menu,0,0,0,0,2,YES
GF-142,Karamiso Tsukune,451,476,276,276,230.00,10,2.50,,,162,0,,0,,0,0,0,0,A,Menu,0,0,0,0,2,YES
GF-143,Cheese Tsukune,451,476,276,276,240.00,10,2.50,,,162,0,,0,,0,0,0,0,A,Menu,0,0,0,0,2,YES
GF-144,Buta Kushi Course,451,468,276,276,380.00,10,2.50,,,162,0,,0,,0,0,0,0,A,Menu,0,0,0,0,2,YES
GF-145,Butabara ,451,468,276,276,260.00,10,2.50,,,162,0,,0,,0,0,0,0,A,Menu,0,0,0,0,2,YES
GF-146,Butabara Oroshi,451,468,276,276,290.00,10,2.50,,,162,0,,0,,0,0,0,0,A,Menu,0,0,0,0,2,YES
GF-147,Butabara Stamina,451,468,276,276,260.00,10,2.50,,,162,0,,0,,0,0,0,0,A,Menu,0,0,0,0,2,YES
GF-148,Kuuraku Course,438,458,276,276,476.00,10,2.50,,,162,0,,0,,0,0,0,0,A,Menu,0,0,0,0,2,YES
GF-149,Kuuraku Ramen Half Course,438,458,276,276,200.00,10,2.50,,,162,0,,0,,0,0,0,0,A,Menu,0,0,0,0,2,YES
GF-150,Kuuraku Ramen & Gyoza Set,434,471,276,276,960.00,10,2.50,,,162,0,,0,,0,0,0,0,A,Menu,0,0,0,0,2,YES
GF-151,Chashu Ramen & Gyoza Set,434,471,276,276,1170.00,10,2.50,,,162,0,,0,,0,0,0,0,A,Menu,0,0,0,0,2,YES
GF-152,Karamiso Ramen & Gyoza Set,434,471,276,276,990.00,10,2.50,,,162,0,,0,,0,0,0,0,A,Menu,0,0,0,0,2,YES
GF-153,Miso Butter Ramen & Gyoza Set,434,471,276,276,960.00,10,2.50,,,162,0,,0,,0,0,0,0,A,Menu,0,0,0,0,2,YES
GF-154,Non-Veg Tantan Men & Gyoza Set ,434,471,276,276,960.00,10,2.50,,,162,0,,0,,0,0,0,0,A,Menu,0,0,0,0,2,YES
GF-155,Veg Tantan Men & Gyoza Set ,434,471,276,276,960.00,10,2.50,,,162,0,,0,,0,0,0,0,A,Menu,0,0,0,0,2,YES
GF-156,Karaage Teishoku,448,474,276,276,660.00,10,2.50,,,162,0,,0,,0,0,0,0,A,Menu,0,0,0,0,2,YES
GF-157,Buta Stamina Teishoku,448,474,276,276,740.00,10,2.50,,,162,0,,0,,0,0,0,0,A,Menu,0,0,0,0,2,YES
GF-158,Buta Shogayaki Teishoku,448,474,276,276,740.00,10,2.50,,,162,0,,0,,0,0,0,0,A,Menu,0,0,0,0,2,YES
GF-159,Gyoza Teishoku,448,474,276,276,660.00,10,2.50,,,162,0,,0,,0,0,0,0,A,Menu,0,0,0,0,2,YES
GF-160,Karaage ,450,475,276,276,180.00,10,2.50,,,162,0,,0,,0,0,0,0,A,Menu,0,0,0,0,2,YES
GF-161,Stamina Pork,450,475,276,276,120.00,10,2.50,,,162,0,,0,,0,0,0,0,A,Menu,0,0,0,0,2,YES
GF-162,Deep Fried Vegetable,450,475,276,276,80.00,10,2.50,,,162,0,,0,,0,0,0,0,A,Menu,0,0,0,0,2,YES
GF-163,Extra Rice,450,475,276,276,110.00,10,2.50,,,162,0,,0,,0,0,0,0,A,Menu,0,0,0,0,2,YES
GF-164,Extra Noodles(Keadama),450,475,276,276,100.00,10,2.50,,,162,0,,0,,0,0,0,0,A,Menu,0,0,0,0,2,YES
GF-165,Chashu,450,475,276,276,230.00,10,2.50,,,162,0,,0,,0,0,0,0,A,Menu,0,0,0,0,2,YES
GF-166,Sake Noriben,433,453,276,276,476.00,10,2.50,,,162,0,,0,,0,0,0,0,A,Menu,0,0,0,0,2,YES
GF-167,Buta Stamina Bento,433,453,276,276,457.00,10,2.50,,,162,0,,0,,0,0,0,0,A,Menu,0,0,0,0,2,YES
GF-168,Buta Shoga Yaki Bento,433,453,276,276,457.00,10,2.50,,,162,0,,0,,0,0,0,0,A,Menu,0,0,0,0,2,YES
GF-169,Karaage Bento,433,453,276,276,438.00,10,2.50,,,162,0,,0,,0,0,0,0,A,Menu,0,0,0,0,2,YES
GF-170,Buta Yasai Itame Bento,433,453,276,276,476.00,10,2.50,,,162,0,,0,,0,0,0,0,A,Menu,0,0,0,0,2,YES
GF-171,Chicken Nanban Bento,433,453,276,276,476.00,10,2.50,,,162,0,,0,,0,0,0,0,A,Menu,0,0,0,0,2,YES
GF-172,Healthy Makunouchi Bento,433,453,276,276,571.00,10,2.50,,,162,0,,0,,0,0,0,0,A,Menu,0,0,0,0,2,YES
GF-173,Yakitori Don,433,453,276,276,362.00,10,2.50,,,162,0,,0,,0,0,0,0,A,Menu,0,0,0,0,2,YES
GF-174,Buta Galbi Don,433,453,276,276,476.00,10,2.50,,,162,0,,0,,0,0,0,0,A,Menu,0,0,0,0,2,YES
GF-175,Oyako Don,433,453,276,276,362.00,10,2.50,,,162,0,,0,,0,0,0,0,A,Menu,0,0,0,0,2,YES
GF-176,Buta Stamina Don,433,453,276,276,438.00,10,2.50,,,162,0,,0,,0,0,0,0,A,Menu,0,0,0,0,2,YES
GF-177,Buta Don,433,453,276,276,438.00,10,2.50,,,162,0,,0,,0,0,0,0,A,Menu,0,0,0,0,2,YES
GF-178,Chashu Don,433,453,276,276,438.00,10,2.50,,,162,0,,0,,0,0,0,0,A,Menu,0,0,0,0,2,YES
GF-179,Buta Shogayaki Don,433,453,276,276,438.00,10,2.50,,,162,0,,0,,0,0,0,0,A,Menu,0,0,0,0,2,YES
GF-180,Ginger Pork Vegetable Bowl,433,453,276,276,429.00,10,2.50,,,162,0,,0,,0,0,0,0,A,Menu,0,0,0,0,2,YES
GF-181,Tokyo Curry,433,453,276,276,362.00,10,2.50,,,162,0,,0,,0,0,0,0,A,Menu,0,0,0,0,2,YES
GF-182,Chicken Katsu Curry,433,453,276,276,476.00,10,2.50,,,162,0,,0,,0,0,0,0,A,Menu,0,0,0,0,2,YES
GF-183,Stamina Pork Curry,433,453,276,276,476.00,10,2.50,,,162,0,,0,,0,0,0,0,A,Menu,0,0,0,0,2,YES
GF-184,Karaage Curry,433,453,276,276,438.00,10,2.50,,,162,0,,0,,0,0,0,0,A,Menu,0,0,0,0,2,YES
GF-185,Age Yasai Curry,433,453,276,276,381.00,10,2.50,,,162,0,,0,,0,0,0,0,A,Menu,0,0,0,0,2,YES
GF-186,Side Salad Veg,433,453,276,276,143.00,10,2.50,,,162,0,,0,,0,0,0,0,A,Menu,0,0,0,0,2,YES
GF-187,Side Salad Non-Veg,433,453,276,276,171.00,10,2.50,,,162,0,,0,,0,0,0,0,A,Menu,0,0,0,0,2,YES
GF-188,Gyoza Full Non-Veg,433,453,276,276,400.00,10,2.50,,,162,0,,0,,0,0,0,0,A,Menu,0,0,0,0,2,YES
GF-189,Gyoza Half Non-Veg,433,453,276,276,209.50,10,2.50,,,162,0,,0,,0,0,0,0,A,Menu,0,0,0,0,2,YES
GF-190,Veg Gyoza Full,433,453,276,276,400.00,10,2.50,,,162,0,,0,,0,0,0,0,A,Menu,0,0,0,0,2,YES
GF-191,Veg Gyoza Half,433,453,276,276,209.50,10,2.50,,,162,0,,0,,0,0,0,0,A,Menu,0,0,0,0,2,YES
GF-192,Choinomi Set A ,433,453,276,276,362.00,10,2.50,,,162,0,,0,,0,0,0,0,A,Menu,0,0,0,0,2,YES
GF-193,Choinomi Set B ,433,453,276,276,476.00,10,2.50,,,162,0,,0,,0,0,0,0,A,Menu,0,0,0,0,2,YES
GF-194,BUDWEISER 1650ML PITCHER,437,452,481,481,1720.00,48,18,,,206,0,,0,,0,0,0,0,A,Menu,0,0,0,0,17,YES
GF-195,BUDWEISER 330ML,437,452,368,368,365.00,48,18,,,206,0,,0,,0,0,0,0,A,Menu,0,0,0,0,17,YES
GF-196,COKE BEER,437,452,368,368,365.00,48,18,,,206,0,,0,,0,0,0,0,A,Menu,0,0,0,0,17,YES
GF-197,KINGFISHER ULTRA LAGER 330ML,437,452,110,110,400.00,48,18,,,206,0,,0,,0,0,0,0,A,Menu,0,0,0,0,17,YES
GF-198,Mango Beer,437,452,368,368,365.00,48,18,,,206,0,,0,,0,0,0,0,A,Menu,0,0,0,0,17,YES
GF-199,Moutain Dew Beer,437,452,368,368,365.00,48,18,,,206,0,,0,,0,0,0,0,A,Menu,0,0,0,0,17,YES
GF-200,Orange Beer,437,452,368,368,365.00,48,18,,,206,0,,0,,0,0,0,0,A,Menu,0,0,0,0,17,YES
GF-201,SIXFIELDS DRAUGHT  BEER 1650ML PITCHER,437,452,481,481,1720.00,48,18,,,206,0,,0,,0,0,0,0,A,Menu,0,0,0,0,17,YES
GF-202,SIXFIELDS DROUGHT BEER 330ML,437,452,368,368,365.00,48,18,,,206,0,,0,,0,0,0,0,A,Menu,0,0,0,0,17,YES
GF-203,Sweet Lime Beer,437,452,368,368,385.00,48,18,,,206,0,,0,,0,0,0,0,A,Menu,0,0,0,0,17,YES
GF-204,Bull yaku Sour,437,473,368,368,450.00,48,18,,,206,0,,0,,0,0,0,0,A,Menu,0,0,0,0,17,YES
GF-205,Chuhai Big,437,473,368,368,260.00,48,18,,,206,0,,0,,0,0,0,0,A,Menu,0,0,0,0,17,YES
GF-206,Chuhai Small,437,473,368,368,260.00,48,18,,,206,0,,0,,0,0,0,0,A,Menu,0,0,0,0,17,YES
GF-207,Mango Hai,437,473,368,368,340.00,48,18,,,206,0,,0,,0,0,0,0,A,Menu,0,0,0,0,17,YES
GF-208,Mango Sour Small,437,473,368,368,340.00,48,18,,,206,0,,0,,0,0,0,0,A,Menu,0,0,0,0,17,YES
GF-209,Mongo Sour Big,437,473,368,368,340.00,48,18,,,206,0,,0,,0,0,0,0,A,Menu,0,0,0,0,17,YES
GF-210,Nama Lemon Sour Big,437,473,368,368,340.00,48,18,,,206,0,,0,,0,0,0,0,A,Menu,0,0,0,0,17,YES
GF-211,Nama Lemon Sour Small,437,473,368,368,340.00,48,18,,,206,0,,0,,0,0,0,0,A,Menu,0,0,0,0,17,YES
GF-212,Oolong Hai Big,437,473,368,368,260.00,48,18,,,206,0,,0,,0,0,0,0,A,Menu,0,0,0,0,17,YES
GF-213,Oolong Hai Small,437,473,368,368,260.00,48,18,,,206,0,,0,,0,0,0,0,A,Menu,0,0,0,0,17,YES
GF-214,Orange Hai,437,473,368,368,340.00,48,18,,,206,0,,0,,0,0,0,0,A,Menu,0,0,0,0,17,YES
GF-215,Orange Sour Big,437,473,368,368,340.00,48,18,,,206,0,,0,,0,0,0,0,A,Menu,0,0,0,0,17,YES
GF-216,Orange Sour Small,437,473,368,368,340.00,48,18,,,206,0,,0,,0,0,0,0,A,Menu,0,0,0,0,17,YES
GF-217,Red Bull Sour,437,473,368,368,450.00,48,18,,,206,0,,0,,0,0,0,0,A,Menu,0,0,0,0,17,YES
GF-218,Ryokucha Hai Big,437,473,368,368,260.00,48,18,,,206,0,,0,,0,0,0,0,A,Menu,0,0,0,0,17,YES
GF-219,Ryokucha Hai Small,437,473,368,368,260.00,48,18,,,206,0,,0,,0,0,0,0,A,Menu,0,0,0,0,17,YES
GF-220,Swee Lime Sour Small,437,473,368,368,350.00,48,18,,,206,0,,0,,0,0,0,0,A,Menu,0,0,0,0,17,YES
GF-221,SWEET LIME SOUR B,437,473,368,368,350.00,48,18,,,206,0,,0,,0,0,0,0,A,Menu,0,0,0,0,17,YES
GF-222,Yakult Sour,437,473,368,368,340.00,48,18,,,206,0,,0,,0,0,0,0,A,Menu,0,0,0,0,17,YES
GF-223,Bull yaku Hiball,437,460,368,368,450.00,48,18,,,206,0,,0,,0,0,0,0,A,Menu,0,0,0,0,17,YES
GF-224,Coke Hiball Big,437,460,368,368,340.00,48,18,,,206,0,,0,,0,0,0,0,A,Menu,0,0,0,0,17,YES
GF-225,Coke Hiball Small,437,460,368,368,340.00,48,18,,,206,0,,0,,0,0,0,0,A,Menu,0,0,0,0,17,YES
GF-226,Hiball Big,437,460,368,368,260.00,48,18,,,206,0,,0,,0,0,0,0,A,Menu,0,0,0,0,17,YES
GF-227,Hiball Small,437,460,368,368,260.00,48,18,,,206,0,,0,,0,0,0,0,A,Menu,0,0,0,0,17,YES
GF-228,Lemon Hiball Big,437,460,368,368,340.00,48,18,,,206,0,,0,,0,0,0,0,A,Menu,0,0,0,0,17,YES
GF-229,Lemon Hiball Small,437,460,368,368,340.00,48,18,,,206,0,,0,,0,0,0,0,A,Menu,0,0,0,0,17,YES
GF-230,Mango Hi-Ball Big,437,460,368,368,340.00,48,18,,,206,0,,0,,0,0,0,0,A,Menu,0,0,0,0,17,YES
GF-231,Mango Hi-Ball Small,437,460,368,368,340.00,48,18,,,206,0,,0,,0,0,0,0,A,Menu,0,0,0,0,17,YES
GF-232,Orange HI-Ball Big,437,460,368,368,340.00,48,18,,,206,0,,0,,0,0,0,0,A,Menu,0,0,0,0,17,YES
GF-233,Orange HI-Ball Small,437,460,368,368,340.00,48,18,,,206,0,,0,,0,0,0,0,A,Menu,0,0,0,0,17,YES
GF-234,Red Bull Hiball,437,460,368,368,450.00,48,18,,,206,0,,0,,0,0,0,0,A,Menu,0,0,0,0,17,YES
GF-235,JIM BEAM HI-BALL (MIZUWARI),437,462,368,368,495.00,48,18,,,206,0,,0,,0,0,0,0,A,Menu,0,0,0,0,17,YES
GF-236,JIM BEAM HI-BALL (ROCK),437,462,368,368,495.00,48,18,,,206,0,,0,,0,0,0,0,A,Menu,0,0,0,0,17,YES
GF-237,JIM BEAM HI-BALL (SODA),437,462,368,368,495.00,48,18,,,206,0,,0,,0,0,0,0,A,Menu,0,0,0,0,17,YES
GF-238,Oaksmith Gold 30ML(MIZUWARI),437,462,368,368,395.00,48,18,,,206,0,,0,,0,0,0,0,A,Menu,0,0,0,0,17,YES
GF-239,Oaksmith Gold 30ML(ROCK),437,462,368,368,395.00,48,18,,,206,0,,0,,0,0,0,0,A,Menu,0,0,0,0,17,YES
GF-240,Oaksmith Gold 30ML(SODA),437,462,368,368,395.00,48,18,,,206,0,,0,,0,0,0,0,A,Menu,0,0,0,0,17,YES
GF-241,TEACHERS 30ML,437,462,368,368,495.00,48,18,,,206,0,,0,,0,0,0,0,A,Menu,0,0,0,0,17,YES
GF-242,TEACHERS 30ML(MIZUWARI),437,462,368,368,495.00,48,18,,,206,0,,0,,0,0,0,0,A,Menu,0,0,0,0,17,YES
GF-243,TEACHERS 30ML(ROCK),437,462,368,368,495.00,48,18,,,206,0,,0,,0,0,0,0,A,Menu,0,0,0,0,17,YES
GF-244,TEACHERS BOTTLE,437,462,110,110,9995.00,48,18,,,206,0,,0,,0,0,0,0,A,Menu,0,0,0,0,17,YES
GF-245,TEACHES 30ML (SODA),437,462,368,368,495.00,48,18,,,206,0,,0,,0,0,0,0,A,Menu,0,0,0,0,17,YES
GF-246,JUNMAI GINJO SAKE 300ML(BTL),437,461,110,110,3980.00,48,18,,,206,0,,0,,0,0,0,0,A,Menu,0,0,0,0,17,YES
GF-247,Kurokirishima 60ml Mizuwari,437,461,368,368,450.00,48,18,,,206,0,,0,,0,0,0,0,A,Menu,0,0,0,0,17,YES
GF-248,Kurokirishima 60ml Oyuwari,437,461,368,368,450.00,48,18,,,206,0,,0,,0,0,0,0,A,Menu,0,0,0,0,17,YES
GF-249,Kurokirishima 60ml Rock,437,461,368,368,450.00,48,18,,,206,0,,0,,0,0,0,0,A,Menu,0,0,0,0,17,YES
GF-250,SUNTORY WHISKY TOKI 30ML(ROCK),437,461,368,368,525.00,48,18,,,206,0,,0,,0,0,0,0,A,Menu,0,0,0,0,17,YES
GF-251,SUNTORY WHISKY TOKI 30ML(SODA),437,461,368,368,525.00,48,18,,,206,0,,0,,0,0,0,0,A,Menu,0,0,0,0,17,YES
GF-252,SUNTORY WHISKY TOKI 30ML(WATER),437,461,368,368,525.00,48,18,,,206,0,,0,,0,0,0,0,A,Menu,0,0,0,0,17,YES
GF-253,Togouchi 30ml Mizuwari,437,461,368,368,820.00,48,18,,,206,0,,0,,0,0,0,0,A,Menu,0,0,0,0,17,YES
GF-254,Togouchi 30ml Rock,437,461,368,368,820.00,48,18,,,206,0,,0,,0,0,0,0,A,Menu,0,0,0,0,17,YES
GF-255,Togouchi 30ml Soda,437,461,368,368,820.00,48,18,,,206,0,,0,,0,0,0,0,A,Menu,0,0,0,0,17,YES
GF-256,Grover Red Bottled,437,480,110,110,2580.00,48,18,,,206,0,,0,,0,0,0,0,A,Menu,0,0,0,0,17,YES
GF-257,Grover Red Glass,437,480,368,368,435.00,48,18,,,206,0,,0,,0,0,0,0,A,Menu,0,0,0,0,17,YES
GF-258,Grover White Bottled,437,480,110,110,2580.00,48,18,,,206,0,,0,,0,0,0,0,A,Menu,0,0,0,0,17,YES
GF-259,Grover White Glass,437,480,368,368,435.00,48,18,,,206,0,,0,,0,0,0,0,A,Menu,0,0,0,0,17,YES
GF-260,SULA BRUT BOTTEL,437,480,110,110,2658.00,48,18,,,206,0,,0,,0,0,0,0,A,Menu,0,0,0,0,17,YES
GF-261,Sula Red Bottled,437,480,110,110,2430.00,48,18,,,206,0,,0,,0,0,0,0,A,Menu,0,0,0,0,17,YES
GF-262,Sula Red Glass,437,480,368,368,400.00,48,18,,,206,0,,0,,0,0,0,0,A,Menu,0,0,0,0,17,YES
GF-263,Sula White Bottled,437,480,110,110,2430.00,48,18,,,206,0,,0,,0,0,0,0,A,Menu,0,0,0,0,17,YES
GF-264,Sula White Glass,437,480,368,368,400.00,48,18,,,206,0,,0,,0,0,0,0,A,Menu,0,0,0,0,17,YES
GF-265,Fresh Lime Soda,437,465,368,368,180.00,10,2.50,,,162,0,,0,,0,0,0,0,A,Menu,0,0,0,0,2,YES
GF-266,GINGER ALE,437,465,368,368,185.00,10,2.50,,,162,0,,0,,0,0,0,0,A,Menu,0,0,0,0,2,YES
GF-267,Lemon Tea Soda,437,465,368,368,295.00,10,2.50,,,162,0,,0,,0,0,0,0,A,Menu,0,0,0,0,2,YES
GF-268,PASSION ORANGE,437,465,368,368,295.00,10,2.50,,,162,0,,0,,0,0,0,0,A,Menu,0,0,0,0,2,YES
GF-269,Peach Tea Soda,437,465,368,368,295.00,10,2.50,,,162,0,,0,,0,0,0,0,A,Menu,0,0,0,0,2,YES
GF-270,Virgin Mojito,437,465,368,368,295.00,10,2.50,,,162,0,,0,,0,0,0,0,A,Menu,0,0,0,0,2,YES
GF-271,Virgin Perini,437,465,368,368,295.00,10,2.50,,,162,0,,0,,0,0,0,0,A,Menu,0,0,0,0,2,YES
GF-272,Bottled Water,437,472,110,110,110.00,10,2.50,,,162,0,,0,,0,0,0,0,A,Menu,0,0,0,0,2,YES
GF-273,Coke,437,472,368,368,185.00,10,2.50,,,162,0,,0,,0,0,0,0,A,Menu,0,0,0,0,2,YES
GF-274,Diet Coke,437,472,368,368,185.00,10,2.50,,,162,0,,0,,0,0,0,0,A,Menu,0,0,0,0,2,YES
GF-275,Moutain Dew,437,472,368,368,185.00,10,2.50,,,162,0,,0,,0,0,0,0,A,Menu,0,0,0,0,2,YES
GF-276,OLONG CHA,437,472,368,368,185.00,10,2.50,,,162,0,,0,,0,0,0,0,A,Menu,0,0,0,0,2,YES
GF-277,Red Bull,437,472,368,368,295.00,10,2.50,,,162,0,,0,,0,0,0,0,A,Menu,0,0,0,0,2,YES
GF-278,SODA BOTTLE,437,472,110,110,100.00,10,2.50,,,162,0,,0,,0,0,0,0,A,Menu,0,0,0,0,2,YES
GF-279,Sprite,437,472,368,368,185.00,10,2.50,,,162,0,,0,,0,0,0,0,A,Menu,0,0,0,0,2,YES
GF-280,Yakult,437,472,368,368,60.00,10,2.50,,,162,0,,0,,0,0,0,0,A,Menu,0,0,0,0,2,YES
GF-281,Apple Juice,437,463,368,368,185.00,10,2.50,,,162,0,,0,,0,0,0,0,A,Menu,0,0,0,0,2,YES
GF-282,Mango Juice,437,463,368,368,185.00,10,2.50,,,162,0,,0,,0,0,0,0,A,Menu,0,0,0,0,2,YES
GF-283,Mix Juice,437,463,368,368,295.00,10,2.50,,,162,0,,0,,0,0,0,0,A,Menu,0,0,0,0,2,YES
GF-284,Orange Juice,437,463,368,368,185.00,10,2.50,,,162,0,,0,,0,0,0,0,A,Menu,0,0,0,0,2,YES
GF-285,Sweet Lime Juice,437,463,368,368,225.00,10,2.50,,,162,0,,0,,0,0,0,0,A,Menu,0,0,0,0,2,YES
DL-GF-1,Kuuraku Ramen,486,500,276,276,765.00,43,0.00,,,162,0,,0,,0,0,0,0,A,Menu,0,0,0,0,2,YES
DL-GF-2,Miso Ramen,486,500,276,276,765.00,43,0.00,,,162,0,,0,,0,0,0,0,A,Menu,0,0,0,0,2,YES
DL-GF-3,Tan Tan Men,486,500,276,276,765.00,43,0.00,,,162,0,,0,,0,0,0,0,A,Menu,0,0,0,0,2,YES
DL-GF-4,Chashu Ramen,486,500,276,276,955.00,43,0.00,,,162,0,,0,,0,0,0,0,A,Menu,0,0,0,0,2,YES
DL-GF-5,Shio Tonkotsu Ramen,486,500,276,276,830.00,43,0.00,,,162,0,,0,,0,0,0,0,A,Menu,0,0,0,0,2,YES
DL-GF-6,Aka Tonkotsu Ramen,486,500,276,276,830.00,43,0.00,,,162,0,,0,,0,0,0,0,A,Menu,0,0,0,0,2,YES
DL-GF-7,Veg Sesame Ramen,486,500,276,276,765.00,43,0.00,,,162,0,,0,,0,0,0,0,A,Menu,0,0,0,0,2,YES
DL-GF-8,Karamiso Ramen,486,500,276,276,775.00,43,0.00,,,162,0,,0,,0,0,0,0,A,Menu,0,0,0,0,2,YES
DL-GF-9,Kakeage Age Soba,486,500,276,276,500.00,43,0.00,,,162,0,,0,,0,0,0,0,A,Menu,0,0,0,0,2,YES
DL-GF-10,Yasai Ten Udon,486,500,276,276,520.00,43,0.00,,,162,0,,0,,0,0,0,0,A,Menu,0,0,0,0,2,YES
DL-GF-11,Tokyo Curry,483,495,276,276,525.00,43,0.00,,,162,0,,0,,0,0,0,0,A,Menu,0,0,0,0,2,YES
DL-GF-12,Age Yasai Curry,483,495,276,276,595.00,43,0.00,,,162,0,,0,,0,0,0,0,A,Menu,0,0,0,0,2,YES
DL-GF-13,Stamina Pork Curry,483,495,276,276,655.00,43,0.00,,,162,0,,0,,0,0,0,0,A,Menu,0,0,0,0,2,YES
DL-GF-14, Chicken Katsu Curry,483,495,276,276,655.00,43,0.00,,,162,0,,0,,0,0,0,0,A,Menu,0,0,0,0,2,YES
DL-GF-15,Karaage Curry,483,495,276,276,625.00,43,0.00,,,162,0,,0,,0,0,0,0,A,Menu,0,0,0,0,2,YES
DL-GF-16,Crunchy Prawn Roll,490,505,276,276,800.00,43,0.00,,,162,0,,0,,0,0,0,0,A,Menu,0,0,0,0,2,YES
DL-GF-17,Spicy Tuna Roll,490,505,276,276,800.00,43,0.00,,,162,0,,0,,0,0,0,0,A,Menu,0,0,0,0,2,YES
DL-GF-18,California Roll,490,505,276,276,800.00,43,0.00,,,162,0,,0,,0,0,0,0,A,Menu,0,0,0,0,2,YES
DL-GF-19,Dynamite Roll,490,505,276,276,800.00,43,0.00,,,162,0,,0,,0,0,0,0,A,Menu,0,0,0,0,2,YES
DL-GF-20,Salmon Cheese Roll,490,505,276,276,800.00,43,0.00,,,162,0,,0,,0,0,0,0,A,Menu,0,0,0,0,2,YES
DL-GF-21,Salmon Avocado Roll,490,505,276,276,800.00,43,0.00,,,162,0,,0,,0,0,0,0,A,Menu,0,0,0,0,2,YES
DL-GF-22,Veg Salad Roll,490,505,276,276,700.00,43,0.00,,,162,0,,0,,0,0,0,0,A,Menu,0,0,0,0,2,YES
DL-GF-23,Taj Mahal Roll,490,505,276,276,700.00,43,0.00,,,162,0,,0,,0,0,0,0,A,Menu,0,0,0,0,2,YES
DL-GF-24,Spicy Salmon Roll,490,505,276,276,800.00,43,0.00,,,162,0,,0,,0,0,0,0,A,Menu,0,0,0,0,2,YES
DL-GF-25,Route 66 Roll,490,505,276,276,800.00,43,0.00,,,162,0,,0,,0,0,0,0,A,Menu,0,0,0,0,2,YES
DL-GF-26,Maguro (Tuna) Roll ,490,505,276,276,800.00,43,0.00,,,162,0,,0,,0,0,0,0,A,Menu,0,0,0,0,2,YES
DL-GF-27,Tuna Avocado Roll,490,505,276,276,800.00,43,0.00,,,162,0,,0,,0,0,0,0,A,Menu,0,0,0,0,2,YES
DL-GF-28,Salmon Tuna Avocado Roll,490,505,276,276,850.00,43,0.00,,,162,0,,0,,0,0,0,0,A,Menu,0,0,0,0,2,YES
DL-GF-29,Salmon Fried Sushi Roll,490,505,276,276,800.00,43,0.00,,,162,0,,0,,0,0,0,0,A,Menu,0,0,0,0,2,YES
DL-GF-30,Salmon Tempura Roll,490,505,276,276,800.00,43,0.00,,,162,0,,0,,0,0,0,0,A,Menu,0,0,0,0,2,YES
DL-GF-31,Age Gyoza,489,504,276,276,315.00,43,0.00,,,162,0,,0,,0,0,0,0,A,Menu,0,0,0,0,2,YES
DL-GF-32,Chicken Gyoza 4Pcs,489,504,276,276,300.00,43,0.00,,,162,0,,0,,0,0,0,0,A,Menu,0,0,0,0,2,YES
DL-GF-33,Chicken Gyoza 8Pcs,489,504,276,276,500.00,43,0.00,,,162,0,,0,,0,0,0,0,A,Menu,0,0,0,0,2,YES
DL-GF-34,Veg Gyoza 4Pcs,489,504,276,276,270.00,43,0.00,,,162,0,,0,,0,0,0,0,A,Menu,0,0,0,0,2,YES
DL-GF-35,Veg Gyoza 8Pcs,489,504,276,276,470.00,43,0.00,,,162,0,,0,,0,0,0,0,A,Menu,0,0,0,0,2,YES
DL-GF-36,Edamame,489,504,276,276,450.00,43,0.00,,,162,0,,0,,0,0,0,0,A,Menu,0,0,0,0,2,YES
DL-GF-37,Corn Tempura,484,496,276,276,320.00,43,0.00,,,162,0,,0,,0,0,0,0,A,Menu,0,0,0,0,2,YES
DL-GF-38,Agedashi Todu,484,496,276,276,480.00,43,0.00,,,162,0,,0,,0,0,0,0,A,Menu,0,0,0,0,2,YES
DL-GF-39,Tori No Karaage,484,496,276,276,425.00,43,0.00,,,162,0,,0,,0,0,0,0,A,Menu,0,0,0,0,2,YES
DL-GF-40,Spicy Karaage,484,496,276,276,425.00,43,0.00,,,162,0,,0,,0,0,0,0,A,Menu,0,0,0,0,2,YES
DL-GF-41,Ebi Tempura,484,496,276,276,630.00,43,0.00,,,162,0,,0,,0,0,0,0,A,Menu,0,0,0,0,2,YES
DL-GF-42,Chicken Sudori,489,504,276,276,425.00,43,0.00,,,162,0,,0,,0,0,0,0,A,Menu,0,0,0,0,2,YES
DL-GF-43,Yaki Udon,489,504,276,276,500.00,43,0.00,,,162,0,,0,,0,0,0,0,A,Menu,0,0,0,0,2,YES
DL-GF-44,Yaki Soba,489,504,276,276,480.00,43,0.00,,,162,0,,0,,0,0,0,0,A,Menu,0,0,0,0,2,YES
DL-GF-45,Pari Pari Piman,489,504,276,276,380.00,43,0.00,,,162,0,,0,,0,0,0,0,A,Menu,0,0,0,0,2,YES
DL-GF-46,Ebi to Yasai no Garlic Itame,489,504,276,276,480.00,43,0.00,,,162,0,,0,,0,0,0,0,A,Menu,0,0,0,0,2,YES
DL-GF-47,Imopari Butter,489,504,276,276,280.00,43,0.00,,,162,0,,0,,0,0,0,0,A,Menu,0,0,0,0,2,YES
DL-GF-48,Pork Sukiyaki,489,504,276,276,580.00,43,0.00,,,162,0,,0,,0,0,0,0,A,Menu,0,0,0,0,2,YES
DL-GF-49,Millefeuille Katsu Don,489,504,276,276,585.00,43,0.00,,,162,0,,0,,0,0,0,0,A,Menu,0,0,0,0,2,YES
DL-GF-50,Banya Kauda,488,503,276,276,400.00,43,0.00,,,162,0,,0,,0,0,0,0,A,Menu,0,0,0,0,2,YES
DL-GF-51,Caesar Salad Full,488,503,276,276,450.00,43,0.00,,,162,0,,0,,0,0,0,0,A,Menu,0,0,0,0,2,YES
DL-GF-52,Caesar Salad Half,488,503,276,276,280.00,43,0.00,,,162,0,,0,,0,0,0,0,A,Menu,0,0,0,0,2,YES
DL-GF-53,Buta Sabugoma Salad Full,488,503,276,276,450.00,43,0.00,,,162,0,,0,,0,0,0,0,A,Menu,0,0,0,0,2,YES
DL-GF-54,Buta Sabugoma Salad Half,488,503,276,276,280.00,43,0.00,,,162,0,,0,,0,0,0,0,A,Menu,0,0,0,0,2,YES
DL-GF-55,Tofu No Wafu Salad Full,488,503,276,276,450.00,43,0.00,,,162,0,,0,,0,0,0,0,A,Menu,0,0,0,0,2,YES
DL-GF-56,Tofu No Wafu Salad Half,488,503,276,276,280.00,43,0.00,,,162,0,,0,,0,0,0,0,A,Menu,0,0,0,0,2,YES
DL-GF-57,Veg Side Salad (Wafu Dressing),488,503,276,276,185.00,43,0.00,,,162,0,,0,,0,0,0,0,A,Menu,0,0,0,0,2,YES
DL-GF-58,Non-Veg Side Salad(Wafu Dressing),488,503,276,276,214.00,43,0.00,,,162,0,,0,,0,0,0,0,A,Menu,0,0,0,0,2,YES
DL-GF-59,Non-Veg Side Salad(Goma Dressing),488,503,276,276,214.00,43,0.00,,,162,0,,0,,0,0,0,0,A,Menu,0,0,0,0,2,YES
DL-GF-60,Non-Veg Side Salad(Ceaser Dressing),488,503,276,276,214.00,43,0.00,,,162,0,,0,,0,0,0,0,A,Menu,0,0,0,0,2,YES
DL-GF-61,Cheese Cake,485,497,276,276,230.00,43,0.00,,,162,0,,0,,0,0,0,0,A,Menu,0,0,0,0,2,YES
DL-GF-62,Matcha Cheese Cake,485,497,276,276,230.00,43,0.00,,,162,0,,0,,0,0,0,0,A,Menu,0,0,0,0,2,YES
DL-GF-63,Momo Shio,492,494,276,276,200.00,43,0.00,,,162,0,,0,,0,0,0,0,A,Menu,0,0,0,0,2,YES
DL-GF-64,Momo Tare,492,494,276,276,200.00,43,0.00,,,162,0,,0,,0,0,0,0,A,Menu,0,0,0,0,2,YES
DL-GF-65,Negima Salt,492,494,276,276,200.00,43,0.00,,,162,0,,0,,0,0,0,0,A,Menu,0,0,0,0,2,YES
DL-GF-66,Negima Tare,492,494,276,276,200.00,43,0.00,,,162,0,,0,,0,0,0,0,A,Menu,0,0,0,0,2,YES
DL-GF-67,Momo Stamina,492,494,276,276,200.00,43,0.00,,,162,0,,0,,0,0,0,0,A,Menu,0,0,0,0,2,YES
DL-GF-68,Kuuraku Yaki,492,494,276,276,300.00,43,0.00,,,162,0,,0,,0,0,0,0,A,Menu,0,0,0,0,2,YES
DL-GF-69,Ninnikuma Shio,492,494,276,276,200.00,43,0.00,,,162,0,,0,,0,0,0,0,A,Menu,0,0,0,0,2,YES
DL-GF-70,Ninnikuma Tare,492,494,276,276,200.00,43,0.00,,,162,0,,0,,0,0,0,0,A,Menu,0,0,0,0,2,YES
DL-GF-71,Bonjiri Shio,492,494,276,276,200.00,43,0.00,,,162,0,,0,,0,0,0,0,A,Menu,0,0,0,0,2,YES
DL-GF-72,Bonjiri Tare,492,494,276,276,200.00,43,0.00,,,162,0,,0,,0,0,0,0,A,Menu,0,0,0,0,2,YES
DL-GF-73,Kawa Shio,492,494,276,276,200.00,43,0.00,,,162,0,,0,,0,0,0,0,A,Menu,0,0,0,0,2,YES
DL-GF-74,Kawa Tare,492,494,276,276,200.00,43,0.00,,,162,0,,0,,0,0,0,0,A,Menu,0,0,0,0,2,YES
DL-GF-75,Tebasaki shio,492,494,276,276,200.00,43,0.00,,,162,0,,0,,0,0,0,0,A,Menu,0,0,0,0,2,YES
DL-GF-76,Tebasaki Tare,492,494,276,276,200.00,43,0.00,,,162,0,,0,,0,0,0,0,A,Menu,0,0,0,0,2,YES
DL-GF-77,Tsunagi Shio,492,494,276,276,220.00,43,0.00,,,162,0,,0,,0,0,0,0,A,Menu,0,0,0,0,2,YES
DL-GF-78,Tsunagi Tare,492,494,276,276,220.00,43,0.00,,,162,0,,0,,0,0,0,0,A,Menu,0,0,0,0,2,YES
DL-GF-79,Sunagimo Shio,492,494,276,276,170.00,43,0.00,,,162,0,,0,,0,0,0,0,A,Menu,0,0,0,0,2,YES
DL-GF-80,Sunagimo Tare,492,494,276,276,170.00,43,0.00,,,162,0,,0,,0,0,0,0,A,Menu,0,0,0,0,2,YES
DL-GF-81,Hatsu Shio,492,494,276,276,170.00,43,0.00,,,162,0,,0,,0,0,0,0,A,Menu,0,0,0,0,2,YES
DL-GF-82,Hatsu Tare,492,494,276,276,170.00,43,0.00,,,162,0,,0,,0,0,0,0,A,Menu,0,0,0,0,2,YES
DL-GF-83,Reba Shio,492,494,276,276,170.00,43,0.00,,,162,0,,0,,0,0,0,0,A,Menu,0,0,0,0,2,YES
DL-GF-84,Reba Tare,492,494,276,276,170.00,43,0.00,,,162,0,,0,,0,0,0,0,A,Menu,0,0,0,0,2,YES
DL-GF-85,Chizu Yaki,492,498,276,276,240.00,43,0.00,,,162,0,,0,,0,0,0,0,A,Menu,0,0,0,0,2,YES
DL-GF-86,Wasabi Yaki,492,498,276,276,240.00,43,0.00,,,162,0,,0,,0,0,0,0,A,Menu,0,0,0,0,2,YES
DL-GF-87,Kochumayo Yaki,492,498,276,276,240.00,43,0.00,,,162,0,,0,,0,0,0,0,A,Menu,0,0,0,0,2,YES
DL-GF-88,Teriyaki Mayo,492,498,276,276,240.00,43,0.00,,,162,0,,0,,0,0,0,0,A,Menu,0,0,0,0,2,YES
DL-GF-89,Shionegi Yaki,492,498,276,276,240.00,43,0.00,,,162,0,,0,,0,0,0,0,A,Menu,0,0,0,0,2,YES
DL-GF-90,Garlic Mayo Yaki,492,498,276,276,240.00,43,0.00,,,162,0,,0,,0,0,0,0,A,Menu,0,0,0,0,2,YES
DL-GF-91,Tsukune Shio,492,507,276,276,200.00,43,0.00,,,162,0,,0,,0,0,0,0,A,Menu,0,0,0,0,2,YES
DL-GF-92,Tsukune Tare,492,507,276,276,200.00,43,0.00,,,162,0,,0,,0,0,0,0,A,Menu,0,0,0,0,2,YES
DL-GF-93,Oropon Tsukune,492,507,276,276,230.00,43,0.00,,,162,0,,0,,0,0,0,0,A,Menu,0,0,0,0,2,YES
DL-GF-94,Norimayo Tsukune,492,507,276,276,230.00,43,0.00,,,162,0,,0,,0,0,0,0,A,Menu,0,0,0,0,2,YES
DL-GF-95,Yuzukosho Tsukune,492,507,276,276,230.00,43,0.00,,,162,0,,0,,0,0,0,0,A,Menu,0,0,0,0,2,YES
DL-GF-96,Shionegi Tsukune,492,507,276,276,230.00,43,0.00,,,162,0,,0,,0,0,0,0,A,Menu,0,0,0,0,2,YES
DL-GF-97,Karamiso Tsukune,492,507,276,276,230.00,43,0.00,,,162,0,,0,,0,0,0,0,A,Menu,0,0,0,0,2,YES
DL-GF-98,Cheese Tsukune,492,507,276,276,240.00,43,0.00,,,162,0,,0,,0,0,0,0,A,Menu,0,0,0,0,2,YES
DL-GF-99,Butabara ,492,499,276,276,260.00,43,0.00,,,162,0,,0,,0,0,0,0,A,Menu,0,0,0,0,2,YES
DL-GF-100,Butabara Oroshi,492,499,276,276,290.00,43,0.00,,,162,0,,0,,0,0,0,0,A,Menu,0,0,0,0,2,YES
DL-GF-101,Butabara Stamina,492,499,276,276,260.00,43,0.00,,,162,0,,0,,0,0,0,0,A,Menu,0,0,0,0,2,YES
DL-GF-102,Karaage ,491,506,276,276,150.00,43,0.00,,,162,0,,0,,0,0,0,0,A,Menu,0,0,0,0,2,YES
DL-GF-103,Stamina Pork,491,506,276,276,200.00,43,0.00,,,162,0,,0,,0,0,0,0,A,Menu,0,0,0,0,2,YES
DL-GF-104,Deep Fried Vegetable,491,506,276,276,50.00,43,0.00,,,162,0,,0,,0,0,0,0,A,Menu,0,0,0,0,2,YES
DL-GF-105,Extra Rice,491,506,276,276,80.00,43,0.00,,,162,0,,0,,0,0,0,0,A,Menu,0,0,0,0,2,YES
DL-GF-106,Extra Noodles(Keadama),491,506,276,276,100.00,43,0.00,,,162,0,,0,,0,0,0,0,A,Menu,0,0,0,0,2,YES
DL-GF-107,Chashu,491,506,276,276,200.00,43,0.00,,,162,0,,0,,0,0,0,0,A,Menu,0,0,0,0,2,YES
DL-GF-108,Rayu Bottle(280ml),491,506,276,276,325.00,43,0.00,,,162,0,,0,,0,0,0,0,A,Menu,0,0,0,0,2,YES
DL-GF-109,Miso Soup,491,506,276,276,150.00,43,0.00,,,162,0,,0,,0,0,0,0,A,Menu,0,0,0,0,2,YES
DL-GF-110,Sake Noriben,482,493,276,276,765.00,43,0.00,,,162,0,,0,,0,0,0,0,A,Menu,0,0,0,0,2,YES
DL-GF-111,Buta Stamina Bento,482,493,276,276,765.00,43,0.00,,,162,0,,0,,0,0,0,0,A,Menu,0,0,0,0,2,YES
DL-GF-112,Buta Shoga Yaki Bento,482,493,276,276,765.00,43,0.00,,,162,0,,0,,0,0,0,0,A,Menu,0,0,0,0,2,YES
DL-GF-113,Karaage Bento,482,493,276,276,685.00,43,0.00,,,162,0,,0,,0,0,0,0,A,Menu,0,0,0,0,2,YES
DL-GF-114,Buta Yasai Itame Bento,482,493,276,276,765.00,43,0.00,,,162,0,,0,,0,0,0,0,A,Menu,0,0,0,0,2,YES
DL-GF-115,Chicken Nanban Bento,482,493,276,276,765.00,43,0.00,,,162,0,,0,,0,0,0,0,A,Menu,0,0,0,0,2,YES
DL-GF-116,Healthy Makunouchi Bento,482,493,276,276,790.00,43,0.00,,,162,0,,0,,0,0,0,0,A,Menu,0,0,0,0,2,YES
DL-GF-117,Yakitori Don,487,501,276,276,500.00,43,0.00,,,162,0,,0,,0,0,0,0,A,Menu,0,0,0,0,2,YES
DL-GF-118,Oyako Don,487,501,276,276,470.00,43,0.00,,,162,0,,0,,0,0,0,0,A,Menu,0,0,0,0,2,YES
DL-GF-119,Chuka don,487,501,276,276,585.00,43,0.00,,,162,0,,0,,0,0,0,0,A,Menu,0,0,0,0,2,YES
DL-GF-120,Mapo Nasu Don,487,501,276,276,580.00,43,0.00,,,162,0,,0,,0,0,0,0,A,Menu,0,0,0,0,2,YES
DL-GF-121,Mapo Tofu Don,487,501,276,276,580.00,43,0.00,,,162,0,,0,,0,0,0,0,A,Menu,0,0,0,0,2,YES
DL-GF-122,Chicken Katsu Don,487,501,276,276,580.00,43,0.00,,,162,0,,0,,0,0,0,0,A,Menu,0,0,0,0,2,YES
DL-GF-123,Tendon,487,501,276,276,650.00,43,0.00,,,162,0,,0,,0,0,0,0,A,Menu,0,0,0,0,2,YES
DL-GF-124,Kake Age Don,487,501,276,276,500.00,43,0.00,,,162,0,,0,,0,0,0,0,A,Menu,0,0,0,0,2,YES
DL-GF-125,Ebi Tendon,487,501,276,276,660.00,43,0.00,,,162,0,,0,,0,0,0,0,A,Menu,0,0,0,0,2,YES
DL-GF-126,Ishiyaki Teriyaki Don,487,501,276,276,500.00,43,0.00,,,162,0,,0,,0,0,0,0,A,Menu,0,0,0,0,2,YES
DL-GF-127,Buta Stamina Don,487,502,276,276,585.00,43,0.00,,,162,0,,0,,0,0,0,0,A,Menu,0,0,0,0,2,YES
DL-GF-128,Buta Stamina Don Cho-Tokumori,487,502,276,276,845.00,43,0.00,,,162,0,,0,,0,0,0,0,A,Menu,0,0,0,0,2,YES
DL-GF-129,Buta Don,487,502,276,276,585.00,43,0.00,,,162,0,,0,,0,0,0,0,A,Menu,0,0,0,0,2,YES
DL-GF-130,Buta Don Cho-Tokumori,487,502,276,276,845.00,43,0.00,,,162,0,,0,,0,0,0,0,A,Menu,0,0,0,0,2,YES
DL-GF-131,Chashu Don,487,502,276,276,500.00,43,0.00,,,162,0,,0,,0,0,0,0,A,Menu,0,0,0,0,2,YES
DL-GF-132,Buta Shogayaki Don,487,502,276,276,585.00,43,0.00,,,162,0,,0,,0,0,0,0,A,Menu,0,0,0,0,2,YES
DL-GF-133,Buta Shogayaki Don Cho-Tokumori,487,502,276,276,845.00,43,0.00,,,162,0,,0,,0,0,0,0,A,Menu,0,0,0,0,2,YES
DL-GF-134,Ginger Pork Vegetable Bowl,487,502,276,276,560.00,43,0.00,,,162,0,,0,,0,0,0,0,A,Menu,0,0,0,0,2,YES
DL-GF-135,Buta Galbi Don,487,502,276,276,620.00,43,0.00,,,162,0,,0,,0,0,0,0,A,Menu,0,0,0,0,2,YES
,,,,,,,,,,,,,,,,,,,,,,,,,,,
,,,,,,,,,,,,,,,,,,,,,,,,,,,
,,,,,,,,,,,,,,,,,,,,,,,,,,,
,,,,,,,,,,,,,,,,,,,,,,,,,,,
,,,,,,,43,,,,,,,,,,,,,,,,,,,,
