DIN1,ACHAR MIX CLASSIC,,Grocery,Course meal,kg,gram,1000
DIN2,AJAWAIN,,Grocery,Course meal,Kg,gram,1000
DIN3,AMCHUR,,Grocery,Course meal,gram,gram,1
DIN4,AMUL BUTTER 500g,,Grocery,Chicken,gram,gram,1
DIN5,AMUL FRESH CREAM,,Grocery,Kawaridane,Pcs,pcs,1
DIN6,AMUL TAAZA,,Grocery,Grocery,Pcs,pcs,1
DIN7,Amul Ghee,,Grocery,Grocery,Kg,gram,1000
DIN8,ARHAR DAL GUEST,,Grocery,Grocery,Kg,gram,1000
DIN9,ARHAR DAL STAFF,,Grocery,Grocery,Kg,gram,1000
DIN10,ATTA,,Grocery,Grocery,Kg,gram,1000
DIN11,BABY CORN,,Grocery,Grocery,Tin,Tin,1
DIN12,BADAM,,Grocery,Grocery,Kg,gram,1000
DIN13,BAMBOO SHOOT CRANZ,,Grocery,Grocery,Kg,gram,1000
DIN14,BAR B QUE SAUCE,,Grocery,Grocery,Kg,gram,1000
DIN15,BASMATI RICE,,Grocery,Grocery,Kg,gram,1000
DIN16,BLACK PAPER POWDER,,Grocery,Grocery,Kg,gram,1000
DIN17,BLACK PEPPER WHOLE,,Grocery,Grocery,Kg,gram,1000
DIN18,BLACK SALT POWDER,,Grocery,Grocery,Kg,gram,1000
DIN19,BLACK URAD SABUT,,Grocery,Grocery,Kg,gram,1000
DIN20,BROWN SUGAR,,Grocery,Grocery,gram,gram,1000
DIN21,BUTTON MUSH.PREMIUM,,Grocery,Grocery,Kg,gram,1000
DIN22,CASTER SUGAR,,Grocery,Grocery,Kg,gram,1000
DIN23,CHANA MASALA M.D.H.,,Grocery,Grocery,Pkt,Pkt,1
DIN24,CHAT CHANKI M.D.H.,,Grocery,Grocery,Pkt,Pkt,1
DIN25,CHAT MATAR,,Grocery,Grocery,Kg,gram,1000
DIN26,CHATNI DAL,,Grocery,Grocery,Kg,gram,1000
DIN27,CHEESE SLICE AMUL,,Grocery,Grocery,Pkt,Pkt,1
DIN28,CHEESE SLICE AMUL,,Grocery,Grocery,Pkt,Pkt,1
DIN29,CHEESE TIN,,Grocery,Grocery,Tin,Tin,1
DIN30,CHICKEN MASALA MDH,,Grocery,Grocery,Pkt,Pkt,1
DIN31,CHIRONJI,,Grocery,Grocery,gram,gram,1
DIN32,CHO CHO WAFFER STICK,,Grocery,Grocery,Kg,gram,1000
DIN33,CHOCO STRANDS (STD),,Grocery,Grocery,Kg,gram,1000
DIN34,CHOCOLATE SYRUP 623g,,Grocery,Grocery,Pcs,Pcs,1
DIN35,CHOLE MASALA EVEREST,,Grocery,Grocery,Kg,gram,1000
DIN36,clove,,Grocery,Grocery,Kg,gram,1000
DIN37,COCONUT MILK,,Grocery,Grocery,Tin,Tin,1
DIN38,COCONUT PANIWALA,,Grocery,Grocery,Kg,gram,1000
DIN39,COCONUT POWDER,,Grocery,Grocery,Kg,gram,1000
DIN40,CORN FLACKS KELLOGGS,,Grocery,Grocery,Kg,gram,1000
DIN41,Corn.FLOUR B&POLSON,,Grocery,Grocery,Kg,gram,1000
DIN42,CREAM RICH,,Grocery,Grocery,Kg,gram,1000
DIN43,CRUSH ORANGE,,Grocery,Grocery,Kg,gram,1000
DIN44,CUSTD.BROWN & POLSON,,Grocery,Grocery,Kg,gram,1000
DIN45,DABUR HONEY,,Grocery,Grocery,Kg,gram,1000
DIN46,DALCHINI,,Grocery,Grocery,gram,gram,1
DIN47,DALDA,,Grocery,Grocery,Kg,gram,1000
DIN48,DALIYA LIJJAT,,Grocery,Grocery,Kg,gram,1000
DIN49,DARK COMPOUND,,Grocery,Grocery,Kg,gram,1000
DIN50,DEGI MIRCH M.D.H.,,Grocery,Grocery,Kg,gram,1000
DIN51,DESI GHEE AMUL,,Grocery,Grocery,Kg,gram,1000
DIN52,DHANIA Pd EVEREST,,Grocery,Grocery,Kg,gram,1000
DIN53,DHANIA WHOLE,,Grocery,Grocery,Kg,gram,1000
DIN54,DORA ELAICHI,,Grocery,Grocery,gram,gram,1
DIN55,DRINKING CHO.Pd,,Grocery,Grocery,Pkt,Pkt,1
DIN56,DRY YEAST,,Grocery,Grocery,Kg,gram,1000
DIN57,ELAICHI GREEN,,Grocery,Grocery,gram,gram,1
DIN58,EMLI SEEDLESS,,Grocery,Grocery,Kg,gram,1000
DIN59,ESSENCE,,Grocery,Grocery,Kg,gram,1000
DIN60,FISH N FISH SAUCE,,Grocery,Grocery,Kg,gram,1000
DIN61,FRESH YEAST,,Grocery,Grocery,Kg,gram,1000
DIN62,FROOTY NILON`s,,Grocery,Grocery,Kg,gram,1000
DIN63,FROZEN CORN AMERICAN,,Grocery,Grocery,Kg,gram,1000
DIN64,FROZEN GREEN PEAS,,Grocery,Grocery,Kg,gram,1000
DIN65,GARAM MASALA EVEREST,,Grocery,Grocery,Pkt,Pkt,1
DIN66,GHERKINS,,Grocery,Grocery,Kg,gram,1000
DIN67,GREEN CHILLY FUN TOP,,Grocery,Grocery,Kg,gram,1000
DIN68,GUEST RICE,,Grocery,Grocery,Kg,gram,1000
DIN69,GULAB JAMUN HALDIRAM,,Grocery,Grocery,Tin,Tin,1
DIN70,H.P SAUCE,,Grocery,Grocery,Kg,gram,1000
DIN71,HALDI Pd EVEREST,,Grocery,Grocery,Kg,gram,1000
DIN72,HERBS BASIL,,Grocery,Grocery,Pkt,Pkt,1
DIN73,HERBS CHILLI FLAKES,,Grocery,Grocery,Kg,gram,1000
DIN74,HERBS OREGANO,,Grocery,Grocery,Kg,gram,1000
DIN75,HERBS PIZZA & PASTA,,Grocery,Grocery,Pkt,Pkt,1
DIN76,HERBS ROSEMERY,,Grocery,Grocery,Kg,gram,1000
DIN77,HERBS THYUME,,Grocery,Grocery,Pkt,Pkt,1
DIN78,HING,,Grocery,Grocery,Pkt,Pkt,1
DIN79,IDLI MIX,,Grocery,Grocery,Pkt,Pkt,1
DIN80,IDLI RAWA NEELKAMAL,,Grocery,Grocery,kg,gram,1000
DIN81,JAIPATRI,,Grocery,Grocery,kg,gram,1000
DIN82,JAIPHAL,,Grocery,Grocery,kg,gram,1000
DIN83,JALAPENO PEPPERS,,Grocery,Grocery,kg,gram,1000
DIN84,JALJEERA M.D.H,,Grocery,Grocery,kg,gram,1000
DIN85,JEERA,,Grocery,Grocery,kg,gram,1000
DIN86,JELLETINE,,Grocery,Grocery,kg,gram,1000
DIN87,JELLY CRYSTEL TOPS,,Grocery,Grocery,kg,gram,1000
DIN88,KABULI CHANA,,Grocery,Grocery,Kg,gram,1000
DIN89,KAJU.BROKEN,,Grocery,Grocery,Kg,gram,1000
DIN90,KAJU.WHOLE,,Grocery,Grocery,Kg,gram,1000
DIN91,KALONGI CLEANED,,Grocery,Grocery,gram,gram,1
DIN92,KASHMIRI MIRCH BMC,,Grocery,Grocery,Kg,gram,1000
DIN93,KASOORI METHI BMC,,Grocery,Grocery,Kg,gram,1000
DIN94,Kellogg MUESLI NUTS,,Grocery,Grocery,Kg,gram,1000
DIN95,KELLOGGS OATS,,Grocery,Grocery,Kg,gram,1000
DIN96,KEORA WATER,,Grocery,Grocery,Kg,gram,1000
DIN97,KESAR 1gm,,Grocery,Grocery,Kg,gram,1000
DIN98,KHASKHAS,,Grocery,Grocery,gram,gram,1
DIN99,KISMIS.INDIAN,,Grocery,Grocery,Kg,gram,1000
DIN100,KITCHEN KING M.D.H,,Grocery,Grocery,Pkt,Pkt,1
DIN101,KNORR LIME SEAS,,Grocery,Grocery,Kg,gram,1000
DIN102,LEMON,,Grocery,Grocery,Kg,gram,1000
DIN103,PAPAD,,Grocery,Grocery,Pkt,Pkt,1
DIN104,LIME JUICE GOLDEN,,Grocery,Grocery,Kg,gram,1000
DIN105,M S G GOLDEN,,Grocery,Grocery,kg,gram,1000
DIN106,MAGAG.TARBOOJ,,Grocery,Grocery,Kg,gram,1000
DIN107,MAGGI NOODLES,,Grocery,Grocery,Pkt,Pkt,1
DIN108,MAGGI TOMATO KETCHUP,,Grocery,Grocery,Btl,Btl,1
DIN109,MAIDA,,Grocery,Grocery,Kg,gram,1000
DIN110,MAKHANA,,Grocery,Grocery,Kg,gram,1000
DIN111,MANGO PULP,,Grocery,Grocery,Kg,gram,1000
DIN112,MASOOR DAL,,Grocery,Grocery,Kg,gram,1000
DIN113,MATAR GREEN,,Grocery,Grocery,Kg,gram,1000
DIN114,MEAT KA MAS M.D.H,,Grocery,Grocery,Kg,gram,1000
DIN115,METHI,,Grocery,Grocery,Kg,gram,1000
DIN116,MILK MAID,,Grocery,Grocery,Kg,gram,1000
DIN117,MIRCHI Pd EVEREST,,Grocery,Grocery,Kg,gram,1000
DIN118,MIRCHI WHOLE,,Grocery,Grocery,Kg,gram,1000
DIN119,MISHRI,,Grocery,Grocery,Kg,gram,1000
DIN120,MOHANS MUESLI,,Grocery,Grocery,Kg,gram,1000
DIN121,MOHANS OATS,,Grocery,Grocery,Kg,gram,1000
DIN122,MOONG CHILKA,,Grocery,Grocery,Kg,gram,1000
DIN123,MOONG DHULI,,Grocery,Grocery,Kg,gram,1000
DIN124,MOONG SABUT,,Grocery,Grocery,Kg,gram,1000
DIN125,MOZERELLA CHEESE,,Grocery,Grocery,Kg,gram,1000
DIN126,MUSHROOM SL.GOLDEN,,Grocery,Grocery,Kg,gram,1000
DIN127,MUSTARD KASAUNDI,,Grocery,Grocery,Kg,gram,1000
DIN128,MUSTARD Pd SOLAR100g,,Grocery,Grocery,Kg,gram,1000
DIN129,MUSTERD OIL,,Grocery,Grocery,Kg,gram,1000
DIN130,MUSTERD SAUCE,,Grocery,Grocery,Kg,gram,1000
DIN131,NOODLE,,Grocery,Grocery,Pkt,Pkt,1
DIN132,OLIVE BLACK,,Grocery,Grocery,Pkt,Pkt,1
DIN133,OLIVE GREEN,,Grocery,Grocery,Pkt,Pkt,1
DIN134,OLIVE OIL EX.VERGIN,,Grocery,Grocery,Pkt,Pkt,1
DIN135,ORANGE,,Grocery,Grocery,Kg,gram,1000
DIN136,OYSTER SAUCE,,Grocery,Grocery,Kg,gram,1000
DIN137,P/SLICE,,Grocery,Grocery,Kg,gram,1000
DIN138,PASTA ?LASAGNE,,Grocery,Grocery,Kg,gram,1000
DIN139,PASTA FARFLE,,Grocery,Grocery,Kg,gram,1000
DIN140,PASTA PENNE,,Grocery,Grocery,Kg,gram,1000
DIN141,PASTA FUSLI,,Grocery,Grocery,Kg,gram,1000
DIN142,PASTA MACRONI,,Grocery,Grocery,Kg,gram,1000
DIN143,PAVBHAJI MASALA MDH,,Grocery,Grocery,Pkt,Pkt,1
DIN144,PEANUT,,Grocery,Grocery,Kg,gram,1000
DIN145,PISTA GREEN,,Grocery,Grocery,Kg,gram,1000
DIN146,POHA,,Grocery,Grocery,Kg,gram,1000
DIN147,RAI MOTI,,Grocery,Grocery,Kg,gram,1000
DIN148,RASGULLA,,Grocery,Grocery,Kg,gram,1000
DIN149,RED CHERRY GC PREMUM,,Grocery,Grocery,Kg,gram,1000
DIN150,RED CHILLI SAUCE TOPS,,Grocery,Grocery,Kg,gram,1000
DIN151,REF.SUGAR B.FAST 1Kg,,Grocery,Grocery,Kg,gram,1000
DIN152,ROSE WATER,,Grocery,Grocery,Kg,gram,1000
DIN153,ROSTEARD PEANUT,,Grocery,Grocery,Kg,gram,1000
DIN154,SABUDANA VERLAKSHMI,,Grocery,Grocery,Kg,gram,1000
DIN155,SAMBER MASALA M.D.H,,Grocery,Grocery,Pkt,Pkt,1
DIN156,SEWIYAN NILONS,,Grocery,Grocery,Pkt,Pkt,1
DIN157,SOAF (SWEET),,Grocery,Grocery,Kg,gram,1000
DIN158,SOAF BARIK LUKHNAU,,Grocery,Grocery,Kg,gram,1000
DIN159,SOAF MOTI,,Grocery,Grocery,Kg,gram,1000
DIN160,SODA (SWEET),,Grocery,Grocery,Kg,gram,1000
DIN161,SOYA BARI NEUTRELA,,Grocery,Grocery,Kg,gram,1000
DIN162,SOYA CHURA,,Grocery,Grocery,Kg,gram,1000
DIN163,SOYA SAUCE TOPS,,Grocery,Grocery,Btl,Btl,1
DIN164,SPAGHETTI,,Grocery,Grocery,Kg,gram,1000
DIN165,STAR PHOOL,,Grocery,Grocery,Kg,gram,1000
DIN166,STASFF RICE,,Grocery,Grocery,Kg,gram,1000
DIN167,STRAWBERRY SURUP623g,,Grocery,Grocery,Kg,gram,1000
DIN168,STRAWBERY CRUSH,,Grocery,Grocery,Kg,gram,1000
DIN169,SUGAR,,Grocery,Grocery,Kg,gram,1000
DIN170,SUJI RAVA PKT,,Grocery,Grocery,Kg,gram,1000
DIN171,sunflower oil 15lt,,Grocery,Grocery,Tin,Tin,1
DIN172,SWEET CORN,,Grocery,Grocery,Kg,gram,1000
DIN173,TANDOORI CHICKEN,,Grocery,Grocery,Kg,gram,1000
DIN174,TATA SALT,,Grocery,Grocery,Kg,gram,1000
DIN175,TEA MASALA,,Grocery,Grocery,Kg,gram,1000
DIN176,TEJ PATTA,,Grocery,Grocery,Kg,gram,1000
DIN177,TILLI BLACK,,Grocery,Grocery,Kg,gram,1000
DIN178,TILLI DHULI WHITE,,Grocery,Grocery,Kg,gram,1000
DIN179,TILLI OIL,,Grocery,Grocery,Kg,gram,1000
DIN180,TILLI OIL,,Grocery,Grocery,Kg,gram,1000
DIN181,TOMATO CONTI.TOPS,,Grocery,Grocery,Kg,gram,1000
DIN182,TOMATO PUREE GOLDEN,,Grocery,Grocery,Kg,gram,1000
DIN183,URAD CHILKA,,Grocery,Grocery,Kg,gram,1000
DIN184,URAD DHULI,,Grocery,Grocery,Kg,gram,1000
DIN185,VINEGAR FUN TOP,,Grocery,Grocery,Btl,Btl,1
DIN186,WHITE COMPOUND,,Grocery,Grocery,Pkt,Pkt,1
DIN187,WHITE PEPPER BMC,,Grocery,Grocery,Kg,gram,1000
DIN188,WORCHESTER GOLDEN,,Grocery,Grocery,Kg,gram,1000
DIN189,Ajina Motto,,Grocery,Grocery,Kg,gram,1000
DIN190,AL.FOIL SUVIDHA GROS,,F & B,F & B,Kg,gram,1000
DIN191,BUTTER PAPER THICK,,F & B,F & B,Kg,gram,1000
DIN192,Cake Box,,F & B,F & B,Pcs,Pcs,1
DIN193,CANDLE TEALIGHT,,F & B,F & B,Pcs,Pcs,1
DIN194,CANDLE W/S LARGE,,F & B,F & B,Pcs,Pcs,1
DIN195,CHEF CAP,,F & B,F & B,Pcs,Pcs,1
DIN196,CHEF CAP ELASTIC,,F & B,F & B,Pcs,Pcs,1
DIN197,CLING FILM EZEE PVC,,F & B,F & B,Kg,gram,1000
DIN198,COCK.STERRER,,F & B,F & B,Kg,gram,1000
DIN199,DOLLY PAPER,,F & B,F & B,Kg,gram,1000
DIN200,GLASS PAPER,,F & B,F & B,Kg,gram,1000
DIN201,GLOVES COTTON HEAVY,,F & B,F & B,Kg,gram,1000
DIN202,JELLY TIN,,F & B,F & B,Kg,gram,1000
DIN203,KITCHEN ROLL JOLLY,,F & B,F & B,Kg,gram,1000
DIN204,LOCK PANNI (3X4),,F & B,F & B,Kg,gram,1000
DIN205,M G NAP.PARTY?2PLY,,F & B,F & B,Kg,gram,1000
DIN206,Napkin,,F & B,F & B,Pkt,Pkt,1
DIN207,PLATE SILVER 9 No,,F & B,F & B,Pcs,Pcs,1
DIN208,Silver Panni,,F & B,F & B,Kg,gram,1000
DIN209,SKEEWERS 8 Inches,,F & B,F & B,Kg,gram,1000
DIN210,SPOON MED.TULSI,,F & B,F & B,Kg,gram,1000
DIN211,STRAW 8 MM X 100NOS,,F & B,F & B,Pcs,Pcs,1
DIN212,STRAW PIPE UMBRELLA,,F & B,F & B,Pcs,Pcs,1
DIN213,TOOTH PICK TAJ,,F & B,F & B,Pkt,Pkt,1
DIN214,Traymat,,F & B,F & B,Pkt,Pkt,1
DIN215,MILK POWDEREV EVERYDAY,,F & B,F & B,Kg,gram,1000
DIN216,TOMATO KET POUCH,,F & B,F & B,Kg,gram,1000
DIN217,SUGAR FREE SATCHETS,,F & B,F & B,Pkt,Pkt,1
DIN218,PEPPER POUCH,,F & B,F & B,Pcs,Pcs,1
DIN219,SALT POUCH,,F & B,F & B,Kg,gram,1000
DIN220,ACHAR POUCH NILON,,F & B,F & B,Kg,gram,1000
DIN221,TAJ MAHAL T?BAG,,F & B,F & B,Pcs,Pcs,1
DIN222,TATA AGNI,,F & B,F & B,Kg,gram,1000
DIN223,NESCAFE CLASSIC COFFEE,,F & B,F & B,Kg,gram,1000
DIN224,BORNVITA,,F & B,F & B,Kg,gram,1000
DIN225,HORLICKS,,F & B,F & B,Kg,gram,1000
DIN226,KISSAN MIX JAM,,F & B,F & B,Kg,gram,1000
DIN227,SUGAR CUB,,F & B,F & B,Kg,gram,1000
DIN228,PARLE?G,,F & B,F & B,Pcs,Pcs,1
DIN229,MONACO,,F & B,F & B,Pcs,Pcs,1
DIN230,MARIE,,F & B,F & B,Pcs,Pcs,1
DIN231,JUICE REAL MIX 1 Ltr,,F & B,F & B,Kg,gram,1000
DIN232,JUICE ORANGE (SW)1Ltr,,F & B,F & B,Ltr,Ltr,1
DIN233,TONIC WATER 300mlx24,,F & B,F & B,Pcs,Pcs,1
DIN234,DIET COKE,,F & B,F & B,Pcs,Pcs,1
DIN235,SUGAR SATCHET5gx2000,,F & B,F & B,Kg,gram,1000
DIN236,NESCAFE CLASSIC 1.5g(60),,F & B,F & B,Kg,gram,1000
DIN237,Coke,,F & B,F & B,Pcs,Pcs,1
DIN238,Sprite,,F & B,F & B,Pcs,Pcs,1
DIN239,Soda,,F & B,F & B,Pcs,Pcs,1
DIN240,Water - Box,,F & B,F & B,Pcs,Pcs,1
DIN241,Water - small Box - 24 Pcs,,F & B,F & B,Pcs,Pcs,1
DIN242,Juce - Paperbot,,F & B,F & B,Pcs,Pcs,1
