DIN467, Earlgrey Tea,,KITCHEN,FOOD,BOX,NOS,25
DIN464, Green Tea,,KITCHEN,FOOD,BOX,NOS,25
DIN468, Kashmir kahwa Tea,,KITCHEN,FOOD,BOX,NOS,25
KIT059, VERMECELLI,,KITCHEN,Grocery,PKT,Pcs,1
KIT177,AAMCHOOR POWDER,,KITCHEN,Grocery,KG,gram,1000
KIT016,AATA,,KITCHEN,Grocery,KG,gram,1000
DIN220,ACHAR POUCH NILON,,KITCHEN,FOOD,KG,gram,1000
KIT088,AJINOMOTO,,KITCHEN,Grocery,PKT,PKT,1
KIT128,AJWAIN,,KITCHEN,Grocery,KG,gram,1000
KIT060,ALUMINIUM FOIL,,KITCHEN,Grocery,NOS,Pcs,1
DIN190,ALUMINIUM FOIL SUVIDHA GROS,,KITCHEN,FOOD,KG,gram,1000
KIT327,AMRUD,,KITCHEN,Fruits,KG,gram,1000
KIT081,AMUL CREEM,,KITCHEN,Dairy,pkt,pcs,1
KIT325,ANAR ,,KITCHEN,Fruits,KG,gram,1000
DIN685,ANGUSTRA BITTER,,KITCHEN,FOOD,BTL,ltr,1
KIT323,APPLE,,KITCHEN,Fruits,KG,gram,1000
KIT313,ARBI,,KITCHEN,Vegetables,KG,gram,1000
KIT009,ARHAR DAL,,KITCHEN,Grocery,KG,gram,1000
DIN466,Assam Tea ,,KITCHEN,FOOD,BOX,NOS,25
KIT175,BABY CORN,,KITCHEN,Grocery,TIN,gram,1000
KIT142,BADAM MIGGI,,KITCHEN,Grocery,KG,gram,1000
KIT139,BADI ELAICHI,,KITCHEN,Grocery,KG,gram,1000
KIT021,BAJRA KA AATA,,KITCHEN,Grocery,KG,gram,1000
KIT110,BAKED BEANS,,KITCHEN,Grocery,TIN,gram,1000
KIT320,BANANA ,,KITCHEN,Fruits,KG,gram,1000
KIT277,BARBEQ SAUCE,,KITCHEN,Vegetables,Btl,Btl,1
KIT309,BAROCLI,,KITCHEN,Vegetables,KG,gram,1000
KIT203,BARTAN BAR SABAN,,KITCHEN,cleaning,Pcs,PCS,1
KIT226,BASIL LEAVES,,KITCHEN,Grocery,KG,gram,1000
KIT316,BEANS,,KITCHEN,Vegetables,KG,gram,1000
KIT289,BEGAN,,KITCHEN,Vegetables,KG,gram,1000
KIT165,BEKENG SODA POWDAR,,KITCHEN,Grocery,Btl,gram,1000
KIT015,BESAN,,KITCHEN,Grocery,KG,gram,1000
KIT296,BHINDI,,KITCHEN,Vegetables,KG,gram,1000
KIT050,BIKAJI BHUJIA ,,KITCHEN,Grocery,KG,gram,1000
KIT034,BIRIYANI MASALA,,KITCHEN,Grocery,PKT,Pcs,1
KIT010,BLACK CHANA,,KITCHEN,Grocery,KG,gram,1000
KIT155,BLACK OILVE SLIED,,KITCHEN,Grocery,Btl,gram,1000
KIT123,BLACK SALT,,KITCHEN,Grocery,KG,gram,1000
KIT064,BOONDI,,KITCHEN,Grocery,KG,gram,1000
DIN224,BORNVITA,,KITCHEN,FOOD,KG,gram,1000
KIT118,BOURNVITA,,KITCHEN,Grocery,KG,gram,1000
KIT078,BREAD BROWN,,KITCHEN,Dairy,pkt,pkt,1
KIT214,BREAD BURSH,,KITCHEN,Utensils,Pcs,Pcs,1
KIT213,BREAD CURMA,,KITCHEN,Grocery,KG,gram,1000
KIT077,BREAD WHITE,,KITCHEN,Dairy,PKT,PKT,1
KIT220,BROWN PAPER,,KITCHEN,cleaning,PKT,Pcs,1
KIT238,BURGER BUN,,KITCHEN,bakery,PKT,PKT,1
KIT079,BUTTAR 500gm,,KITCHEN,Dairy,KG,gram,1000
KIT080,BUTTAR Chiplet 10gm,,KITCHEN,Dairy,KG,gram,1000
KIT167,BUTTER ESSENCE,,KITCHEN,Grocery,Btl,Pcs,1
KIT126,CAKE,,KITCHEN,bakery,PKT,PKT,1
KIT280,CAPSICUM RED,,KITCHEN,Vegetables,KG,gram,1000
KIT281,CAPSICUM YELLOW,,KITCHEN,Vegetables,KG,gram,1000
KIT216,CHAI CHALNI,,KITCHEN,Utensils,Pcs,Pcs,1
DIN465,Chamomile tea,,KITCHEN,FOOD,BOX,NOS,25
KIT011,CHANA DAAL,,KITCHEN,Grocery,KG,gram,1000
KIT037,CHANA MASALA,,KITCHEN,Grocery,PKT,Pcs,1
KIT043,CHAT MASALA,,KITCHEN,Grocery,PKT,Pcs,1
KIT084,CHEESE AMUL MOJROLA,,KITCHEN,Dairy,KG,gram,1000
KIT082,CHESE BLOCK,,KITCHEN,Dairy,KG,gram,1000
KIT083,CHESE SLICE 750G,,KITCHEN,Dairy,KG,gram,1000
KIT208,CHIA SEED,,KITCHEN,Grocery,KG,gram,1000
KIT096,CHICKEN,,KITCHEN,Non Veg,KG,gram,1000
KIT040,CHICKEN MASALA,,KITCHEN,Grocery,PKT,Pcs,1
KIT151,CHICKEN SAUCES,,KITCHEN,Non Veg,KG,Btl,1
KIT152,CHICKEN SIKAB,,KITCHEN,Non Veg,KG,gram,1000
DIN485,CHILLI FLAKES POUCH,,KITCHEN,FOOD,pkt,NOS,10
KIT103,CHIPS,,KITCHEN,Grocery,PKT,gram,1000
KIT141,CHIRONJI,,KITCHEN,Grocery,KG,gram,1000
KIT164,CHOCOLTE FLAVOR,,KITCHEN,Grocery,KG,gram,1000
DIN460,CHOCOS,,KITCHEN,FOOD,BOX,gram,1000
KIT302,CHUKANDAR,,KITCHEN,Vegetables,KG,gram,1000
KIT061,CILING FOIL ,,KITCHEN,Grocery,NOS,PCS,1
KIT261,COCO NUT POWDER,,KITCHEN,Grocery,KG,gram,1000
KIT204,COCO POWDER,,KITCHEN,Grocery,KG,gram,1000
KIT256,COCONUT ,,KITCHEN,Fruits,PCS,pcs,1
DIN687,COCONUT CREAM,,KITCHEN,FOOD,btl,ltr,1
KIT255,COCONUT WATER,,KITCHEN,Fruits,PCS,pcs,1
DIN462,Coffee beans LAVAZA,,KITCHEN,FOOD,pkt,gram,1000
KIT049,COOKIES,,KITCHEN,bakery,KG,gram,1000
DIN458,Cornflakes,,KITCHEN,FOOD,PKT,gram,1000
DIN457,CREMICA BUTTER  CHIPLET,,KITCHEN,FOOD,BOX,NOS,100
DIN456,CREMICA HONEY ,,KITCHEN,FOOD,BOX,NOS,56
DIN459,CREMICA MARMALADE,,KITCHEN,FOOD,BOX,NOS,56
DIN226,CREMICA MIX JAM,,KITCHEN,FOOD,BOX,NOS,54
KIT257,CRONFLOOR ARAROT,,KITCHEN,Grocery,KG,gram,1000
KIT290,CUCUMBER KEERA,,KITCHEN,Vegetables,KG,gram,1000
KIT264,CUSTRAD POWDAR,,KITCHEN,Grocery,KG,gram,1000
KIT091,DAHI  CURD,,KITCHEN,Dairy,KG,gram,1000
KIT205,DAL BARI,,KITCHEN,Grocery,KG,gram,1000
KIT135,DAL CHINI,,KITCHEN,Grocery,KG,gram,1000
KIT038,DAL MASALA POWDER,,KITCHEN,Grocery,PKT,Pcs,1
KIT070,DALDA,,KITCHEN,Dairy,LTR,gram,1000
DIN463,DARJELING Tea ,,KITCHEN,FOOD,BOX,NOS,25
KIT030,DEGGI MIRCH ,,KITCHEN,Grocery,PKT,Pcs,1
KIT027,DHANIA SABUT,,KITCHEN,Grocery,KG,gram,1000
KIT025,DHANYIA POWDER,,KITCHEN,Grocery,KG,gram,1000
KIT087,DUSTER,,KITCHEN,cleaning,KG,gram,1000
KIT100,EGG,,KITCHEN,Grocery,TRAY,pcs,24
KIT138,ELAICHI ,,KITCHEN,Grocery,KG,gram,1000
KIT121,EMALHI,,KITCHEN,Grocery,PKT,PKT,1
DIN469,English break fast Tea,,KITCHEN,FOOD,BOX,NOS,25
KIT176,ENO,,KITCHEN,Grocery,BTL,Pcs,1
KIT265,EVERADY CELL AA,,KITCHEN,CELL,Pcs,PCS,1
KIT266,EVERADY CELL AAA,,KITCHEN,CELL,Pcs,Pcs,1
DIN001,fennel,,KITCHEN,FOOD,pkt,gram,200
DIN470,FENNEL SEEDS,,KITCHEN,FOOD,PKT,gram,250
KIT282,FHOOL GOBHI,,KITCHEN,Vegetables,KG,gram,1000
KIT099,FISH,,KITCHEN,Non Veg,KG,gram,1000
KIT068,FORTUNE OIL,,KITCHEN,Grocery,LTR,gram,1000
KIT162,FRENCH FRIES,,KITCHEN,Snacks,KG,gram,1000
KIT174,FRUT COKTAIL,,KITCHEN,Grocery,TIN,gram,1000
KIT240,GAJAK,,KITCHEN,Sweets,KG,PKT,1000
KIT285,GAJAR,,KITCHEN,Vegetables,KG,gram,1000
KIT041,GARAM MASALA,,KITCHEN,Grocery,PKT,Pcs,1
KIT116,GARBAGE ,,KITCHEN,cleaning,Btl,Btl,1
KIT115,GARBAGE BAGS,,KITCHEN,cleaning,PKT,PKT,1
KIT291,GARLIC LAHSUN,,KITCHEN,Vegetables,KG,gram,1000
KIT196,GAUVA,,KITCHEN,Fruits,KG,gram,1000
KIT071,GHEE,,KITCHEN,Dairy,KG,gram,1000
KIT292,GINGER ADRAK,,KITCHEN,Vegetables,KG,gram,1000
KIT048,GOOD DAY BISCUIT,,KITCHEN,Grocery,PKT,Pcs,1
KIT332,GRAPE AGUR,,KITCHEN,Fruits,KG,gram,1000
KIT156,GREEN OLIVES,,KITCHEN,Grocery,Btl,gram,1000
KIT052,GREEN PAD SCRUBER,,KITCHEN,cleaning,PKT,Pcs,1
KIT113,GREEN TEA,,KITCHEN,Grocery,KG,gram,1000
KIT130,GUD,,KITCHEN,Grocery,KG,gram,1000
KIT133,GUEST RICE,,KITCHEN,Grocery,KG,gram,1000
KIT169,GULAB JAL,,KITCHEN,Grocery,Btl,gram,1000
KIT301,GUVAR FALI,,KITCHEN,Vegetables,KG,gram,1000
KIT057,HAKKA NOODLES,,KITCHEN,Grocery,PKT,Pcs,1
KIT022,HALDI POWDER,,KITCHEN,Grocery,KG,gram,1000
KIT299,HARA DHANIYA,,KITCHEN,Vegetables,KG,gram,1000
KIT283,HARE MATAR,,KITCHEN,Vegetables,KG,gram,1000
KIT295,HARI MIRCH,,KITCHEN,Vegetables,KG,gram,1000
KIT247,HARPIC,,KITCHEN,cleaning,Btl,Btl,1
KIT263,HING (100gm),,KITCHEN,Grocery,KG,gram,1000
KIT119,HONEY ,,KITCHEN,Grocery,btl,gram,1000
DIN225,HORLICKS,,KITCHEN,FOOD,KG,gram,1000
KIT045,ICE CERIM BUTTERSCOTCH,,KITCHEN,Dairy,KG,gallaon,1
KIT044,ICE CERIM VANELA ,,KITCHEN,Dairy,KG,gallaon,1
KIT046,ICE CREAM CHOCOLATE ,,KITCHEN,Dairy,KG,gallaon,1
KIT047,ICE CREAM STRAWBERRY,,KITCHEN,Dairy,KG,gallaon,1
KIT331,JAMUN,,KITCHEN,Fruits,KG,gram,1000
KIT253,JAVITREE,,KITCHEN,Grocery,KG,gram,1000
KIT254,JAYFAL,,KITCHEN,Grocery,KG,gram,1000
KIT029,JEERA,,KITCHEN,Grocery,KG,gram,1000
KIT218,JHAJJAR,,KITCHEN,Utensils,Pcs,Pcs,1
KIT018,JO KA AATA,,KITCHEN,Grocery,KG,gram,1000
KIT019,JOWAR KA AATA,,KITCHEN,Grocery,KG,gram,1000
KIT233,JUG,,KITCHEN,Utensils,Pcs,Pcs,1
KIT279,JUGNI,,KITCHEN,Vegetables,KG,gram,1000
DIN688,JUICE TOMATO (SW)1Ltr,,KITCHEN,FOOD,PKT,Ltr,1
KIT012,KABULI CHANA,,KITCHEN,Grocery,KG,gram,1000
KIT307,KACCHA AAM,,KITCHEN,Vegetables,KG,gram,1000
KIT298,KADU PUMPKIN,,KITCHEN,Vegetables,KG,gram,1000
KIT148,KAJU TUKDA,,KITCHEN,Grocery,KG,gram,1000
KIT305,KAKIDI,,KITCHEN,Vegetables,KG,gram,1000
KIT144,KALI MIRCH,,KITCHEN,Grocery,KG,gram,1000
KIT145,KALI MIRCH POWDER,,KITCHEN,Grocery,KG,gram,1000
KIT006,KALI URAD DAL CHILKA,,KITCHEN,Grocery,KG,gram,1000
KIT089,KALONJI,,KITCHEN,Grocery,KG,gram,1000
KIT244,KAPOOR KI GOLI NAPHTHALENE,,KITCHEN,cleaning,PKT,PKT,1
KIT310,KARELA,,KITCHEN,Vegetables,KG,gram,1000
KIT181,KASTIK SODA,,KITCHEN,cleaning,KG,gram,1000
KIT026,KASTOORI MAHTI,,KITCHEN,Grocery,KG,gram,1000
KIT098,KEEMA,,KITCHEN,Non Veg,KG,gram,1000
KIT143,KESAR,,KITCHEN,Grocery,KG,gram,1000
KIT168,KEVDA  JAL,,KITCHEN,Grocery,Btl,gram,1000
KIT232,KHALAD,,KITCHEN,Utensils,Pcs,Pcs,1
KIT306,KHARBUGA,,KITCHEN,Fruits,KG,gram,1000
KIT146,KHASKHAS,,KITCHEN,Grocery,KG,gram,1000
KIT120,KHATEYAE,,KITCHEN,Grocery,KG,gram,1000
KIT092,KHOYA,,KITCHEN,Dairy,KG,gram,1000
KIT267,KISMISH,,KITCHEN,Grocery,KG,gram,1000
KIT042,KITCHEN KING,,KITCHEN,Grocery,PKT,Pcs,1
KIT234,KNIFE,,KITCHEN,Utensils,Pcs,Pcs,1
KIT178,KULCHA,,KITCHEN,bakery,KG,gram,1000
KIT184,KUTTU ATTA,,KITCHEN,Grocery,KG,gram,1000
KIT274,LAKDI KA KOYLA,,KITCHEN,Fuel,KG,gram,1000
KIT248,LAL HARPIC,,KITCHEN,cleaning,Btl,Btl,1
KIT007,LALA MASSOR,,KITCHEN,Grocery,KG,gram,1000
KIT317,LEMON NIBU,,KITCHEN,Vegetables,KG,gram,1000
KIT278,LETUSH,,KITCHEN,Vegetables,Btl,Btl,1
KIT222,LIGHTER,,KITCHEN,Utensils,Pcs,Pcs,1
KIT190,LITCHI ,,KITCHEN,Fruits,KG,gram,1000
KIT246,LIZOL,,KITCHEN,cleaning,Btl,Btl,1
KIT237,LOCK,,KITCHEN,safety,Pcs,Pcs,1
KIT136,LONG,,KITCHEN,Grocery,KG,gram,1000
KIT137,LONG PAPER,,KITCHEN,Grocery,KG,gram,1000
KIT297,LOUKI,,KITCHEN,Vegetables,KG,gram,1000
KIT140,MAGAJ,,KITCHEN,Grocery,KG,gram,1000
KIT058,MAGGI ,,KITCHEN,Grocery,PKT,Pcs,1
KIT017,MAIDA,,KITCHEN,Grocery,KG,gram,1000
KIT020,MAKA KA AATA,,KITCHEN,Grocery,KG,gram,1000
KIT150,MAKHANA,,KITCHEN,Grocery,KG,gram,1000
KIT330,MAONGO ,,KITCHEN,Fruits,KG,gram,1000
KIT260,MATCH BOX,,KITCHEN,Grocery,PKT,PKT,1
KIT153,MATTAN SHEEK KABAB,,KITCHEN,Non Veg,KG,gram,1000
KIT180,MATTAR DAL,,KITCHEN,Grocery,KG,gram,1000
KIT085,MAYONNAISE,,KITCHEN,Grocery,PKT,PKT,1
KIT039,MEAT MASALA,,KITCHEN,Grocery,PKT,Pcs,1
KIT127,METHI DANA,,KITCHEN,Grocery,KG,gram,1000
KIT314,METHI HARI,,KITCHEN,Vegetables,KG,gram,1000
KIT090,MILK,,KITCHEN,Dairy,KG,gram,1000
KIT185,MILK MAID TIN,,KITCHEN,Grocery,TIN,Btl,1
KIT186,MILK POWDER,,KITCHEN,Grocery,KG,gram,1000
KIT023,MIRCH LAL POWDER,,KITCHEN,Grocery,KG,gram,1000
KIT227,MIX HERBH,,KITCHEN,Grocery,KG,gram,1000
KIT111,MIXED FRUIT JAM ,,KITCHEN,Grocery,KG,gram,1000
DIN686,MONIN BLUE CURACAO,,KITCHEN,FOOD,BTL,ltr,1
DIN610,MONIN CARAMEL,,KITCHEN,FOOD,BTL,ltr,1
DIN701,MONIN CHOCLATE,,KITCHEN,FOOD,BTL,ltr,1
DIN691,MONIN CINNAMON,,KITCHEN,FOOD,BTL,ltr,1
DIN682,MONIN PEACH,,KITCHEN,FOOD,BTL,ltr,1
DIN684,MONIN ROSE,,KITCHEN,FOOD,BTL,ltr,1
DIN683,MONIN TRIPPLE SEC,,KITCHEN,FOOD,BTL,ltr,1
KIT002,MOOG DAL DHULI,,KITCHEN,Grocery,KG,gram,1000
KIT318,MOOLI,,KITCHEN,Vegetables,KG,gram,1000
KIT003,MOONG DAL CHILKA,,KITCHEN,Grocery,KG,gram,1000
KIT001,MOONG SABUT,,KITCHEN,Grocery,KG,gram,1000
DIN461,MUESLI,,KITCHEN,FOOD,BOX,gram,1000
KIT108,MUSHROOM  FERIS,,KITCHEN,Grocery,KG,gram,1000
KIT109,MUSHROOM BUTTON,,KITCHEN,Grocery,TIN,gram,1000
KIT069,MUSTRAD OIL,,KITCHEN,Grocery,KG,gram,1000
KIT097,MUTTON ,,KITCHEN,Non Veg,KG,gram,1000
KIT338,MUTTON KABAB,,KITCHEN,Non Veg,KG,gram,1000
KIT324,NASHPATI,,KITCHEN,Fruits,KG,gram,1000
DIN223,NESCAFE CLASSIC COFFEE,,KITCHEN,FOOD,KG,gram,1000
KIT236,NON STK TABA,,KITCHEN,Utensils,Pcs,Pcs,1
KIT067,OLIVE OIL,,KITCHEN,Grocery,LTR,gram,1000
KIT293,ONION ,,KITCHEN,Vegetables,KG,gram,1000
KIT321,ORANGE ,,KITCHEN,Fruits,KG,gram,1000
DIN484,OREGANO POUCH,,KITCHEN,FOOD,pkt,NOS,10
KIT229,ORGANEO,,KITCHEN,Grocery,Btl,Btl,1
KIT104,OTAS,,KITCHEN,Grocery,KG,gram,1000
KIT315,PALAK,,KITCHEN,Vegetables,KG,gram,1000
KIT219,PALTA,,KITCHEN,Utensils,Pcs,Pcs,1
KIT243,PAN,,KITCHEN,Stationery,Pcs,Pcs,1
KIT188,PANEAPPLE TIN,,KITCHEN,Grocery,TIN,PKT,1
KIT093,PANEER,,KITCHEN,Dairy,KG,gram,1000
KIT065,PAPAD,,KITCHEN,Grocery,PKT,Pcs,1
KIT322,PAPAYA,,KITCHEN,Fruits,KG,gram,1000
KIT303,PARMAL,,KITCHEN,Vegetables,KG,gram,1000
KIT055,PASTA  PENNE,,KITCHEN,Grocery,PKT,Pcs,1
KIT053,PASTA FUSILLI,,KITCHEN,Grocery,PKT,Pcs,1
KIT054,PASTA MICRONI,,KITCHEN,Grocery,PKT,Pcs,1
KIT287,PATA GOBHI,,KITCHEN,Vegetables,KG,gram,1000
KIT157,PAV,,KITCHEN,bakery,Pcs,Pcs,1
KIT036,PAV BHAIJI MASALA ,,KITCHEN,Grocery,PKT,Pcs,1
KIT258,PEANUT,,KITCHEN,Grocery,KG,gram,1000
KIT131,PEANUT BUTTER,,KITCHEN,Grocery,KG,gram,1000
DIN479,PEPPER BIG,,KITCHEN,FOOD,box,gram,250
KIT125,PESTRY,,KITCHEN,bakery,PKT,PKT,1
KIT294,PEYAJ HARI,,KITCHEN,Vegetables,KG,gram,1000
KIT245,PHENYLE,,KITCHEN,cleaning,Btl,Btl,1
KIT105,PHOOL JHADU BROOM,,KITCHEN,cleaning,pcs,pcs,1
KIT094,PICKEL MAX,,KITCHEN,Grocery,KG,gram,1000
KIT095,PICKEL TETI,,KITCHEN,Grocery,KG,gram,1000
KIT031,PILI MIRCHI POWDER,,KITCHEN,Grocery,PKT,Pcs,1
KIT221,PILLAR,,KITCHEN,Utensils,Pcs,Pcs,1
KIT326,PINEAPPLE,,KITCHEN,Fruits,KG,gram,1000
KIT268,PINEAPPLE SLICES,,KITCHEN,Grocery,TIN,TIN,1
KIT147,PISTHA,,KITCHEN,Grocery,KG,gram,1000
KIT158,PIZA COIN,,KITCHEN,bakery,Pcs,Pcs,1
KIT056,PLAIN NOODLES ,,KITCHEN,Grocery,PKT,Pcs,1
KIT086,POCHA BIG,,KITCHEN,cleaning,KG,gram,1000
KIT329,PODINA HARA,,KITCHEN,Vegetables,KG,gram,1000
KIT013,POHA,,KITCHEN,Grocery,KG,gram,1000
KIT319,POTATO AALOO,,KITCHEN,Vegetables,KG,gram,1000
KIT170,PUDIN HARA,,KITCHEN,Grocery,Btl,gram,1000
KIT259,RABADI,,KITCHEN,Sweets,KG,gram,1000
KIT163,RAD COLOUR KITCHEN,,KITCHEN,Grocery,Btl,gram,1000
KIT072,RAISABUT,,KITCHEN,Grocery,KG,gram,1000
KIT008,RAJMA DAL,,KITCHEN,Grocery,KG,gram,1000
KIT028,RAJMA MASALA,,KITCHEN,Grocery,PKT,Pcs,1
KIT288,RAMAS FALEE,,KITCHEN,Vegetables,KG,gram,1000
KIT075,RED CHILLI SAUCE,,KITCHEN,Grocery,btl,Pcs,1
KIT066,REFIND SONA SIKA,,KITCHEN,Grocery,LTR,gram,1000
KIT242,REGISTER,,KITCHEN,Stationery,Pcs,Pcs,1
KIT063,ROASTED CHANA ,,KITCHEN,Grocery,KG,gram,1000
KIT062,ROASTED PEANUT ,,KITCHEN,Grocery,KG,gram,1000
KIT172,ROOPJA,,KITCHEN,Grocery,Btl,gram,1000
KIT228,ROSE MERY,,KITCHEN,Grocery,Btl,Btl,1
KIT217,ROTI TAWA,,KITCHEN,Utensils,PCS,Pcs,1
KIT182,SABUDANA,,KITCHEN,Grocery,KG,gram,1000
KIT024,SABUT LAL MIRCH,,KITCHEN,Grocery,KG,gram,1000
KIT160,SAFAL MATTAR,,KITCHEN,Grocery,KG,gram,1000
KIT231,SAFE CAP,,KITCHEN,Disposal,PKT,Pcs,1
KIT308,SAHJIN KI FALI,,KITCHEN,Vegetables,KG,gram,1000
KIT154,SALAMI,,KITCHEN,Non Veg,KG,Pcs,1
KIT122,SALT,,KITCHEN,Grocery,KG,gram,1000
DIN480,SALT BIG,,KITCHEN,FOOD,box,gram,250
DIN219,SALT POUCH,,KITCHEN,FOOD,KG,gram,1000
KIT183,SAMA RICE,,KITCHEN,Grocery,KG,gram,1000
KIT035,SAMBHAR MASALA,,KITCHEN,Grocery,PKT,Pcs,1
KIT117,SANDWICH PACKING BAG,,KITCHEN,Disposal,KG,gram,1000
KIT335,SANGRI,,KITCHEN,Vegetables,KG,gram,1000
KIT312,SARSO KI SABJI,,KITCHEN,Vegetables,KG,gram,1000
KIT336,SEMFALI,,KITCHEN,Vegetables,KG,gram,1000
KIT124,SENDHA NAMAK,,KITCHEN,Grocery,PKT,PKT,1
KIT284,SHIMLA MIRCH,,KITCHEN,Vegetables,KG,gram,1000
KIT328,SINGHARA,,KITCHEN,Fruits,KG,gram,1000
KIT106,SINKJHADU,,KITCHEN,cleaning,pcs,Pcs,1
KIT033,SONTH POWDER,,KITCHEN,Grocery,PKT,Pcs,1
KIT014,SOOJI,,KITCHEN,Grocery,KG,gram,1000
KIT206,SOYA BIN KA CHURA,,KITCHEN,Grocery,KG,gram,1000
KIT207,SOYA CHUNKS BARI,,KITCHEN,Grocery,KG,gram,1000
KIT073,SOYA SAUCE,,KITCHEN,Grocery,btl,pcs,1
KIT270,SPEGETTI PASTA,,KITCHEN,Grocery,PKT,PKT,1
KIT337,SPRING ROLL SHEET,,KITCHEN,Snacks,KG,gram,1000
KIT132,STAFF RICE ,,KITCHEN,Grocery,KG,gram,1000
KIT333,STAWBEEEY,,KITCHEN,Fruits,KG,gram,1000
KIT051,STEEL SCRUBER,,KITCHEN,cleaning,PKT,Pcs,1
KIT129,SUGAR,,KITCHEN,Grocery,KG,gram,1000
DIN689,SUGAR BIG,,KITCHEN,FOOD,KG,gram,1000
DIN227,SUGAR BROWN SACHETS,,KITCHEN,FOOD,KG,NOS,100
DIN481,SUGAR CANDY,,KITCHEN,FOOD,pkt,gram,250
DIN217,SUGAR FREE SACHETS,,KITCHEN,FOOD,BOX,NOS,50
DIN235,SUGAR SATCHET5gx2000,,KITCHEN,FOOD,KG,NOS,100
KIT179,SUKHI MATAR,,KITCHEN,Grocery,KG,gram,1000
KIT161,SWEET CORN,,KITCHEN,Grocery,TIN,gram,1000
DIN221,TAJ MAHAL BAG,,KITCHEN,FOOD,NOS,NOS,1
KIT286,TAMATO,,KITCHEN,Vegetables,KG,gram,1000
KIT159,TEA,,KITCHEN,Grocery,KG,gram,1000
KIT114,TEA BAG,,KITCHEN,Grocery,KG,gram,1000
KIT235,TEA SAUCEPAN,,KITCHEN,Utensils,Pcs,Pcs,1
KIT112,TEA STAFF,,KITCHEN,Grocery,KG,gram,1000
KIT134,TEJ PATTA,,KITCHEN,Grocery,KG,gram,1000
KIT300,TENDE,,KITCHEN,Vegetables,KG,gram,1000
KIT171,THANDAI,,KITCHEN,Grocery,Btl,gram,1000
KIT225,THYME LEAVES,,KITCHEN,Grocery,KG,gram,1000
KIT215,TIN CUTTER,,KITCHEN,Utensils,Pcs,Pcs,1
DIN482,TOBASCO,,KITCHEN,FOOD,box,btl,1
KIT101,TOMATA KETCHUP TOMATO,,KITCHEN,Grocery,btl,Btl,1
DIN216,TOMATO KET POUCH,,KITCHEN,FOOD,KG,gram,1000
KIT173,TOMATO PURI,,KITCHEN,Grocery,TIN,gram,1000
KIT074,TOPS GREEN CHILI SAUCE,,KITCHEN,Grocery,btl,pcs,1
KIT311,TURAI,,KITCHEN,Vegetables,KG,gram,1000
KIT005,URAD DAL DHULI,,KITCHEN,Grocery,KG,gram,1000
KIT004,URAD SABUT,,KITCHEN,Grocery,KG,gram,1000
KIT166,VANILLA ESSENCE,,KITCHEN,Grocery,Btl,gram,1000
KIT076,VINEGAR,,KITCHEN,Grocery,BTL,pcs,1
KIT149,WALNUT,,KITCHEN,Grocery,KG,gram,1000
KIT202,WASHING POWDER BARTAN,,KITCHEN,cleaning,Pcs,Pcs,1
KIT334,WATERMELON,,KITCHEN,Fruits,KG,gram,1000
KIT032,WHITE PEPPER POWDER,,KITCHEN,Grocery,PKT,Pcs,1
KIT209,WHITE TILI,,KITCHEN,Grocery,KG,gram,1000
KIT107,WIPER,,KITCHEN,cleaning,pcs,Pcs,1
DIN483,WOSTERSHIRE SAUCE,,KITCHEN,FOOD,box,btl,1
KIT275,YELLOW MUSTARD SAUCE,,KITCHEN,Grocery,Btl,Btl,1
F002,loan mover machine blade 16,,garden,loan mover,nos,nos,1
