Item Code,Item,,Grocery,Course meal,kg,gram,1000
DIN467, Earlgrey Tea,,Grocery,Course meal,Kg,gram,1000
DIN464, Green Tea,,Grocery,Course meal,gram,gram,1
DIN468, Kashmir kahwa Tea,,Grocery,Chicken,gram,gram,1
KIT059, VERMECELLI,,Grocery,Kawaridane,Pcs,pcs,1
KIT177,AAMCHOOR POWDER,,Grocery,Grocery,Pcs,pcs,1
KIT016,AATA,,Grocery,Grocery,Kg,gram,1000
DIN220,ACHAR POUCH NILON,,Grocery,Grocery,Kg,gram,1000
KIT088,AJINOMOTO,,Grocery,Grocery,Kg,gram,1000
KIT128,AJWAIN,,Grocery,Grocery,Kg,gram,1000
KIT060,ALUMINIUM FOIL,,Grocery,Grocery,Tin,Tin,1
DIN190,ALUMINIUM FOIL SUVIDHA GROS,,Grocery,Grocery,Kg,gram,1000
KIT327,AMRUD,,Grocery,Grocery,Kg,gram,1000
KIT081,AMUL CREEM,,Grocery,Grocery,Kg,gram,1000
KIT325,ANAR ,,Grocery,Grocery,Kg,gram,1000
DIN685,ANGUSTRA BITTER,,Grocery,Grocery,Kg,gram,1000
KIT323,APPLE,,Grocery,Grocery,Kg,gram,1000
KIT313,ARBI,,Grocery,Grocery,Kg,gram,1000
KIT009,ARHAR DAL,,Grocery,Grocery,Kg,gram,1000
DIN466,Assam Tea ,,Grocery,Grocery,gram,gram,1000
KIT175,BABY CORN,,Grocery,Grocery,Kg,gram,1000
KIT142,BADAM MIGGI,,Grocery,Grocery,Kg,gram,1000
KIT139,BADI ELAICHI,,Grocery,Grocery,Pkt,Pkt,1
KIT021,BAJRA KA AATA,,Grocery,Grocery,Pkt,Pkt,1
KIT110,BAKED BEANS,,Grocery,Grocery,Kg,gram,1000
KIT320,BANANA ,,Grocery,Grocery,Kg,gram,1000
KIT277,BARBEQ SAUCE,,Grocery,Grocery,Pkt,Pkt,1
KIT309,BAROCLI,,Grocery,Grocery,Pkt,Pkt,1
KIT203,BARTAN BAR SABAN,,Grocery,Grocery,Tin,Tin,1
KIT226,BASIL LEAVES,,Grocery,Grocery,Pkt,Pkt,1
KIT316,BEANS,,Grocery,Grocery,gram,gram,1
KIT289,BEGAN,,Grocery,Grocery,Kg,gram,1000
KIT165,BEKENG SODA POWDAR,,Grocery,Grocery,Kg,gram,1000
KIT015,BESAN,,Grocery,Grocery,Pcs,Pcs,1
KIT296,BHINDI,,Grocery,Grocery,Kg,gram,1000
KIT050,BIKAJI BHUJIA ,,Grocery,Grocery,Kg,gram,1000
KIT034,BIRIYANI MASALA,,Grocery,Grocery,Tin,Tin,1
KIT010,BLACK CHANA,,Grocery,Grocery,Kg,gram,1000
KIT155,BLACK OILVE SLIED,,Grocery,Grocery,Kg,gram,1000
KIT123,BLACK SALT,,Grocery,Grocery,Kg,gram,1000
KIT064,BOONDI,,Grocery,Grocery,Kg,gram,1000
DIN224,BORNVITA,,Grocery,Grocery,Kg,gram,1000
KIT118,BOURNVITA,,Grocery,Grocery,Kg,gram,1000
KIT078,BREAD BROWN,,Grocery,Grocery,Kg,gram,1000
KIT214,BREAD BURSH,,Grocery,Grocery,Kg,gram,1000
KIT213,BREAD CURMA,,Grocery,Grocery,gram,gram,1
KIT077,BREAD WHITE,,Grocery,Grocery,Kg,gram,1000
KIT220,BROWN PAPER,,Grocery,Grocery,Kg,gram,1000
KIT238,BURGER BUN,,Grocery,Grocery,Kg,gram,1000
KIT079,BUTTAR 500gm,,Grocery,Grocery,Kg,gram,1000
KIT080,BUTTAR Chiplet 10gm,,Grocery,Grocery,Kg,gram,1000
KIT167,BUTTER ESSENCE,,Grocery,Grocery,Kg,gram,1000
KIT126,CAKE,,Grocery,Grocery,Kg,gram,1000
KIT280,CAPSICUM RED,,Grocery,Grocery,gram,gram,1
KIT281,CAPSICUM YELLOW,,Grocery,Grocery,Pkt,Pkt,1
KIT216,CHAI CHALNI,,Grocery,Grocery,Kg,gram,1000
DIN465,Chamomile tea,,Grocery,Grocery,gram,gram,1
KIT011,CHANA DAAL,,Grocery,Grocery,Kg,gram,1000
KIT037,CHANA MASALA,,Grocery,Grocery,Kg,gram,1000
KIT043,CHAT MASALA,,Grocery,Grocery,Kg,gram,1000
KIT084,CHEESE AMUL MOJROLA,,Grocery,Grocery,Kg,gram,1000
KIT082,CHESE BLOCK,,Grocery,Grocery,Kg,gram,1000
KIT083,CHESE SLICE 750G,,Grocery,Grocery,Kg,gram,1000
KIT208,CHIA SEED,,Grocery,Grocery,Kg,gram,1000
KIT096,CHICKEN,,Grocery,Grocery,Pkt,Pkt,1
KIT040,CHICKEN MASALA,,Grocery,Grocery,Kg,gram,1000
KIT151,CHICKEN SAUCES,,Grocery,Grocery,Kg,gram,1000
KIT152,CHICKEN SIKAB,,Grocery,Grocery,Kg,gram,1000
DIN485,CHILLI FLAKES POUCH,,Grocery,Grocery,Tin,Tin,1
KIT103,CHIPS,,Grocery,Grocery,Kg,gram,1000
KIT141,CHIRONJI,,Grocery,Grocery,Kg,gram,1000
KIT164,CHOCOLTE FLAVOR,,Grocery,Grocery,Pkt,Pkt,1
DIN460,CHOCOS,,Grocery,Grocery,Kg,gram,1000
KIT302,CHUKANDAR,,Grocery,Grocery,Kg,gram,1000
KIT061,CILING FOIL ,,Grocery,Grocery,Pkt,Pkt,1
KIT261,COCO NUT POWDER,,Grocery,Grocery,Kg,gram,1000
KIT204,COCO POWDER,,Grocery,Grocery,Pkt,Pkt,1
KIT256,COCONUT ,,Grocery,Grocery,Pkt,Pkt,1
DIN687,COCONUT CREAM,,Grocery,Grocery,Pkt,Pkt,1
KIT255,COCONUT WATER,,Grocery,Grocery,kg,gram,1000
DIN462,Coffee beans LAVAZA,,Grocery,Grocery,kg,gram,1000
KIT049,COOKIES,,Grocery,Grocery,kg,gram,1000
DIN458,Cornflakes,,Grocery,Grocery,kg,gram,1000
DIN457,CREMICA BUTTER  CHIPLET,,Grocery,Grocery,kg,gram,1000
DIN456,CREMICA HONEY ,,Grocery,Grocery,kg,gram,1000
DIN459,CREMICA MARMALADE,,Grocery,Grocery,kg,gram,1000
DIN226,CREMICA MIX JAM,,Grocery,Grocery,kg,gram,1000
KIT257,CRONFLOOR ARAROT,,Grocery,Grocery,Kg,gram,1000
KIT290,CUCUMBER KEERA,,Grocery,Grocery,Kg,gram,1000
KIT264,CUSTRAD POWDAR,,Grocery,Grocery,Kg,gram,1000
KIT091,DAHI  CURD,,Grocery,Grocery,gram,gram,1
KIT205,DAL BARI,,Grocery,Grocery,Kg,gram,1000
KIT135,DAL CHINI,,Grocery,Grocery,Kg,gram,1000
KIT038,DAL MASALA POWDER,,Grocery,Grocery,Kg,gram,1000
KIT070,DALDA,,Grocery,Grocery,Kg,gram,1000
DIN463,DARJELING Tea ,,Grocery,Grocery,Kg,gram,1000
KIT030,DEGGI MIRCH ,,Grocery,Grocery,Kg,gram,1000
KIT027,DHANIA SABUT,,Grocery,Grocery,gram,gram,1
KIT025,DHANYIA POWDER,,Grocery,Grocery,Kg,gram,1000
KIT087,DUSTER,,Grocery,Grocery,Pkt,Pkt,1
KIT100,EGG,,Grocery,Grocery,Kg,gram,1000
KIT138,ELAICHI ,,Grocery,Grocery,Kg,gram,1000
KIT121,EMALHI,,Grocery,Grocery,Pkt,Pkt,1
DIN469,English break fast Tea,,Grocery,Grocery,Kg,gram,1000
KIT176,ENO,,Grocery,Grocery,kg,gram,1000
KIT265,EVERADY CELL AA,,Grocery,Grocery,Kg,gram,1000
KIT266,EVERADY CELL AAA,,Grocery,Grocery,Pkt,Pkt,1
DIN001,fennel,,Grocery,Grocery,Btl,Btl,1
DIN470,FENNEL SEEDS,,Grocery,Grocery,Kg,gram,1000
KIT282,FHOOL GOBHI,,Grocery,Grocery,Kg,gram,1000
KIT099,FISH,,Grocery,Grocery,Kg,gram,1000
KIT068,FORTUNE OIL,,Grocery,Grocery,Kg,gram,1000
KIT162,FRENCH FRIES,,Grocery,Grocery,Kg,gram,1000
KIT174,FRUT COKTAIL,,Grocery,Grocery,Kg,gram,1000
KIT240,GAJAK,,Grocery,Grocery,Kg,gram,1000
KIT285,GAJAR,,Grocery,Grocery,Kg,gram,1000
KIT041,GARAM MASALA,,Grocery,Grocery,Kg,gram,1000
KIT116,GARBAGE ,,Grocery,Grocery,Kg,gram,1000
KIT115,GARBAGE BAGS,,Grocery,Grocery,Kg,gram,1000
KIT291,GARLIC LAHSUN,,Grocery,Grocery,Kg,gram,1000
KIT196,GAUVA,,Grocery,Grocery,Kg,gram,1000
KIT071,GHEE,,Grocery,Grocery,Kg,gram,1000
KIT292,GINGER ADRAK,,Grocery,Grocery,Kg,gram,1000
KIT048,GOOD DAY BISCUIT,,Grocery,Grocery,Kg,gram,1000
KIT332,GRAPE AGUR,,Grocery,Grocery,Kg,gram,1000
KIT156,GREEN OLIVES,,Grocery,Grocery,Kg,gram,1000
KIT052,GREEN PAD SCRUBER,,Grocery,Grocery,Kg,gram,1000
KIT113,GREEN TEA,,Grocery,Grocery,Kg,gram,1000
KIT130,GUD,,Grocery,Grocery,Kg,gram,1000
KIT133,GUEST RICE,,Grocery,Grocery,Kg,gram,1000
KIT169,GULAB JAL,,Grocery,Grocery,Pkt,Pkt,1
KIT301,GUVAR FALI,,Grocery,Grocery,Pkt,Pkt,1
KIT057,HAKKA NOODLES,,Grocery,Grocery,Pkt,Pkt,1
KIT022,HALDI POWDER,,Grocery,Grocery,Pkt,Pkt,1
KIT299,HARA DHANIYA,,Grocery,Grocery,Kg,gram,1000
KIT283,HARE MATAR,,Grocery,Grocery,Kg,gram,1000
KIT295,HARI MIRCH,,Grocery,Grocery,Kg,gram,1000
KIT247,HARPIC,,Grocery,Grocery,Kg,gram,1000
KIT263,HING (100gm),,Grocery,Grocery,Kg,gram,1000
KIT119,HONEY ,,Grocery,Grocery,Kg,gram,1000
DIN225,HORLICKS,,Grocery,Grocery,Kg,gram,1000
KIT045,ICE CERIM BUTTERSCOTCH,,Grocery,Grocery,Kg,gram,1000
KIT044,ICE CERIM VANELA ,,Grocery,Grocery,Pkt,Pkt,1
KIT046,ICE CREAM CHOCOLATE ,,Grocery,Grocery,Kg,gram,1000
KIT047,ICE CREAM STRAWBERRY,,Grocery,Grocery,Kg,gram,1000
KIT331,JAMUN,,Grocery,Grocery,Kg,gram,1000
KIT253,JAVITREE,,Grocery,Grocery,Kg,gram,1000
KIT254,JAYFAL,,Grocery,Grocery,Kg,gram,1000
KIT029,JEERA,,Grocery,Grocery,Kg,gram,1000
KIT218,JHAJJAR,,Grocery,Grocery,Kg,gram,1000
KIT018,JO KA AATA,,Grocery,Grocery,Kg,gram,1000
KIT019,JOWAR KA AATA,,Grocery,Grocery,Kg,gram,1000
KIT233,JUG,,Grocery,Grocery,Kg,gram,1000
KIT279,JUGNI,,Grocery,Grocery,Kg,gram,1000
DIN688,JUICE TOMATO (SW)1Ltr,,Grocery,Grocery,Pkt,Pkt,1
KIT012,KABULI CHANA,,Grocery,Grocery,Pkt,Pkt,1
KIT307,KACCHA AAM,,Grocery,Grocery,Kg,gram,1000
KIT298,KADU PUMPKIN,,Grocery,Grocery,Kg,gram,1000
KIT148,KAJU TUKDA,,Grocery,Grocery,Kg,gram,1000
KIT305,KAKIDI,,Grocery,Grocery,Kg,gram,1000
KIT144,KALI MIRCH,,Grocery,Grocery,Kg,gram,1000
KIT145,KALI MIRCH POWDER,,Grocery,Grocery,Kg,gram,1000
KIT006,KALI URAD DAL CHILKA,,Grocery,Grocery,Btl,Btl,1
KIT089,KALONJI,,Grocery,Grocery,Kg,gram,1000
KIT244,KAPOOR KI GOLI NAPHTHALENE,,Grocery,Grocery,Kg,gram,1000
KIT310,KARELA,,Grocery,Grocery,Kg,gram,1000
KIT181,KASTIK SODA,,Grocery,Grocery,Kg,gram,1000
KIT026,KASTOORI MAHTI,,Grocery,Grocery,Kg,gram,1000
KIT098,KEEMA,,Grocery,Grocery,Kg,gram,1000
KIT143,KESAR,,Grocery,Grocery,Kg,gram,1000
KIT168,KEVDA  JAL,,Grocery,Grocery,Tin,Tin,1
KIT232,KHALAD,,Grocery,Grocery,Kg,gram,1000
KIT306,KHARBUGA,,Grocery,Grocery,Kg,gram,1000
KIT146,KHASKHAS,,Grocery,Grocery,Kg,gram,1000
KIT120,KHATEYAE,,Grocery,Grocery,Kg,gram,1000
KIT092,KHOYA,,Grocery,Grocery,Kg,gram,1000
KIT267,KISMISH,,Grocery,Grocery,Kg,gram,1000
KIT042,KITCHEN KING,,Grocery,Grocery,Kg,gram,1000
KIT234,KNIFE,,Grocery,Grocery,Kg,gram,1000
KIT178,KULCHA,,Grocery,Grocery,Kg,gram,1000
KIT184,KUTTU ATTA,,Grocery,Grocery,Kg,gram,1000
KIT274,LAKDI KA KOYLA,,Grocery,Grocery,Kg,gram,1000
KIT248,LAL HARPIC,,Grocery,Grocery,Kg,gram,1000
KIT007,LALA MASSOR,,Grocery,Grocery,Kg,gram,1000
KIT317,LEMON NIBU,,Grocery,Grocery,Btl,Btl,1
KIT278,LETUSH,,Grocery,Grocery,Pkt,Pkt,1
KIT222,LIGHTER,,Grocery,Grocery,Kg,gram,1000
KIT190,LITCHI ,,Grocery,Grocery,Kg,gram,1000
KIT246,LIZOL,,Grocery,Grocery,Kg,gram,1000
KIT237,LOCK,,F & B,F & B,Kg,gram,1000
KIT136,LONG,,F & B,F & B,Kg,gram,1000
KIT137,LONG PAPER,,F & B,F & B,Pcs,Pcs,1
KIT297,LOUKI,,F & B,F & B,Pcs,Pcs,1
KIT140,MAGAJ,,F & B,F & B,Pcs,Pcs,1
KIT058,MAGGI ,,F & B,F & B,Pcs,Pcs,1
KIT017,MAIDA,,F & B,F & B,Pcs,Pcs,1
KIT020,MAKA KA AATA,,F & B,F & B,Kg,gram,1000
KIT150,MAKHANA,,F & B,F & B,Kg,gram,1000
KIT330,MAONGO ,,F & B,F & B,Kg,gram,1000
KIT260,MATCH BOX,,F & B,F & B,Kg,gram,1000
KIT153,MATTAN SHEEK KABAB,,F & B,F & B,Kg,gram,1000
KIT180,MATTAR DAL,,F & B,F & B,Kg,gram,1000
KIT085,MAYONNAISE,,F & B,F & B,Kg,gram,1000
KIT039,MEAT MASALA,,F & B,F & B,Kg,gram,1000
KIT127,METHI DANA,,F & B,F & B,Kg,gram,1000
KIT314,METHI HARI,,F & B,F & B,Pkt,Pkt,1
KIT090,MILK,,F & B,F & B,Pcs,Pcs,1
KIT185,MILK MAID TIN,,F & B,F & B,Kg,gram,1000
KIT186,MILK POWDER,,F & B,F & B,Kg,gram,1000
KIT023,MIRCH LAL POWDER,,F & B,F & B,Kg,gram,1000
KIT227,MIX HERBH,,F & B,F & B,Pcs,Pcs,1
KIT111,MIXED FRUIT JAM ,,F & B,F & B,Pcs,Pcs,1
DIN686,MONIN BLUE CURACAO,,F & B,F & B,Pkt,Pkt,1
DIN610,MONIN CARAMEL,,F & B,F & B,Pkt,Pkt,1
DIN701,MONIN CHOCLATE,,F & B,F & B,Kg,gram,1000
DIN691,MONIN CINNAMON,,F & B,F & B,Kg,gram,1000
DIN682,MONIN PEACH,,F & B,F & B,Pkt,Pkt,1
DIN684,MONIN ROSE,,F & B,F & B,Pcs,Pcs,1
DIN683,MONIN TRIPPLE SEC,,F & B,F & B,Kg,gram,1000
KIT002,MOOG DAL DHULI,,F & B,F & B,Kg,gram,1000
KIT318,MOOLI,,F & B,F & B,Pcs,Pcs,1
KIT003,MOONG DAL CHILKA,,F & B,F & B,Kg,gram,1000
KIT001,MOONG SABUT,,F & B,F & B,Kg,gram,1000
DIN461,MUESLI,,F & B,F & B,Kg,gram,1000
KIT108,MUSHROOM  FERIS,,F & B,F & B,Kg,gram,1000
KIT109,MUSHROOM BUTTON,,F & B,F & B,Kg,gram,1000
KIT069,MUSTRAD OIL,,F & B,F & B,Kg,gram,1000
KIT097,MUTTON ,,F & B,F & B,Pcs,Pcs,1
KIT338,MUTTON KABAB,,F & B,F & B,Pcs,Pcs,1
KIT324,NASHPATI,,F & B,F & B,Pcs,Pcs,1
DIN223,NESCAFE CLASSIC COFFEE,,F & B,F & B,Kg,gram,1000
KIT236,NON STK TABA,,F & B,F & B,Ltr,Ltr,1
KIT067,OLIVE OIL,,F & B,F & B,Pcs,Pcs,1
KIT293,ONION ,,F & B,F & B,Pcs,Pcs,1
KIT321,ORANGE ,,F & B,F & B,Kg,gram,1000
DIN484,OREGANO POUCH,,F & B,F & B,Kg,gram,1000
KIT229,ORGANEO,,F & B,F & B,Pcs,Pcs,1
KIT104,OTAS,,F & B,F & B,Pcs,Pcs,1
KIT315,PALAK,,F & B,F & B,Pcs,Pcs,1
KIT219,PALTA,,F & B,F & B,Pcs,Pcs,1
KIT243,PAN,,F & B,F & B,Pcs,Pcs,1
KIT188,PANEAPPLE TIN,,F & B,F & B,Pcs,Pcs,1
KIT093,PANEER,,,,,,
KIT065,PAPAD,,,,,,
KIT322,PAPAYA,,,,,,
KIT303,PARMAL,,,,,,
KIT055,PASTA  PENNE,,,,,,
KIT053,PASTA FUSILLI,,,,,,
KIT054,PASTA MICRONI,,,,,,
KIT287,PATA GOBHI,,,,,,
KIT157,PAV,,,,,,
KIT036,PAV BHAIJI MASALA ,,,,,,
KIT258,PEANUT,,,,,,
KIT131,PEANUT BUTTER,,,,,,
DIN479,PEPPER BIG,,,,,,
KIT125,PESTRY,,,,,,
KIT294,PEYAJ HARI,,,,,,
KIT245,PHENYLE,,,,,,
KIT105,PHOOL JHADU BROOM,,,,,,
KIT094,PICKEL MAX,,,,,,
KIT095,PICKEL TETI,,,,,,
KIT031,PILI MIRCHI POWDER,,,,,,
KIT221,PILLAR,,,,,,
KIT326,PINEAPPLE,,,,,,
KIT268,PINEAPPLE SLICES,,,,,,
KIT147,PISTHA,,,,,,
KIT158,PIZA COIN,,,,,,
KIT056,PLAIN NOODLES ,,,,,,
KIT086,POCHA BIG,,,,,,
KIT329,PODINA HARA,,,,,,
KIT013,POHA,,,,,,
KIT319,POTATO AALOO,,,,,,
KIT170,PUDIN HARA,,,,,,
KIT259,RABADI,,,,,,
KIT163,RAD COLOUR KITCHEN,,,,,,
KIT072,RAISABUT,,,,,,
KIT008,RAJMA DAL,,,,,,
KIT028,RAJMA MASALA,,,,,,
KIT288,RAMAS FALEE,,,,,,
KIT075,RED CHILLI SAUCE,,,,,,
KIT066,REFIND SONA SIKA,,,,,,
KIT242,REGISTER,,,,,,
KIT063,ROASTED CHANA ,,,,,,
KIT062,ROASTED PEANUT ,,,,,,
KIT172,ROOPJA,,,,,,
KIT228,ROSE MERY,,,,,,
KIT217,ROTI TAWA,,,,,,
KIT182,SABUDANA,,,,,,
KIT024,SABUT LAL MIRCH,,,,,,
KIT160,SAFAL MATTAR,,,,,,
KIT231,SAFE CAP,,,,,,
KIT308,SAHJIN KI FALI,,,,,,
KIT154,SALAMI,,,,,,
KIT122,SALT,,,,,,
DIN480,SALT BIG,,,,,,
DIN219,SALT POUCH,,,,,,
KIT183,SAMA RICE,,,,,,
KIT035,SAMBHAR MASALA,,,,,,
KIT117,SANDWICH PACKING BAG,,,,,,
KIT335,SANGRI,,,,,,
KIT312,SARSO KI SABJI,,,,,,
KIT336,SEMFALI,,,,,,
KIT124,SENDHA NAMAK,,,,,,
KIT284,SHIMLA MIRCH,,,,,,
KIT328,SINGHARA,,,,,,
KIT106,SINKJHADU,,,,,,
KIT033,SONTH POWDER,,,,,,
KIT014,SOOJI,,,,,,
KIT206,SOYA BIN KA CHURA,,,,,,
KIT207,SOYA CHUNKS BARI,,,,,,
KIT073,SOYA SAUCE,,,,,,
KIT270,SPEGETTI PASTA,,,,,,
KIT337,SPRING ROLL SHEET,,,,,,
KIT132,STAFF RICE ,,,,,,
KIT333,STAWBEEEY,,,,,,
KIT051,STEEL SCRUBER,,,,,,
KIT129,SUGAR,,,,,,
DIN689,SUGAR BIG,,,,,,
DIN227,SUGAR BROWN SACHETS,,,,,,
DIN481,SUGAR CANDY,,,,,,
DIN217,SUGAR FREE SACHETS,,,,,,
DIN235,SUGAR SATCHET5gx2000,,,,,,
KIT179,SUKHI MATAR,,,,,,
KIT161,SWEET CORN,,,,,,
DIN221,TAJ MAHAL BAG,,,,,,
KIT286,TAMATO,,,,,,
KIT159,TEA,,,,,,
KIT114,TEA BAG,,,,,,
KIT235,TEA SAUCEPAN,,,,,,
KIT112,TEA STAFF,,,,,,
KIT134,TEJ PATTA,,,,,,
KIT300,TENDE,,,,,,
KIT171,THANDAI,,,,,,
KIT225,THYME LEAVES,,,,,,
KIT215,TIN CUTTER,,,,,,
DIN482,TOBASCO,,,,,,
KIT101,TOMATA KETCHUP TOMATO,,,,,,
DIN216,TOMATO KET POUCH,,,,,,
KIT173,TOMATO PURI,,,,,,
KIT074,TOPS GREEN CHILI SAUCE,,,,,,
KIT311,TURAI,,,,,,
KIT005,URAD DAL DHULI,,,,,,
KIT004,URAD SABUT,,,,,,
KIT166,VANILLA ESSENCE,,,,,,
KIT076,VINEGAR,,,,,,
KIT149,WALNUT,,,,,,
KIT202,WASHING POWDER BARTAN,,,,,,
KIT334,WATERMELON,,,,,,
KIT032,WHITE PEPPER POWDER,,,,,,
KIT209,WHITE TILI,,,,,,
KIT107,WIPER,,,,,,
DIN483,WOSTERSHIRE SAUCE,,,,,,
KIT275,YELLOW MUSTARD SAUCE,,,,,,
