RNP001,MOONG SABUT,,KITECHEN,KITECHEN,KG,gram,1000
RNP002,MOOG DAL DHULI,,KITECHEN,KITECHEN,KG,gram,1000
RNP003,MOONG DAL CHILKA,,KITECHEN,KITECHEN,KG,gram,1000
RNP004,URAD SABUT,,KITECHEN,KITECHEN,KG,gram,1000
RNP005,URAD DAL DHULI,,KITECHEN,KITECHEN,KG,gram,1000
RNP006,KALI URAD DAL CHILKA,,KITECHEN,KITECHEN,KG,gram,1000
RNP007,LALA MASSOR,,KITECHEN,KITECHEN,KG,gram,1000
RNP008,RAJMA DAL,,KITECHEN,KITECHEN,KG,gram,1000
RNP009,ARHAR DAL,,KITECHEN,KITECHEN,KG,gram,1000
RNP010,BLACK CHANA,,KITECHEN,KITECHEN,KG,gram,1000
RNP011,CHANA DAAL,,KITECHEN,KITECHEN,KG,gram,1000
RNP012,KABULI CHANA,,KITECHEN,KITECHEN,KG,gram,1000
RNP013,POHA,,KITECHEN,KITECHEN,KG,gram,1000
RNP014,SOOJI,,KITECHEN,KITECHEN,KG,gram,1000
RNP015,BESAN,,KITECHEN,KITECHEN,KG,gram,1000
RNP016,AATA,,KITECHEN,KITECHEN,KG,gram,1000
RNP017,MAIDA,,KITECHEN,KITECHEN,KG,gram,1000
RNP018,JO KA AATA,,KITECHEN,KITECHEN,KG,gram,1000
RNP019,JOWAR KA AATA,,KITECHEN,KITECHEN,KG,gram,1000
RNP020,MAKA KA AATA,,KITECHEN,KITECHEN,KG,gram,1000
RNP021,BAJRA KA AATA,,KITECHEN,KITECHEN,KG,gram,1000
RNP022,HALDI POWDER,,KITECHEN,KITECHEN,KG,gram,1000
RNP023,MIRCH LAL POWDER,,KITECHEN,KITECHEN,KG,gram,1000
RNP024,SABUT LAL MIRCH,,KITECHEN,KITECHEN,KG,gram,1000
RNP025,DHANYIA POWDER,,KITECHEN,KITECHEN,KG,gram,1000
RNP026,KASTOORI MAHTI,,KITECHEN,KITECHEN,KG,gram,1000
RNP027,DHANIA SABUT,,KITECHEN,KITECHEN,KG,gram,1000
RNP028,RAJMA MASALA,,KITECHEN,KITECHEN,PKT,Pcs,1
RNP029,JEERA,,KITECHEN,KITECHEN,KG,gram,1000
RNP030,DEGGI MIRCH ,,KITECHEN,KITECHEN,PKT,Pcs,1
RNP031,PILI MIRCHI POWDER,,KITECHEN,KITECHEN,PKT,Pcs,1
RNP032,WHITE PEPPER POWDER,,KITECHEN,KITECHEN,PKT,Pcs,1
RNP033,SONTH POWDER,,KITECHEN,KITECHEN,PKT,Pcs,1
RNP034,BIRIYANI MASALA,,KITECHEN,KITECHEN,PKT,Pcs,1
RNP035,SAMBHAR MASALA,,KITECHEN,KITECHEN,PKT,Pcs,1
RNP036,PAV BHAIJI MASALA ,,KITECHEN,KITECHEN,PKT,Pcs,1
RNP037,CHANA MASALA,,KITECHEN,KITECHEN,PKT,Pcs,1
RNP038,DAL MASALA POWDER,,KITECHEN,KITECHEN,PKT,Pcs,1
RNP039,MEAT MASALA,,KITECHEN,KITECHEN,PKT,Pcs,1
RNP040,CHICKEN MASALA,,KITECHEN,KITECHEN,PKT,Pcs,1
RNP041,GARAM MASALA,,KITECHEN,KITECHEN,PKT,Pcs,1
RNP042,KITCHEN KING,,KITECHEN,KITECHEN,PKT,Pcs,1
RNP043,CHAT MASALA,,KITECHEN,KITECHEN,PKT,Pcs,1
RNP044,ICE CERIM VANELA ,,KITECHEN,KITECHEN,KG,gallaon,1
RNP045,ICE CERIM BUTTERSCOTCH,,KITECHEN,KITECHEN,KG,gallaon,1
RNP046,ICE CREAM CHOCOLATE ,,KITECHEN,KITECHEN,KG,gallaon,1
RNP047,ICE CREAM STRAWBERRY,,KITECHEN,KITECHEN,KG,gallaon,1
RNP048,GOOD DAY BISCUIT,,KITECHEN,KITECHEN,PKT,Pcs,1
RNP049,COOKIES,,KITECHEN,KITECHEN,KG,gram,1000
RNP050,BIKAJI BHUJIA ,,KITECHEN,KITECHEN,KG,gram,1000
RNP051,STEEL SCRUBER,,KITECHEN,KITECHEN,PKT,Pcs,1
RNP052,GREEN PAD SCRUBER,,KITECHEN,KITECHEN,PKT,Pcs,1
RNP053,PASTA FUSILLI,,KITECHEN,KITECHEN,PKT,Pcs,1
RNP054,PASTA MICRONI,,KITECHEN,KITECHEN,PKT,Pcs,1
RNP055,PASTA  PENNE,,KITECHEN,KITECHEN,PKT,Pcs,1
RNP056,PLAIN NOODLES ,,KITECHEN,KITECHEN,PKT,Pcs,1
RNP057,HAKKA NOODLES,,KITECHEN,KITECHEN,PKT,Pcs,1
RNP058,MAGGI ,,KITECHEN,KITECHEN,PKT,Pcs,1
RNP059, VERMECELLI,,KITECHEN,KITECHEN,PKT,Pcs,1
RNP060,ALUMINIUM FOIL,,KITECHEN,KITECHEN,nos,Pcs,1
RNP061,CILING FOIL ,,KITECHEN,KITECHEN,nos,PCS,1
RNP062,ROASTED PEANUT ,,KITECHEN,KITECHEN,KG,gram,1000
RNP063,ROASTED CHANA ,,KITECHEN,KITECHEN,KG,gram,1000
RNP064,BOONDI,,KITECHEN,KITECHEN,KG,gram,1000
RNP065,PAPAD,,KITECHEN,KITECHEN,PKT,Pcs,1
RNP066,REFIND SONA SIKA,,KITECHEN,KITECHEN,LTR,ml,1000
RNP067,OLIVE OIL,,KITECHEN,KITECHEN,LTR,ml,1000
RNP068,FORTUNE OIL,,KITECHEN,KITECHEN,LTR,ml,1000
RNP069,MUSTRAD OIL,,KITECHEN,KITECHEN,LTR,ml,1000
RNP070,DALDA,,KITECHEN,KITECHEN,LTR,ml,1000
RNP071,GHEE,,KITECHEN,KITECHEN,KG,gram,1000
RNP072,RAISABUT,,KITECHEN,KITECHEN,KG,gram,1000
RNP073,SOYA SAUCE,,KITECHEN,KITECHEN,btl,pcs,1
RNP074,TOPS GREEN CHILI SAUCE,,KITECHEN,KITECHEN,btl,pcs,1
RNP075,RED CHILLI SAUCE,,KITECHEN,KITECHEN,btl,Pcs,1
RNP076,VINEGAR,,KITECHEN,KITECHEN,BTL,pcs,1
RNP077,BREAD WHITE,,KITECHEN,KITECHEN,PKT,PKT,1
RNP078,BREAD BROWN,,KITECHEN,KITECHEN,PKT,pkt,1
RNP079,BUTTAR 500gm,,KITECHEN,KITECHEN,KG,gram,1000
RNP080,BUTTAR Chiplet 10gm,,KITECHEN,KITECHEN,KG,gram,1000
RNP081,AMUL CREEM,,KITECHEN,KITECHEN,pkt,pcs,1
RNP082,CHESE BLOCK,,KITECHEN,KITECHEN,KG,gram,1000
RNP083,CHESE SLICE 750G,,KITECHEN,KITECHEN,KG,gram,1000
RNP084,CHEESE AMUL MOJROLA,,KITECHEN,KITECHEN,KG,gram,1000
RNP085,MAYONNAISE,,KITECHEN,KITECHEN,PKT,PKT,1
RNP086,POCHA BIG,,KITECHEN,KITECHEN,KG,gram,1000
RNP087,DUSTER,,KITECHEN,KITECHEN,KG,gram,1000
RNP088,AJINOMOTO,,KITECHEN,KITECHEN,PKT,PKT,1
RNP089,KALONJI,,KITECHEN,KITECHEN,KG,gram,1000
RNP090,MILK,,KITECHEN,KITECHEN,LTR,ml,1000
RNP091,DAHI  CURD,,KITECHEN,KITECHEN,KG,gram,1000
RNP092,KHOYA,,KITECHEN,KITECHEN,KG,gram,1000
RNP093,PANEER,,KITECHEN,KITECHEN,KG,gram,1000
RNP094,PICKEL MAX,,KITECHEN,KITECHEN,KG,gram,1000
RNP095,PICKEL TETI,,KITECHEN,KITECHEN,KG,gram,1000
RNP096,CHICKEN,,KITECHEN,KITECHEN,KG,gram,1000
RNP097,MUTTON ,,KITECHEN,KITECHEN,KG,gram,1000
RNP098,KEEMA,,KITECHEN,KITECHEN,KG,gram,1000
RNP099,FISH,,KITECHEN,KITECHEN,KG,gram,1000
RNP100,EGG,,KITECHEN,KITECHEN,TRAY,pcs,24
RNP101,TOMATA KETCHUP TOMATO,,KITECHEN,KITECHEN,btl,Btl,1
RNP102,TOMATA KETCHUP PAUCH,,KITECHEN,KITECHEN,pkt,pcs,1
RNP103,CHIPS,,KITECHEN,KITECHEN,PKT,gram,1000
RNP104,OTAS,,KITECHEN,KITECHEN,KG,gram,1000
RNP105,PHOOL JHADU BROOM,,KITECHEN,KITECHEN,pcs,pcs,1
RNP106,SINKJHADU,,KITECHEN,KITECHEN,pcs,Pcs,1
RNP107,WIPER,,KITECHEN,KITECHEN,pcs,Pcs,1
RNP108,MUSHROOM  FERIS,,KITECHEN,KITECHEN,KG,gram,1000
RNP109,MUSHROOM BUTTON,,KITECHEN,KITECHEN,TIN,gram,1000
RNP110,BAKED BEANS,,KITECHEN,KITECHEN,TIN,gram,1000
RNP111,MIXED FRUIT JAM ,,KITECHEN,KITECHEN,KG,gram,1000
RNP112,TEA STAFF,,KITECHEN,KITECHEN,KG,gram,1000
RNP113,GREEN TEA,,KITECHEN,KITECHEN,KG,gram,1000
RNP114,TEA BAG,,KITECHEN,KITECHEN,KG,gram,1000
RNP115,GARBAGE BAGS,,KITECHEN,KITECHEN,PKT,PKT,1
RNP116,GARBAGE ,,KITECHEN,KITECHEN,Btl,Btl,1
RNP117,SANDWICH PACKING BAG,,KITECHEN,KITECHEN,KG,gram,1000
RNP118,BOURNVITA,,KITECHEN,KITECHEN,KG,gram,1000
RNP119,HONEY ,,KITECHEN,KITECHEN,btl,gram,1000
RNP120,KHATEYAE,,KITECHEN,KITECHEN,KG,gram,1000
RNP121,EMALHI,,KITECHEN,KITECHEN,PKT,PKT,1
RNP122,SALT,,KITECHEN,KITECHEN,KG,gram,1000
RNP123,BLACK SALT,,KITECHEN,KITECHEN,KG,gram,1000
RNP124,SENDHA NAMAK,,KITECHEN,KITECHEN,PKT,PKT,1
RNP125,PESTRY,,KITECHEN,KITECHEN,PKT,PKT,1
RNP126,CAKE,,KITECHEN,KITECHEN,kg,pond,1000
RNP127,METHI DANA,,KITECHEN,KITECHEN,KG,gram,1000
RNP128,AJWAIN,,KITECHEN,KITECHEN,KG,gram,1000
RNP129,SUGAR,,KITECHEN,KITECHEN,KG,gram,1000
RNP130,GUD,,KITECHEN,KITECHEN,KG,gram,1000
RNP131,PEANUT BUTTER,,KITECHEN,KITECHEN,KG,gram,1000
RNP132,STAFF RICE ,,KITECHEN,KITECHEN,KG,gram,1000
RNP133,GUEST RICE,,KITECHEN,KITECHEN,KG,gram,1000
RNP134,TEJ PATTA,,KITECHEN,KITECHEN,KG,gram,1000
RNP135,DAL CHINI,,KITECHEN,KITECHEN,KG,gram,1000
RNP136,LONG,,KITECHEN,KITECHEN,KG,gram,1000
RNP137,LONG PAPER,,KITECHEN,KITECHEN,KG,gram,1000
RNP138,ELAICHI ,,KITECHEN,KITECHEN,KG,gram,1000
RNP139,BADI ELAICHI,,KITECHEN,KITECHEN,KG,gram,1000
RNP140,MAGAJ,,KITECHEN,KITECHEN,KG,gram,1000
RNP141,CHIRONJI,,KITECHEN,KITECHEN,KG,gram,1000
RNP142,BADAM MIGGI,,KITECHEN,KITECHEN,KG,gram,1000
RNP143,KESAR,,KITECHEN,KITECHEN,KG,gram,1000
RNP144,KALI MIRCH,,KITECHEN,KITECHEN,KG,gram,1000
RNP145,KALI MIRCH POWDER,,KITECHEN,KITECHEN,KG,gram,1000
RNP146,KHASKHAS,,KITECHEN,KITECHEN,KG,gram,1000
RNP147,PISTHA,,KITECHEN,KITECHEN,KG,gram,1000
RNP148,KAJU TUKDA,,KITECHEN,KITECHEN,KG,gram,1000
RNP149,WALNUT,,KITECHEN,KITECHEN,KG,gram,1000
RNP150,MAKHANA,,KITECHEN,KITECHEN,KG,gram,1000
RNP151,CHICKEN SAUCES,,KITECHEN,KITECHEN,KG,Btl,1
RNP152,CHICKEN SIKAB,,KITECHEN,KITECHEN,KG,gram,1000
RNP153,MATTAN SHEEK KABAB,,KITECHEN,KITECHEN,KG,gram,1000
RNP154,SALAMI,,KITECHEN,KITECHEN,KG,Pcs,1
RNP155,BLACK OILVE SLIED,,KITECHEN,KITECHEN,KG,gram,1000
RNP156,GREEN OLIVES,,KITECHEN,KITECHEN,KG,gram,1000
RNP157,PAV,,KITECHEN,KITECHEN,Pcs,Pcs,1
RNP158,PIZA COIN,,KITECHEN,KITECHEN,Pcs,Pcs,1
RNP159,TEA,,KITECHEN,KITECHEN,KG,gram,1000
RNP160,SAFAL MATTAR,,KITECHEN,KITECHEN,KG,gram,1000
RNP161,SWEET CORN,,KITECHEN,KITECHEN,KG,gram,1000
RNP162,FRENCH FRIES,,KITECHEN,KITECHEN,KG,gram,1000
RNP163,RAD COLOUR KITCHEN,,KITECHEN,KITECHEN,KG,gram,1000
RNP164,CHOCOLTE FLAVOR,,KITECHEN,KITECHEN,KG,gram,1000
RNP165,BEKENG SODA POWDAR,,KITECHEN,KITECHEN,KG,gram,1000
RNP166,VANILLA ESSENCE,,KITECHEN,KITECHEN,KG,gram,1000
RNP167,BUTTER ESSENCE,,KITECHEN,KITECHEN,KG,gram,1000
RNP168,KEVDA  JAL,,KITECHEN,KITECHEN,KG,gram,1000
RNP169,GULAB JAL,,KITECHEN,KITECHEN,KG,gram,1000
RNP170,PUDIN HARA,,KITECHEN,KITECHEN,KG,gram,1000
RNP171,THANDAI,,KITECHEN,KITECHEN,KG,gram,1000
RNP172,ROOPJA,,KITECHEN,KITECHEN,KG,gram,1000
RNP173,TOMATO PURI,,KITECHEN,KITECHEN,TIN,gram,1000
RNP174,FRUT COKTAIL,,KITECHEN,KITECHEN,TIN,gram,1000
RNP175,BABY CORN,,KITECHEN,KITECHEN,TIN,gram,1000
RNP176,ENO,,KITECHEN,KITECHEN,box,Pcs,1
RNP177,AAMCHOOR POWDER,,KITECHEN,KITECHEN,KG,gram,1000
RNP178,KULCHA,,KITECHEN,KITECHEN,KG,gram,1000
RNP179,SUKHI MATAR,,KITECHEN,KITECHEN,KG,gram,1000
RNP180,MATTAR DAL,,KITECHEN,KITECHEN,KG,gram,1000
RNP181,KASTIK SODA,,KITECHEN,KITECHEN,KG,gram,1000
RNP182,SABUDANA,,KITECHEN,KITECHEN,KG,gram,1000
RNP183,SAMA RICE,,KITECHEN,KITECHEN,KG,gram,1000
RNP184,KUTTU ATTA,,KITECHEN,KITECHEN,KG,gram,1000
RNP185,MILK MAID TIN,,KITECHEN,KITECHEN,pcs,pcs,1
RNP186,MILK POWDER,,KITECHEN,KITECHEN,KG,gram,1000
RNP187,PANEAPPLE TIN,,KITECHEN,KITECHEN,box,PKT,1
RNP188,LITCHI ,,KITECHEN,KITECHEN,KG,gram,1000
RNP189,APPLE ,,KITECHEN,KITECHEN,KG,gram,1000
RNP190,GAUVA,,KITECHEN,KITECHEN,KG,gram,1000
RNP191,WASHING POWDER BARTAN,,KITECHEN,KITECHEN,box,Pcs,1
RNP192,BARTAN BAR SABAN,,KITECHEN,KITECHEN,box,PCS,1
RNP193,COCO POWDER,,KITECHEN,KITECHEN,KG,gram,1000
RNP194,DAL BARI,,KITECHEN,KITECHEN,KG,gram,1000
RNP195,SOYA BIN KA CHURA,,KITECHEN,KITECHEN,KG,gram,1000
RNP196,SOYA CHUNKS BARI,,KITECHEN,KITECHEN,KG,gram,1000
RNP197,CHIA SEED,,KITECHEN,KITECHEN,KG,gram,1000
RNP198,WHITE TILI,,KITECHEN,KITECHEN,KG,gram,1000
RNP199,BREAD CURMA,,KITECHEN,KITECHEN,KG,gram,1000
RNP200,BREAD BURSH,,KITECHEN,KITECHEN,Pcs,Pcs,1
RNP201,TIN CUTTER,,KITECHEN,KITECHEN,Pcs,Pcs,1
RNP202,CHAI CHALNI,,KITECHEN,KITECHEN,Pcs,Pcs,1
RNP203,ROTI TAWA,,KITECHEN,KITECHEN,PCS,Pcs,1
RNP204,JHAJJAR,,KITECHEN,KITECHEN,Pcs,Pcs,1
RNP205,PALTA,,KITECHEN,KITECHEN,Pcs,Pcs,1
RNP206,BROWN PAPER,,KITECHEN,KITECHEN,PKT,Pcs,1
RNP207,PILLAR,,KITECHEN,KITECHEN,Pcs,Pcs,1
RNP208,LIGHTER,,KITECHEN,KITECHEN,Pcs,Pcs,1
RNP209,THYME LEAVES,,KITECHEN,KITECHEN,KG,gram,1000
RNP210,BASIL LEAVES,,KITECHEN,KITECHEN,KG,gram,1000
RNP211,MIX HERBH,,KITECHEN,KITECHEN,KG,gram,1000
RNP212,ROSE MERY,,KITECHEN,KITECHEN,pcs,Btl,1
RNP213,ORGANEO,,KITECHEN,KITECHEN,pcs,Btl,1
RNP214,SAFE CAP,,KITECHEN,KITECHEN,PKT,Pcs,1
RNP215,KHALAD,,KITECHEN,KITECHEN,Pcs,Pcs,1
RNP216,JUG,,KITECHEN,KITECHEN,Pcs,Pcs,1
RNP217,KNIFE,,KITECHEN,KITECHEN,Pcs,Pcs,1
RNP218,TEA SAUCEPAN,,KITECHEN,KITECHEN,Pcs,Pcs,1
RNP219,NON STK TABA,,KITECHEN,KITECHEN,Pcs,Pcs,1
RNP220,LOCK,,KITECHEN,KITECHEN,Pcs,Pcs,1
RNP221,BURGER BUN,,KITECHEN,KITECHEN,PKT,PKT,1
RNP222,GAJAK,,KITECHEN,KITECHEN,box,pcs,1000
RNP223,REGISTER,,KITECHEN,KITECHEN,Pcs,Pcs,1
RNP224,PAN,,KITECHEN,KITECHEN,Pcs,Pcs,1
RNP225,KAPOOR KI GOLI NAPHTHALENE,,KITECHEN,KITECHEN,PKT,PKT,1
RNP226,PHENYLE,,KITECHEN,KITECHEN,Btl,Btl,1
RNP227,LIZOL,,KITECHEN,KITECHEN,Btl,Btl,1
RNP228,HARPIC,,KITECHEN,KITECHEN,Btl,Btl,1
RNP229,LAL HARPIC,,KITECHEN,KITECHEN,Btl,Btl,1
RNP230,JAVITREE,,KITECHEN,KITECHEN,KG,gram,1000
RNP231,JAYFAL,,KITECHEN,KITECHEN,KG,gram,1000
RNP232,COCONUT WATER,,KITECHEN,KITECHEN,PCS,pcs,1
RNP233,COCONUT ,,KITECHEN,KITECHEN,PCS,pcs,1
RNP234,CRONFLOOR ARAROT,,KITECHEN,KITECHEN,KG,gram,1000
RNP235,PEANUT,,KITECHEN,KITECHEN,KG,gram,1000
RNP236,RABADI,,KITECHEN,KITECHEN,KG,gram,1000
RNP237,MATCH BOX,,KITECHEN,KITECHEN,box,PKT,1
RNP238,COCO NUT POWDER,,KITECHEN,KITECHEN,KG,gram,1000
RNP239,METHI DANA,,KITECHEN,KITECHEN,KG,gram,1000
RNP240,HING (100gm),,KITECHEN,KITECHEN,KG,gram,1000
RNP241,CUSTRAD POWDAR,,KITECHEN,KITECHEN,KG,gram,1000
RNP242,EVERADY CELL AA,,KITECHEN,KITECHEN,Pcs,PCS,1
RNP243,EVERADY CELL AAA,,KITECHEN,KITECHEN,Pcs,Pcs,1
RNP244,KISMISH,,KITECHEN,KITECHEN,KG,gram,1000
RNP245,PINEAPPLE SLICES,,KITECHEN,KITECHEN,TIN,pcs,1
RNP246,SPEGETTI PASTA,,KITECHEN,KITECHEN,PKT,PKT,1
RNP247,LAKDI KA KOYLA,,KITECHEN,KITECHEN,KG,gram,1000
RNP248,YELLOW MUSTARD SAUCE,,KITECHEN,KITECHEN,pcs,pcs,1
RNP249,BARBEQ SAUCE,,KITECHEN,KITECHEN,pcs,pcs,1
RNP250,LETUSH,,KITECHEN,KITECHEN,pcs,pcs,1
RNP251,JUGNI,,KITECHEN,KITECHEN,KG,gram,1000
RNP252,CAPSICUM RED,,KITECHEN,KITECHEN,KG,gram,1000
RNP253,CAPSICUM YELLOW,,KITECHEN,KITECHEN,KG,gram,1000
RNP254,FHOOL GOBHI,,KITECHEN,KITECHEN,KG,gram,1000
RNP255,HARE MATAR,,KITECHEN,KITECHEN,KG,gram,1000
RNP256,SHIMLA MIRCH,,KITECHEN,KITECHEN,KG,gram,1000
RNP257,GAJAR,,KITECHEN,KITECHEN,KG,gram,1000
RNP258,TAMATO,,KITECHEN,KITECHEN,KG,gram,1000
RNP259,PATA GOBHI,,KITECHEN,KITECHEN,KG,gram,1000
RNP260,RAMAS FALEE,,KITECHEN,KITECHEN,KG,gram,1000
RNP261,BEGAN,,KITECHEN,KITECHEN,KG,gram,1000
RNP262,CUCUMBER KEERA,,KITECHEN,KITECHEN,KG,gram,1000
RNP263,GARLIC LAHSUN,,KITECHEN,KITECHEN,KG,gram,1000
RNP264,GINGER ADRAK,,KITECHEN,KITECHEN,KG,gram,1000
RNP265,ONION ,,KITECHEN,KITECHEN,KG,gram,1000
RNP266,PEYAJ HARI,,KITECHEN,KITECHEN,KG,gram,1000
RNP267,HARI MIRCH,,KITECHEN,KITECHEN,KG,gram,1000
RNP268,BHINDI,,KITECHEN,KITECHEN,KG,gram,1000
RNP269,LOUKI,,KITECHEN,KITECHEN,KG,gram,1000
RNP270,KADU PUMPKIN,,KITECHEN,KITECHEN,KG,gram,1000
RNP271,HARA DHANIYA,,KITECHEN,KITECHEN,KG,gram,1000
RNP272,TENDE,,KITECHEN,KITECHEN,KG,gram,1000
RNP273,GUVAR FALI,,KITECHEN,KITECHEN,KG,gram,1000
RNP274,CHUKANDAR,,KITECHEN,KITECHEN,KG,gram,1000
RNP275,PARMAL,,KITECHEN,KITECHEN,KG,gram,1000
RNP276,KAKIDI,,KITECHEN,KITECHEN,KG,gram,1000
RNP277,KHARBUGA,,KITECHEN,KITECHEN,KG,gram,1000
RNP278,KACCHA AAM,,KITECHEN,KITECHEN,KG,gram,1000
RNP279,SAHJIN KI FALI,,KITECHEN,KITECHEN,KG,gram,1000
RNP280,BAROCLI,,KITECHEN,KITECHEN,KG,gram,1000
RNP281,KARELA,,KITECHEN,KITECHEN,KG,gram,1000
RNP282,TURAI,,KITECHEN,KITECHEN,KG,gram,1000
RNP283,SARSO KI SABJI,,KITECHEN,KITECHEN,KG,gram,1000
RNP284,ARBI,,KITECHEN,KITECHEN,KG,gram,1000
RNP285,METHI HARI,,KITECHEN,KITECHEN,KG,gram,1000
RNP286,PALAK,,KITECHEN,KITECHEN,KG,gram,1000
RNP287,BEANS,,KITECHEN,KITECHEN,KG,gram,1000
RNP288,LEMON NIBU,,KITECHEN,KITECHEN,KG,gram,1000
RNP289,MOOLI,,KITECHEN,KITECHEN,KG,gram,1000
RNP290,POTATO AALOO,,KITECHEN,KITECHEN,KG,gram,1000
RNP291,BANANA ,,KITECHEN,KITECHEN,KG,gram,1000
RNP292,ORANGE ,,KITECHEN,KITECHEN,KG,gram,1000
RNP293,PAPAYA,,KITECHEN,KITECHEN,KG,gram,1000
RNP294,APPLE,,KITECHEN,KITECHEN,KG,gram,1000
RNP295,NASHPATI,,KITECHEN,KITECHEN,KG,gram,1000
RNP296,ANAR ,,KITECHEN,KITECHEN,KG,gram,1000
RNP297,PINEAPPLE,,KITECHEN,KITECHEN,KG,gram,1000
RNP298,AMRUD,,KITECHEN,KITECHEN,KG,gram,1000
RNP299,SINGHARA,,KITECHEN,KITECHEN,KG,gram,1000
RNP300,PODINA HARA,,KITECHEN,KITECHEN,KG,gram,1000
RNP301,MAONGO ,,KITECHEN,KITECHEN,KG,gram,1000
RNP302,JAMUN,,KITECHEN,KITECHEN,KG,gram,1000
RNP303,GRAPE AGUR,,KITECHEN,KITECHEN,KG,gram,1000
RNP304,STAWBEEEY,,KITECHEN,KITECHEN,KG,gram,1000
RNP305,WATERMELON,,KITECHEN,KITECHEN,KG,gram,1000
RNP306,SANGRI,,KITECHEN,KITECHEN,KG,gram,1000
RNP307,SEMFALI,,KITECHEN,KITECHEN,KG,gram,1000
RNP308,SPRING ROLL SHEET,,KITECHEN,KITECHEN,KG,gram,1000
RNP309,MUTTON KABAB,,KITECHEN,KITECHEN,KG,gram,1000
RNP310,Ashtray,,Housekeeping,Housekeeping,pcs,nos,1
RNP311,Hi ball glass,,Housekeeping,Housekeeping,dozen,pcs,12
RNP312,Old fashioned tumbler,,Housekeeping,Housekeeping,dozen,pcs,12
RNP313,Coffee mug,,Housekeeping,Housekeeping,dozen,pcs,12
RNP314,TCM Bowl,,Housekeeping,Housekeeping,dozen,pcs,12
RNP315,Tea spoon,,Housekeeping,Housekeeping,dozen,pcs,12
RNP316,Leather tissue box,,Housekeeping,Housekeeping,box,nos,1
RNP317,Leather coaster,,Housekeeping,Housekeeping,dozen,Box,12
RNP318,Brochure,,Housekeeping,Housekeeping,box,nos,1
RNP319,Folder,,Housekeeping,Housekeeping,box,nos,1
RNP320,Pencil,,Housekeeping,Housekeeping,box,nos,1
RNP321,Urli marble,,Housekeeping,Housekeeping,box,nos,1
RNP322,Bottle stand metal,,Housekeeping,Housekeeping,box,nos,1
RNP323,Hanger wooden,,Housekeeping,Housekeeping,pcs,Box,12
RNP324,Satin Hanger,,Housekeeping,Housekeeping,pcs,nos,12
RNP325,Laundry Basket,,Housekeeping,Housekeeping,pcs,nos,1
RNP326,Marble tumbler,,Housekeeping,Housekeeping,pcs,nos,1
RNP327,Marble tray big,,Housekeeping,Housekeeping,pcs,nos,1
RNP328,Marble tray small,,Housekeeping,Housekeeping,pcs,nos,1
RNP329,Tissue box marble,,Housekeeping,Housekeeping,pcs,nos,1
RNP330,Shaving mirror,,Housekeeping,Housekeeping,pcs,nos,1
RNP331,Telephone,,Housekeeping,Housekeeping,pcs,nos,1
RNP332,soap dish marble,,Housekeeping,Housekeeping,pcs,nos,1
RNP333,Shower gel,,Housekeeping,Housekeeping,pcs,nos,1
RNP334,shampoo,,Housekeeping,Housekeeping,pcs,nos,1
RNP335,conditioner,,Housekeeping,Housekeeping,pcs,nos,1
RNP336,moisturiser,,Housekeeping,Housekeeping,pcs,nos,1
RNP337,cotton ball,,Housekeeping,Housekeeping,pcs,nos,1
RNP338,shower cap,,Housekeeping,Housekeeping,pcs,nos,1
RNP339,shaving kit,,Housekeeping,Housekeeping,pcs,nos,1
RNP340,comb,,Housekeeping,Housekeeping,pcs,nos,1
RNP341,dental kit,,Housekeeping,Housekeeping,pcs,nos,1
RNP342,hair dryer,,Housekeeping,Housekeeping,pcs,nos,1
RNP343,soap,,Housekeeping,Housekeeping,pcs,nos,1
RNP344,toilet roll,,Housekeeping,Housekeeping,pcs,nos,1
RNP345,tissue paper,,Housekeeping,Housekeeping,pcs,nos,1
RNP346,bud vase marble,,Housekeeping,Housekeeping,pcs,nos,1
RNP347,sanitary bag,,Housekeeping,Housekeeping,pcs,nos,1
RNP348,slipper,,Housekeeping,Housekeeping,pcs,nos,1
RNP349,laundry bag,,Housekeeping,Housekeeping,pcs,nos,1
RNP350,laundry list,,Housekeeping,Housekeeping,pcs,nos,1
RNP351,mineral water,,Housekeeping,Housekeeping,pcs,nos,1
RNP352,bhagwat geeta,,Housekeeping,Housekeeping,pcs,nos,1
RNP353,Heritage hotel books,,Housekeeping,Housekeeping,pcs,nos,1
RNP354,Bath tub tray wooden,,Housekeeping,Housekeeping,pcs,nos,1
RNP355,Leather folder,,Housekeeping,Housekeeping,pcs,nos,1
RNP356,bath towel,,Housekeeping,Housekeeping,pcs,nos,1
RNP357,bath mat,,Housekeeping,Housekeeping,pcs,nos,1
RNP358,hand towel,,Housekeeping,Housekeeping,pcs,nos,1
RNP359,Face towel,,Housekeeping,Housekeeping,pcs,nos,1
RNP360,pool towel,,Housekeeping,Housekeeping,pcs,nos,1
RNP361,bath robe,,Housekeeping,Housekeeping,pcs,nos,1
RNP362,foot mats,,Housekeeping,Housekeeping,pcs,nos,1
RNP363,bed sheet single,,Housekeeping,Housekeeping,pcs,nos,1
RNP364,bed sheet double,,Housekeeping,Housekeeping,pcs,nos,1
RNP365,pillow cover,,Housekeeping,Housekeeping,pcs,nos,1
RNP366,duvet double,,Housekeeping,Housekeeping,pcs,nos,1
RNP367,duvet single,,Housekeeping,Housekeeping,pcs,nos,1
RNP368,Duvet cover single,,Housekeeping,Housekeeping,pcs,nos,1
RNP369,Duvet cover double,,Housekeeping,Housekeeping,pcs,nos,1
RNP370,Bed runner,,Housekeeping,Housekeeping,pcs,nos,1
RNP371,pillow,,Housekeeping,Housekeeping,pcs,nos,1
RNP372,cushions big,,Housekeeping,Housekeeping,pcs,nos,1
RNP373,cushions small,,Housekeeping,Housekeeping,pcs,nos,1
RNP374,small pillow,,Housekeeping,Housekeeping,pcs,nos,1
RNP375,small pillow cover,,Housekeeping,Housekeeping,pcs,nos,1
RNP376,Luggage tag,,Housekeeping,Housekeeping,pcs,nos,1
RNP377,brown paper,,Housekeeping,Housekeeping,pcs,nos,1
RNP378,R1,,Housekeeping,Housekeeping,ltr,ml,5000
RNP379,R2,,Housekeeping,Housekeeping,ltr,ml,5000
RNP380,R3,,Housekeeping,Housekeeping,ltr,ml,5000
RNP381,R4,,Housekeeping,Housekeeping,ltr,ml,5000
RNP382,R5,,Housekeeping,Housekeeping,ltr,ml,5000
RNP383,R6,,Housekeeping,Housekeeping,ltr,ml,5000
RNP384,R9,,Housekeeping,Housekeeping,ltr,ml,5000
RNP385,Emeral,,Housekeeping,Housekeeping,ltr,ml,500
RNP386,scotch brite,,Housekeeping,Housekeeping,pcs,nos,1
RNP387,rubber scrubber,,Housekeeping,Housekeeping,pcs,nos,1
RNP388,steel scrubber,,Housekeeping,Housekeeping,pcs,nos,1
RNP389,wc brush,,Housekeeping,Housekeeping,pcs,nos,1
RNP390,duster red microfiber,,Housekeeping,Housekeeping,pcs,nos,1
RNP391,duster blue microfiber,,Housekeeping,Housekeeping,pcs,nos,1
RNP392,Tea ,,Housekeeping,Housekeeping,box,Packet,100
RNP393,coffee,,Housekeeping,Housekeeping,box,Packet,90
RNP394,sugar,,Housekeeping,Housekeeping,box,Packet,175
RNP395,milk sachet,,Housekeeping,Housekeeping,box,Packet,120
RNP396,feather brush,,Housekeeping,Housekeeping,pcs,nos,1
RNP397,window cleaning Kit,,Housekeeping,Housekeeping,box, set,1
RNP398,cobweb cleaner brush,,Housekeeping,Housekeeping,pcs,nos,1
RNP399,telescopic pole extendable,,Housekeeping,Housekeeping,pcs,nos,1
RNP400,acid,,Housekeeping,Housekeeping,pcs,Box,12
RNP401,tape transparent,,Housekeeping,Housekeeping,pcs,nos,1
RNP402,double sided tape,,Housekeeping,Housekeeping,pcs,nos,1
RNP403,brown tape,,Housekeeping,Housekeeping,pcs,nos,1
RNP404,washing powder,,Housekeeping,Housekeeping,kg,gram,1000
RNP405,all out machine,,Housekeeping,Housekeeping,pcs,nos,1
RNP406,all out refill,,Housekeeping,Housekeeping,pcs,nos,1
RNP407,mosquito coil,,Housekeeping,Housekeeping,pcs,nos,1
RNP408,black hit,,Housekeeping,Housekeeping,pcs,nos,1
RNP409,diffuser oil,,Housekeeping,Housekeeping,ltr,ml,1000
RNP410,red hit,,Housekeeping,Housekeeping,pcs,nos,1
RNP411,room freshner,,Housekeeping,Housekeeping,pcs,nos,1
RNP412,garbage bag,,Housekeeping,Housekeeping,pcs,nos,50
RNP413,caddy,,Housekeeping,Housekeeping,pcs,nos,1
RNP414,mug,,Housekeeping,Housekeeping,pcs,nos,1
RNP415,bucket,,Housekeeping,Housekeeping,pcs,nos,1
RNP416,stool,,Housekeeping,Housekeeping,pcs,nos,1
RNP417,kettle,,Housekeeping,Housekeeping,pcs,nos,1
RNP418,odonil,,Housekeeping,Housekeeping,pcs,nos,4
RNP419,odomos,,Housekeeping,Housekeeping,pcs,nos,1
RNP420,dettol liquid ,,Housekeeping,Housekeeping,ltr,ml,500
RNP421,liquid soap,,Housekeeping,Housekeeping,ltr,ml,1000
RNP422,file folder,,Housekeeping,Housekeeping,pcs,piece,1
RNP423,A4 sheet,,Housekeeping,Housekeeping,box,Packet,100
RNP424,eraser,,Housekeeping,Housekeeping,box,Packet,12
RNP425,sharpner,,Housekeeping,Housekeeping,box,Packet,12
RNP426,pen,,Housekeeping,Housekeeping,box,Packet,12
RNP427,scribbling pad,,Housekeeping,Housekeeping,box,Packet,12
RNP428,soft broom,,Housekeeping,Housekeeping,piece,nos,1
RNP429,hard broom,,Housekeeping,Housekeeping,piece,nos,1
RNP430,wiper big,,Housekeeping,Housekeeping,piece,nos,1
RNP431,phenyl,,Housekeeping,Housekeeping,ltr, ltr,5
RNP432,harpic,,Housekeeping,Housekeeping, ltr, ltr,1
RNP433,lizol,,Housekeeping,Housekeeping, ltr, ltr,1
RNP434,colin,,Housekeeping,Housekeeping, ltr, ltr,1
RNP435,naphthalene ball,,Housekeeping,Housekeeping,box,Packet,12
RNP436,hard brush hard,,Housekeeping,Housekeeping,piece,nos,1
RNP437,hand brush soft,,Housekeeping,Housekeeping,piece,nos,1
RNP438,check duster,,Housekeeping,Housekeeping,box,Packet,12
RNP439,dustbin steel,,Housekeeping,Housekeeping,piece,nos,1
RNP440,cane dustbin,,Housekeeping,Housekeeping,piece,nos,1
RNP441,pedal dustbin,,Housekeeping,Housekeeping,piece,nos,1
RNP442,Shaving mirror,,Housekeeping,Housekeeping,piece,nos,1
RNP443,laundry basket,,Housekeeping,Housekeeping,piece,nos,1
RNP444,butter paper,,Housekeeping,Housekeeping,box,nos,1
RNP445,laundry sticker,,Housekeeping,Housekeeping,piece,nos,1
RNP446,scissor,,Housekeeping,Housekeeping,piece,nos,1
RNP447,scale ,,Housekeeping,Housekeeping,piece,nos,1
RNP448,pen stand,,Housekeeping,Housekeeping,piece,nos,1
RNP449,punch machine,,Housekeeping,Housekeeping,piece,nos,1
RNP450,calculator,,Housekeeping,Housekeeping,piece,nos,1
RNP451,stapler,,Housekeeping,Housekeeping,piece,nos,1
RNP452,stapler pin,,Housekeeping,Housekeeping,piece,nos,1
RNP453,L4 folder,,Housekeeping,Housekeeping,piece,nos,1
RNP454,shoe polish black,,Housekeeping,Housekeeping,piece,nos,1
RNP455,shoe polish brown,,Housekeeping,Housekeeping,piece,nos,1
RNP456,shoe polish transparent,,Housekeeping,Housekeeping,piece,nos,1
RNP457,shoe brush,,Housekeeping,Housekeeping,piece,nos,1
RNP458,shoe horn,,Housekeeping,Housekeeping,piece,nos,1
RNP459,button black,,Housekeeping,Housekeeping,box,nos,12
RNP460,button brown,,Housekeeping,Housekeeping,box,nos,12
RNP461,button white,,Housekeeping,Housekeeping,box,nos,12
RNP462,sewing threads all colors,,Housekeeping,Housekeeping,box,nos,1
RNP463,needle,,Housekeeping,Housekeeping,box,nos,10
RNP464,dust pan,,Housekeeping,Housekeeping,piece,nos,1
RNP465,nada string,,Housekeeping,Housekeeping,Meter,cm,100
RNP466,glass wiper,,Housekeeping,Housekeeping,piece,nos,1
RNP467,noble,,Housekeeping,Housekeeping, Kg,gram,5000
RNP468,terranova,,Housekeeping,Housekeeping, ltr,ml,5000
RNP469,grinding pads brown,,Housekeeping,Housekeeping,box,nos,1
RNP470,grinding pad white,,Housekeeping,Housekeeping,box,nos,1
RNP471,grinding pad red,,Housekeeping,Housekeeping,box,nos,1
RNP472,Grinding disc,,Housekeeping,Housekeeping,box,nos,1
RNP473,scrubbing brush for single disc machine,,Housekeeping,Housekeeping,box,nos,1
RNP474,vacuum,,Housekeeping,Housekeeping,pcs,nos,1
RNP475,vacuum bag dust,,Housekeeping,Housekeeping,pcs,nos,1
RNP476,vacuum bag wet,,Housekeeping,Housekeeping,pcs,nos,1
RNP477,single disc ,,Housekeeping,Housekeeping,pcs,nos,1
RNP478,iron,,Housekeeping,Housekeeping,pcs,nos,1
RNP479,ironing board,,Housekeeping,Housekeeping,pcs,nos,1
RNP480,lamellar mop,,Housekeeping,Housekeeping,pcs,nos,1
RNP481,dry mop,,Housekeeping,Housekeeping,pcs,nos,1
RNP482,dry mop,,Housekeeping,Housekeeping,pcs,nos,1
RNP483,squeezee mop,,Housekeeping,Housekeeping,pcs,nos,1
RNP484,brush broom long handle,,Housekeeping,Housekeeping,pcs,nos,1
RNP485,dishwashing liquid,,Housekeeping,Housekeeping, liter ,ml,1000
RNP486,scrub brush with handle,,Housekeeping,Housekeeping,pcs,nos,1
RNP487,gloves rubber,,Housekeeping,Housekeeping,box,nos,12
RNP488,goggles,,Housekeeping,Housekeeping,pcs,nos,1
RNP489,masks,,Housekeeping,Housekeeping,pcs,nos,12
RNP490,pool area cushions,,Housekeeping,Housekeeping,pcs,nos,1
RNP491,soap dispenser,,Housekeeping,Housekeeping,pcs,nos,1
RNP492,duster microfiber green,,Housekeeping,Housekeeping,pcs,nos,1
RNP493,spray bottles,,Housekeeping,Housekeeping,pcs,nos,1
RNP494,squeezee bottles,,Housekeeping,Housekeeping,pcs,nos,1
RNP495,carpet spotting chemicals,,Housekeeping,Housekeeping, liter,ml,1000
RNP496,steel polish chemical,,Housekeeping,Housekeeping, ltr,ml,1000
RNP497,torch,,Housekeeping,Housekeeping,pcs,nos,1
RNP498,umbrella,,Housekeeping,Housekeeping,pcs,nos,1
RNP499,battery AA,,Housekeeping,Housekeeping,pcs,nos,1
RNP500,Battery AAA,,Housekeeping,Housekeeping,pcs,nos,1
RNP501,Urinal screen,,Housekeeping,Housekeeping,pcs,nos,1
RNP502,Multipurpose brush,,Housekeeping,Housekeeping,pcs,nos,1
RNP503,Spiral chemical,,Housekeeping,Housekeeping, liter,ml,1000
RNP504,alphamethane chemical,,Housekeeping,Housekeeping, liter,ml,1000
RNP505,chloropyricus chemical,,Housekeeping,Housekeeping, liter,ml,1000
RNP506,Fune,,Housekeeping,Housekeeping, liter,ml,1000
RNP507,cyphermethane ,,Housekeeping,Housekeeping, liter,ml,1000
RNP508,ingora chloropid,,Housekeeping,Housekeeping, liter,ml,1000
RNP509,Naphthalene chemical,,Housekeeping,Housekeeping, liter,ml,1000
RNP510,bromodilone cake,,Housekeeping,Housekeeping,pcs,nos,1
RNP511,rat poison,,Housekeeping,Housekeeping,pcs,nos,1
RNP512,glue trap,,Housekeeping,Housekeeping,pcs,nos,1
RNP513,friphonyl,,Housekeeping,Housekeeping, liter,ml,1000
RNP514,Injection for pest control,,Housekeeping,Housekeeping,pcs,nos,1
RNP515,pest control pump,,Housekeeping,Housekeeping,pcs,nos,1
RNP516,diesel,,Housekeeping,Housekeeping, liter ,ml,1000
RNP517,ruler,,Housekeeping,Housekeeping,pcs,nos,1
RNP518,mineral water,,Housekeeping,Housekeeping,pcs,nos,1
RNP519,Glass Bottles,,Housekeeping,Housekeeping,pcs,nos,1
RNP520,Bottle brush,,Housekeeping,Housekeeping,pcs,nos,1
RNP521,Hand Mop,,Housekeeping,Housekeeping,pcs,nos,1
RNP522,Kettle,,Housekeeping,Housekeeping,pcs,nos,1
RNP523,Lock,,Housekeeping,Housekeeping,pcs,nos,1
RNP524,Match box,,Housekeeping,Housekeeping,box,Packet,72
RNP525,Oil sachet,,Housekeeping,Housekeeping,box,Packet,100
RNP526,Ear Buds,,Housekeeping,Housekeeping,box,Packet,100
RNP527,Sewing Kit,,Housekeeping,Housekeeping,box,nos,1
RNP528,Care Kit,,Housekeeping,Housekeeping,box,nos,1
RNP529,Candle,,Housekeeping,Housekeeping,pcs,nos,1
RNP530,Duplicate Book,,Housekeeping,Housekeeping,pcs,nos,1
RNP531,Register,,Housekeeping,Housekeeping,pcs,nos,1
RNP532,A4 size Paper Rim,,front office,front office,Pkt,pkt,1
RNP533,Cartidge Riffil,,front office,front office,pcs,Pcs,1
RNP534,Cartidge new,,front office,front office,pcs,Pcs,1
RNP535,Pen,,front office,front office,pcs,Pcs,1
RNP536,Pencil,,front office,front office,pkt,pcs,10
RNP537,Stapller Pin,,front office,front office,pkt,pcs,10
RNP538,Stapller  ,,front office,front office,Pcs,pcs,1
RNP539,Note Pad,,front office,front office,Pcs,pcs,1
RNP540,Clean Folder,,front office,front office,Pcs,Pcs,1
RNP541,Log Book,,front office,front office,Pcs,pcs,1
RNP542,Marigold Garland,,front office,front office,pcs,PCS,1
RNP543,Rose Garland,,front office,front office,Pcs,pcs,1
RNP544,Marigold Flowers,,front office,front office,kg,gram,1000
RNP545,Rose Flowers,,front office,front office,kg,gram,1000
RNP546,Room Freshner,,front office,front office,Pcs,pcs,1
RNP547,Cell AA,,front office,front office,pkt,Pcs,10
RNP548,Cell AAA,,front office,front office,pkt,pcs,10
RNP549,Whitener ,,front office,front office,Pcs,pcs,1
RNP550,High Lighter,,front office,front office,Pcs,pcs,1
RNP551,Oil Deffuser,,front office,front office,Pcs,pcs,1
RNP552,Card Machine Roll,,front office,front office,Pcs,pcs,1
RNP553,Box File ,,front office,front office,Pcs,pcs,1
RNP554,Cobra File ,,front office,front office,Pcs,pcs,1
RNP555,Glue Sick ,,front office,front office,Pcs,pcs,1
RNP556,Band Aid,,front office,front office,pkt,pcs,10
RNP557,Cotton,,front office,front office,Pcs,pcs,1
RNP558,Disprin,,front office,front office,pkt,pcs,15
RNP559,Paracetamol,,front office,front office,pkt,pcs,15
RNP560,Ors / Electol Powder,,front office,front office,Pcs,pcs,1
RNP561,Dettole Liquide ,,front office,front office,ltr,ml,1000
RNP562,Dressing Patti,,front office,front office,Pcs,pcs,1
RNP563,Marker,,front office,front office,Pcs,pcs,1
RNP564,Cello Tape,,front office,front office,Pcs,pcs,1
RNP565,Mobile Charger,,front office,front office,Pcs,pcs,1
RNP566,Pan Drive,,front office,front office,Pcs,pcs,1
RNP567,Rubber Band,,front office,front office,kg,gram,1000
RNP568,Doop Batti,,front office,front office,Pkt,pkt,1
RNP569,Incense Sticks,,front office,front office,Pkt,pkt,1
RNP570,Lock,,front office,front office,Pcs,pcs,1
RNP571,Torch,,front office,front office,Pcs,pcs,1
RNP572,Umbrella,,front office,front office,Pcs,pcs,1
RNP573,Reservation Register Indian,,front office,front office,Pcs,pcs,1
RNP574,Reservation Register Forigner,,front office,front office,Pcs,pcs,1
RNP575,Printer,,front office,front office,Pcs,pcs,1
RNP576,Calculator,,front office,front office,Pcs,pcs,1
RNP577,Scale S.S.,,front office,front office,Pcs,pcs,1
RNP578,Scale ,,front office,front office,Pcs,pcs,1
RNP579,Register ,,front office,front office,pcs,Pcs,1
RNP580,ACHAR POUCH NILON,,F & B,F & B,KG,gram,1000
RNP581,ALUMINIUM FOIL SUVIDHA GROS,,F & B,F & B,KG,gram,1000
RNP582,BORNVITA,,F & B,F & B,KG,gram,1000
RNP583,Cake Box,,F & B,F & B,nos,nos,1
RNP584,CANDLE TEALIGHT,,F & B,F & B,nos,nos,1
RNP585,CLING FILM EZEE PVC,,F & B,F & B,KG,gram,1000
RNP586,SWIZLE STICK,,F & B,F & B,PKT,nos,100
RNP587,Coke,,F & B,F & B,BOX,nos,24
RNP588,DIET COKE,,F & B,F & B,BOX,nos,24
RNP589,HORLICKS,,F & B,F & B,KG,gram,1000
RNP590,JELLY TIN,,F & B,F & B,BOX,nos,36
RNP591,JUICE ORANGE (SW)1Ltr,,F & B,F & B,PKT,Ltr,1
RNP592,JUICE REAL MIX 1 Ltr,,F & B,F & B,PKT,Ltr,1
RNP593,CREMICA MIX JAM,,F & B,F & B,BOX,nos,54
RNP594,LOCK PANNI (3X4),,F & B,F & B,PKT,gram,36
RNP595,paper Napkin,,F & B,F & B,PKT,nos,100
RNP596,NESCAFE CLASSIC COFFEE,,F & B,F & B,KG,gram,1000
RNP597,PEPPER POUCH,,F & B,F & B,nos,nos,1
RNP598,PLATE SILVER 9 No,,F & B,F & B,nos,nos,50
RNP599,SALT POUCH,,F & B,F & B,KG,gram,1000
RNP600,Soda,,F & B,F & B,pkt,btl,48
RNP601,Sprite canned,,F & B,F & B,BOX,nos,24
RNP602,STRAW 8 MM X 100NOS,,F & B,F & B,PKT,nos,50
RNP603,STRAW PIPE UMBRELLA,,F & B,F & B,PKT,nos,50
RNP604,SUGAR BROWN SACHETS,,F & B,F & B,KG,nos,100
RNP605,SUGAR FREE SACHETS,,F & B,F & B,BOX,nos,50
RNP606,SUGAR SATCHET5gx2000,,F & B,F & B,KG,nos,100
RNP607,TAJ MAHAL BAG,,F & B,F & B,nos,nos,1
RNP608,TOMATO KET POUCH,,F & B,F & B,KG,gram,1000
RNP609,TONIC WATER 300mlx24,,F & B,F & B,BOX,nos,24
RNP610,Water -  kinley big,,F & B,F & B,PKT,btl,15
RNP611,Water -  kinley half,,F & B,F & B,pkt,btl,24
RNP612,Water - small Box - ,,F & B,F & B,BOX,BTL,48
RNP613,tooth pick,,F & B,F & B,box,nos,24
RNP614,fennel,,F & B,F & B,pkt,gram,200
RNP615,FULL PLATE,,F & B,F & B,nos,nos,12
RNP616,HALF PLATE ,,F & B,F & B,nos,nos,12
RNP617," B& B PLATE                                                                                                                         
                                                                                                                                                                                           ",,F & B,F & B,nos,nos,12
RNP618,SAUCER PLAT,,F & B,F & B,BOX,nos,12
RNP619, PALTTER  MEDIUM,,F & B,F & B,BOX,nos,6
RNP620, SOUP BOWL,,F & B,F & B,BOX,nos,24
RNP621,CHUTNEY BOWL    ,,F & B,F & B,BOX,nos,24
RNP622,TEA CUP  ,,F & B,F & B,BOX,nos,24
RNP623,THARMAS big,,F & B,F & B,BOX,nos,1
RNP624,THARMAS  small,,F & B,F & B,BOX,nos,1
RNP625,TEA POT small,,F & B,F & B,BOX,nos,1
RNP626,TEA POT  big,,F & B,F & B,BOX,nos,1
RNP627,SUGAR POT       ,,F & B,F & B,BOX,nos,12
RNP628,AP SPOON  ,,F & B,F & B,BOX,nos,6
RNP629,AP KNIFE,,F & B,F & B,BOX,nos,6
RNP630,BUTTER  KNIFE,,F & B,F & B,BOX,nos,6
RNP631,APPETIZER KNIFE,,F & B,F & B,BOX,nos,6
RNP632,AP FORK,,F & B,F & B,BOX,nos,6
RNP633,APPETIZER FORK,,F & B,F & B,BOX,nos,6
RNP634,TEA SPOON  ,,F & B,F & B,BOX,nos,12
RNP635,SOUP SPOON  ,,F & B,F & B,BOX,nos,6
RNP636,BUFFET LADDLE     ,,F & B,F & B,BOX,nos,1
RNP637,BUFFET TONG ,,F & B,F & B,BOX,nos,2
RNP638,ICE TONG ,,F & B,F & B,BOX,nos,2
RNP639, SALVER BIG      ,,F & B,F & B,BOX,nos,1
RNP640,TRAY SMALL      ,,F & B,F & B,BOX,nos,1
RNP641,Cake slicer,,F & B,F & B,BOX,nos,1
RNP642,CAKE KNIFE,,F & B,F & B,BOX,nos,1
RNP643,TRAY   BIG        ,,F & B,F & B,BOX,nos,1
RNP644,SALT SHAKER [CRUET SET],,F & B,F & B,BOX,nos,1
RNP645,PEPPER POURER [CRUET SET]  ,,F & B,F & B,BOX,nos,1
RNP646,SOUP DISH ELECTRIC   ,,F & B,F & B,BOX,nos,1
RNP647,SOUP LADDLE ,,F & B,F & B,BOX,nos,1
RNP648,PORTION BOWL,,F & B,F & B,BOX,nos,1
RNP649,CURRY   HANDI   ,,F & B,F & B,BOX,nos,6
RNP650,SERVICE    BOWL WITH   LID,,F & B,F & B,BOX,nos,2
RNP651,CRAFFEE SMALL,,F & B,F & B,BOX,nos,2
RNP652,CRAFFEE BIG,,F & B,F & B,BOX,nos,1
RNP653,HIGH BALL  GLASS  ,,F & B,F & B,BOX,nos,6
RNP654,WATER GOBLET  GLASS                                                         ,,F & B,F & B,BOX,nos,6
RNP655,BEER MUG  ,,F & B,F & B,BOX,nos,6
RNP656,OLD FASHION GLASS,,F & B,F & B,BOX,nos,6
RNP657,JUICE GLASS ,,F & B,F & B,BOX,nos,6
RNP658,RED WINE  GLASS                                                        ,,F & B,F & B,BOX,nos,6
RNP659, CHAMPAGNE TULIP                                           ,,F & B,F & B,BOX,nos,6
RNP660,WHITE WINE  GLASS ,,F & B,F & B,BOX,nos,6
RNP661,DECANTER  ,,F & B,F & B,BOX,nos,6
RNP662,italian crystal glass,,F & B,F & B,BOX,nos,6
RNP663,martini glass,,F & B,F & B,BOX,nos,6
RNP664,SERVICE GEAR [SPOON],,F & B,F & B,BOX,nos,6
RNP665,SERVICE GEAR [FORK],,F & B,F & B,BOX,nos,6
RNP666,CREAMER,,F & B,F & B,BOX,nos,6
RNP667,Demitasse cup,,F & B,F & B,BOX,nos,12
RNP668,Demitasse saucer,,F & B,F & B,BOX,nos,12
RNP669,Demitasse Teaspoon,,F & B,F & B,BOX,nos,12
RNP670,Coffee Plunger,,F & B,F & B,BOX,nos,1
RNP671, ALFI SMALL,,F & B,F & B,BOX,nos,1
RNP672,ALFI BIG,,F & B,F & B,BOX,nos,1
RNP673,TRAY SMALL      ,,F & B,F & B,BOX,nos,1
RNP674,CASEROLE,,F & B,F & B,BOX,nos,1
RNP675,CAKE STAND,,F & B,F & B,BOX,nos,1
RNP676,FLASK SMALL MILTON,,F & B,F & B,BOX,nos,1
RNP677,FLASK BIG MILTON,,F & B,F & B,BOX,nos,1
RNP678,ACOMPANIMENT BOWLS,,F & B,F & B,BOX,nos,1
RNP679,BAR SPOON,,F & B,F & B,BOX,nos,1
RNP680,COBBLER SHAKER,,F & B,F & B,BOX,nos,1
RNP681,BOSTON SHAKER,,F & B,F & B,BOX,nos,1
RNP682,HAWTHORNE STRAINER,,F & B,F & B,BOX,nos,1
RNP683,FINE MESH STRAINER,,F & B,F & B,BOX,nos,1
RNP684,MUDDLER,,F & B,F & B,BOX,nos,1
RNP685,Lemon Squeezer,,F & B,F & B,BOX,nos,1
RNP686,ice scooper,,F & B,F & B,BOX,nos,1
RNP687,Pour bottle,,F & B,F & B,BOX,nos,1
RNP688,POURER,,F & B,F & B,BOX,nos,1
RNP689,CHOPPING KNIFE,,F & B,F & B,BOX,nos,1
RNP690,CHOPPING BOARD,,F & B,F & B,BOX,nos,1
RNP691,Ice Bucket,,F & B,F & B,BOX,nos,1
RNP692,PITCHER,,F & B,F & B,BOX,nos,1
RNP693,GRATER\PEELER,,F & B,F & B,BOX,nos,1
RNP694,WINE STOPPER,,F & B,F & B,BOX,nos,1
RNP695,CREMICA HONEY ,,F & B,F & B,BOX,nos,56
RNP696,CREMICA BUTTER  CHIPLET,,F & B,F & B,BOX,nos,100
RNP697,Cornflakes,,F & B,F & B,PKT,gram,1000
RNP698,CREMICA MARMALADE,,F & B,F & B,BOX,nos,56
RNP699,CHOCOS,,F & B,F & B,BOX,gram,1000
RNP700,MUESLI,,F & B,F & B,BOX,gram,1000
RNP701,Coffee beans LAVAZA,,F & B,F & B,pkt,gram,1000
RNP702,DARJELING Tea ,,F & B,F & B,BOX,nos,25
RNP703, Green Tea,,F & B,F & B,BOX,nos,25
RNP704,Chamomile tea,,F & B,F & B,BOX,nos,25
RNP705,Assam Tea ,,F & B,F & B,BOX,nos,25
RNP706, Earlgrey Tea,,F & B,F & B,BOX,nos,25
RNP707, Kashmir kahwa Tea,,F & B,F & B,BOX,nos,25
RNP708,English break fast Tea,,F & B,F & B,BOX,nos,25
RNP709,FENNEL SEEDS,,F & B,F & B,PKT,gram,250
RNP710,COKE BIG,,F & B,F & B,btl,ltr,2
RNP711,SPRITE BIG,,F & B,F & B,btl,ltr,2
RNP712,FANTA BIG,,F & B,F & B,btl,ltr,2
RNP713,THUMBS UP BIG,,F & B,F & B,btl,ltr,2
RNP714,PACKING BOX,,F & B,F & B,box,nos,10
RNP715,WOODEN FORK,,F & B,F & B,pkt,nos,20
RNP716,WOODEN SPOON,,F & B,F & B,pkt,nos,20
RNP717,WOODEN KNIFE,,F & B,F & B,pkt,nos,20
RNP718,TEA KULLAD,,F & B,F & B,box,nos,50
RNP719,PEPPER BIG,,F & B,F & B,box,gram,250
RNP720,SALT BIG,,F & B,F & B,box,gram,250
RNP721,SUGAR CANDY,,F & B,F & B,pkt,gram,250
RNP722,TOBASCO,,F & B,F & B,box,btl,1
RNP723,WOSTERSHIRE SAUCE,,F & B,F & B,box,btl,1
RNP724,OREGANO POUCH,,F & B,F & B,pkt,nos,10
RNP725,CHILLI FLAKES POUCH,,F & B,F & B,pkt,nos,10
RNP726,THUMBS UP CAN,,F & B,F & B,BOX,nos,24
RNP727,ROUND PACKING CONTAINER,,F & B,F & B,box,nos,10
RNP728,ROUND PACKING CONTAINER LID,,F & B,F & B,box,nos,10
RNP729,THERMAL KOT ROLL,,F & B,F & B,box,nos,10
RNP730,CARBON PAPER,,F & B,F & B,pkt,nos,10
RNP731,PEN,,F & B,F & B,pkt,nos,1
RNP732,MATCH BOX,,F & B,F & B,box,nos,4
RNP733,NOTEPAD,,F & B,F & B,box,nos,1
RNP734,Take away cup,,F & B,F & B,box,nos,20
RNP735,Take away cup Lid ,,F & B,F & B,box,nos,20
RNP736,JUICE CRANBERRY (SW)1Ltr,,F & B,F & B,box,ltr,1
RNP737,JUICE LITCHI (SW)1Ltr,,F & B,F & B,box,ltr,1
RNP738,JUICE Mango (SW)1Ltr,,F & B,F & B,box,ltr,1
RNP739,JUICE guava (SW)1Ltr,,F & B,F & B,box,ltr,1
RNP740,JUICE pineapple (SW)1Ltr,,F & B,F & B,box,ltr,1
RNP741,JUICE pomegranate (SW)1Ltr,,F & B,F & B,box,ltr,1
RNP742,JUICE apple (SW)1Ltr,,F & B,F & B,box,ltr,1
RNP743,PALTTER small,,F & B,F & B,BOX,nos,6
RNP744,PALTTER big,,F & B,F & B,BOX,nos,6
RNP745,ice cream scooper,,F & B,F & B,box,nos,1
RNP746,wine chillar,,F & B,F & B,box,nos,1
RNP747,wine chillar stand,,F & B,F & B,box,nos,1
RNP748,flavored smoker,,F & B,F & B,box,nos,1
RNP749,silicone ice tray,,F & B,F & B,box,nos,1
RNP750,stan caps,,F & B,F & B,box,nos,50
RNP751,Register 400 big size,,F & B,F & B,box,nos,1
RNP752,Odomos SPRAY,,F & B,F & B,box,nos,25
RNP753,Chopstick,,F & B,F & B,pkt,pair,1
RNP754,CLOTH CARRY BAGS,,F & B,F & B,pkt,nos,10
RNP755,Sandwich folding cover for packing,,F & B,F & B,pkt,nos,20
RNP756,Sticker non-veg,,F & B,F & B,pkt,nos,100
RNP757,Sticker veg,,F & B,F & B,pkt,nos,100
RNP758,liquor inventory register,,F & B,F & B,box,nos,6
RNP759,straw hoder,,F & B,F & B,box,nos,1
RNP760,toothpick holder,,F & B,F & B,pkt,nos,50
RNP761,ash tray,,F & B,F & B,box,nos,6
RNP762,sevice bowl ,,F & B,F & B,box,nos,6
RNP763,cereal bowl,,F & B,F & B,box,nos,6
RNP764,big SERVICE BOWL ,,F & B,F & B,box,nos,6
RNP765,big SERVICE  BOWL LID  ,,F & B,F & B,box,nos,6
RNP766,glass water bottle,,F & B,F & B,box,nos,6
RNP767,shot glass,,F & B,F & B,box,nos,6
RNP768,ice cream bowl,,F & B,F & B,box,nos,6
RNP769,BUFFET LADDLE stand,,F & B,F & B,box,nos,1
RNP770,water jugs,,F & B,F & B,box,nos,1
RNP771,name tag stand,,F & B,F & B,box,nos,1
RNP772,napkin holder,,F & B,F & B,box,nos,1
RNP773,snacks warmer,,F & B,F & B,box,nos,1
RNP774,CLOSCHE,,F & B,F & B,box,nos,1
RNP775,steel bowl,,F & B,F & B,box,nos,12
RNP776,fINGER BOWL,,F & B,F & B,box,nos,6
RNP777,fINGER BOWL saucer,,F & B,F & B,box,nos,6
RNP778,absolute vodka,,F & B,F & B,BTL,nos,12
RNP779,bacardi carta blanca,,F & B,F & B,BTL,nos,12
RNP780,black dog,,F & B,F & B,BTL,nos,12
RNP781,chivas regal 12,,F & B,F & B,BTL,nos,12
RNP782,chiva regal 15,,F & B,F & B,BTL,nos,12
RNP783,jacobs creek red wine,,F & B,F & B,BTL,nos,12
RNP784,jacobs creek white wine,,F & B,F & B,BTL,nos,12
RNP785,Ballentines 17 yo                                                                   ,,F & B,F & B,BTL,nos,12
RNP786,The Glenlivet 15 yo                                                               ,,F & B,F & B,BTL,nos,12
RNP787,Ballentines 12 yo.                                                                    ,,F & B,F & B,BTL,nos,12
RNP788,J&B Rare                                                                                 ,,F & B,F & B,BTL,nos,12
RNP789,Johnnie Walker Black Label                                                   ,,F & B,F & B,BTL,nos,12
RNP790,The Glenlivet 12 yo,,F & B,F & B,BTL,nos,12
RNP791,Dewars White Label                                                               ,,F & B,F & B,BTL,nos,12
RNP792,Johnnie Walker Red Label                                                     ,,F & B,F & B,BTL,nos,12
RNP793,100 Piper 12 yo                                                                      ,,F & B,F & B,BTL,nos,12
RNP794,Single Malt Paul John,,F & B,F & B,BTL,nos,12
RNP795,Royal Ranthombore,,F & B,F & B,BTL,nos,12
RNP796,Single Malt Amrut fusion,,F & B,F & B,BTL,nos,12
RNP797,Martini Bianco,,F & B,F & B,BTL,nos,12
RNP798,Glenmorangie,,F & B,F & B,BTL,nos,12
RNP799,The Glenlivet 18 yo,,F & B,F & B,BTL,nos,12
RNP800,Bowmore 12 yo,,F & B,F & B,BTL,nos,12
RNP801,Jameson ,,F & B,F & B,BTL,nos,12
RNP802,Jim Beam,,F & B,F & B,BTL,nos,12
RNP803,Jack Daniel,,F & B,F & B,BTL,nos,12
RNP804,Old Monk,,F & B,F & B,BTL,nos,12
RNP805,Grey Goose,,F & B,F & B,BTL,nos,12
RNP806,Morpheus XO,,F & B,F & B,BTL,nos,12
RNP807,Smirnoff  ,,F & B,F & B,BTL,nos,12
RNP808,Hennessy vsop,,F & B,F & B,BTL,nos,12
RNP809,Cointreau ,,F & B,F & B,BTL,nos,12
RNP810,Sambuca,,F & B,F & B,BTL,nos,12
RNP811,Malibu ,,F & B,F & B,BTL,nos,12
RNP812,Baileys Irish Cream,,F & B,F & B,BTL,nos,12
RNP813, Camino Real Gold,,F & B,F & B,BTL,nos,12
RNP814,Camino Real Silver  ,,F & B,F & B,BTL,nos,12
RNP815,Corona ,,F & B,F & B,BTL,nos,12
RNP816,Budweiser,,F & B,F & B,BTL,nos,12
RNP817,Heineken,,F & B,F & B,BTL,nos,12
RNP818,Kingfisher Premium,,F & B,F & B,BTL,nos,12
RNP819,Kingfisher Ultra,,F & B,F & B,BTL,nos,12
RNP820,Sula Blush Zinfandel  Ind,,F & B,F & B,BTL,nos,12
RNP821,"Grover, Shiraz Indi",,F & B,F & B,BTL,nos,12
RNP822,Fratelli Classic. Merlot  India,,F & B,F & B,BTL,nos,12
RNP823,"Jacobs Creek, Chardonnay ",,F & B,F & B,BTL,nos,12
RNP824,"Sula Vineyards, Sauvignon Blanc India  ",,F & B,F & B,BTL,nos,12
RNP825,Fratelli Chardonnay  India  ,,F & B,F & B,BTL,nos,12
RNP826,Cloudy Bay pinot Noir  New Zealand,,F & B,F & B,BTL,nos,12
RNP827,KRSMA Cabernet Savignon  India                                         ,,F & B,F & B,BTL,nos,12
RNP828,Sula Shiraz Cabernet  India,,F & B,F & B,BTL,nos,12
RNP829,Chåteau D Orsan Côtes du Rhône France,,F & B,F & B,BTL,nos,12
RNP830,"Bourgogne Chablis, France                                                                    ",,F & B,F & B,BTL,nos,12
RNP831,"pedrera Juan Gill Blanco D.O.p. Jumilla, Spain                ",,F & B,F & B,BTL,nos,12
RNP832,Matues Portugal                                                                 ,,F & B,F & B,BTL,nos,12
RNP833,Sula Blush Zinfandel India                                                                ,,F & B,F & B,BTL,nos,12
RNP834,Fratelli Gran Cuvee Brut India                                          ,,F & B,F & B,BTL,nos,12
RNP835,"Casa Bottega prosecco, Rose  Italy                                   ",,F & B,F & B,BTL,nos,12
RNP836,Dom Perignon   France                                                    ,,F & B,F & B,BTL,nos,12
RNP837,Veuve Clicquot Brut  France                                           ,,F & B,F & B,BTL,nos,12
RNP838,SODA CAN,,F & B,F & B,BTL,nos,12
RNP839,GINGERALE CAN,,F & B,F & B,BTL,nos,12
RNP840,MC DOWELL RUM,,F & B,F & B,BTL,nos,12
RNP841,TEACHERS 50,,F & B,F & B,BTL,nos,12
RNP842,Jaisalmer,,F & B,F & B,BTL,nos,12
RNP843,Gordons    ,,F & B,F & B,BTL,nos,12
RNP844,Bombay  Sapphire,,F & B,F & B,BTL,nos,12
RNP845,MONIN CARAMEL,,F & B,F & B,BTL,ltr,1
RNP846,MONIN CHOCLATE,,F & B,F & B,BTL,ltr,1
RNP847,MONIN PEACH,,F & B,F & B,BTL,ltr,1
RNP848,MONIN TRIPPLE SEC,,F & B,F & B,BTL,ltr,1
RNP849,MONIN ROSE,,F & B,F & B,BTL,ltr,1
RNP850,ANGUSTRA BITTER,,F & B,F & B,BTL,ltr,1
RNP851,MONIN BLUE CURACAO,,F & B,F & B,BTL,ltr,1
RNP852,COCONUT CREAM,,F & B,F & B,btl,ltr,1
RNP853,JUICE TOMATO (SW)1Ltr,,F & B,F & B,PKT,Ltr,1
RNP854,SUGAR BIG,,F & B,F & B,kg,gram,1000
RNP855,MONIN CINNAMON,,F & B,F & B,BTL,ltr,1
RNP856,BATTERY AAA,,F & B,F & B,PKT,nos,6
RNP857,KOT PUNCHER,,F & B,F & B,BOX,nos,1
RNP858,KOT HOLDER,,F & B,F & B,BOX,nos,1
RNP859,ADAPTOR CHARGING,,F & B,F & B,BOX,nos,1
RNP860,CABLE CHARGING,,F & B,F & B,BOX,nos,1
RNP861,EDC ROLL,,F & B,F & B,BOX,nos,1
RNP862,STAPLER ,,F & B,F & B,BOX,nos,1
RNP863,STAPLER PIN,,F & B,F & B,BOX,nos,1
RNP864,PEN DRVE,,F & B,F & B,BOX,nos,1
RNP865,GLASS JAR,,F & B,F & B,BOX,nos,1
RNP866,CHAFFING DISH,,F & B,F & B,BOX,nos,1
RNP867,BREAD BASKET,,F & B,F & B,BOX,nos,1
RNP868,WATER BOILER,,F & B,F & B,BOX,nos,1
RNP869,ICE BOX,,F & B,F & B,BOX,nos,1
RNP870,IKT BOOK,,F & B,F & B,BOX,nos,1
RNP871,ELECTRICK KETTEL,,F & B,F & B,BOX,nos,1
RNP872,MILTON COOL HAMPER,,F & B,F & B,BOX,nos,1
RNP873,WINE OPENER,,F & B,F & B,BOX,nos,1
RNP874,BILL FOLDER,,F & B,F & B,BOX,nos,1
RNP875,JACK STAND,,F & B,F & B,BOX,nos,1
RNP876,DISPLAY BASKET BREADS,,F & B,F & B,BOX,nos,1
RNP877,EXTENSION CORD,,F & B,F & B,BOX,nos,1
RNP878,FIRST AID KIT,,F & B,F & B,BOX,nos,1
RNP879,EPSON PRINTER,,F & B,F & B,BOX,nos,1
RNP880,WOODEN MENU ,,F & B,F & B,BOX,nos,1
RNP881,METAL TABLE,,F & B,F & B,BOX,nos,1
RNP882,SIDE STATION TABLE,,F & B,F & B,BOX,nos,1
RNP883,loan mover machine blade 18,,garden,garden,nos,nos,1
RNP884,loan mover machine blade 16,,garden,garden,nos,nos,1
RNP885,loan mover rmotor cover ,,garden,garden,nos,nos,1
RNP886,motor fan,,garden,garden,nos,nos,1
RNP887,garden Kaichi,,garden,garden,nos,nos,1
RNP888,hand cutter,,garden,garden,nos,nos,1
RNP889,rootex,,garden,garden,pkt,pkt,1
RNP890,MCB loanmover,,garden,garden,nos,nos,1
RNP891,tractor diesel,,garden,garden,ltr,ml,1000
RNP892,petrol,,garden,garden,ltr,ml,1000
RNP893,mirchi plants,,garden,garden,pcs,pcs,1
RNP894,tomato plants,,garden,garden,Pcs,pcs,1
,,,,,,,
