Code No,PARTICULARS,Item Type,MAIN GRUP,SUB GRUP,UNITS,alt unit,Purchase Account Local,Purchase Account Interstate,Store,Conversion Qty,Min Qty,Max Qty,Rol,Roq,Item Class,Open Qty,Open Amount,Last Purchase Rate,Stock Enable Disable,Edit Name Enable Disable,Item Production Item,Item Allowed Additional,Item Disable,Purchase Rate,Batch Details,Item Details,Display Order,Status,Creation Date,Modified Date,Created By,Modified By
S001,BLUE CURRACO 700ML - MONIN ,Ingredients,SOFT DRINKS & JUICE,BAR SYRUP,No,No,,,KITCHEN,1,0,0,0,0,A,0,0,0,Inactive,Inactive,Inactive,Inactive,Inactive,0,Inactive,Active,0,Active,24-02-2022 04:29,24-02-2022 04:29,Supervisor,Supervisor
S002,GRENADINE 700 ML MONIN ,Ingredients,SOFT DRINKS & JUICE,BAR SYRUP,No,No,,,,1,,,,,,,,,,,,,,,,,,,,,,
S003,LEMON ICE TEA 1000 ML -MONIN  ,Ingredients,SOFT DRINKS & JUICE,BAR SYRUP,No,No,,,,1,,,,,,,,,,,,,,,,,,,,,,
S004,MOJITO MINT -700 ML - MONIN ,Ingredients,SOFT DRINKS & JUICE,BAR SYRUP,No,No,,,,1,,,,,,,,,,,,,,,,,,,,,,
S005,PEACH 700 ML - MONIN ,Ingredients,SOFT DRINKS & JUICE,BAR SYRUP,No,No,,,,1,,,,,,,,,,,,,,,,,,,,,,
S006,PEACH TEA -1000 ML MONIN ,Ingredients,SOFT DRINKS & JUICE,BAR SYRUP,No,No,,,,1,,,,,,,,,,,,,,,,,,,,,,
S007,PINACOLADA 700 ML - MONIN ,Ingredients,SOFT DRINKS & JUICE,BAR SYRUP,No,No,,,,1,,,,,,,,,,,,,,,,,,,,,,
S008,TRIPLE SEC - 1000 ML -MONIN  ,Ingredients,SOFT DRINKS & JUICE,BAR SYRUP,No,No,,,,1,,,,,,,,,,,,,,,,,,,,,,
S009,AMARETTO SYRUP 700 ML -MONIN  ,Ingredients,SOFT DRINKS & JUICE,BAR SYRUP,No,No,,,,1,,,,,,,,,,,,,,,,,,,,,,
S010,7UP BOTTLE ,Ingredients,SOFT DRINKS & JUICE,AERATED BEVERAGES,No,No,,,,1,,,,,,,,,,,,,,,,,,,,,,
S011,COKE BOTTLE ,Ingredients,SOFT DRINKS & JUICE,AERATED BEVERAGES,No,No,,,,1,,,,,,,,,,,,,,,,,,,,,,
S012,KINLEY SODA ,Ingredients,SOFT DRINKS & JUICE,AERATED BEVERAGES,No,No,,,,1,,,,,,,,,,,,,,,,,,,,,,
S013,MINERAL WATER [ 1 LT ],Ingredients,SOFT DRINKS & JUICE,AERATED BEVERAGES,No,No,,,,1,,,,,,,,,,,,,,,,,,,,,,
S014,MINERAL WATER [ 20 LT ],Ingredients,SOFT DRINKS & JUICE,AERATED BEVERAGES,No,No,,,,1,,,,,,,,,,,,,,,,,,,,,,
S015,MOUNTAIN DEW BOTTLE ,Ingredients,SOFT DRINKS & JUICE,AERATED BEVERAGES,No,No,,,,1,,,,,,,,,,,,,,,,,,,,,,
S016,RED BULL ,Ingredients,SOFT DRINKS & JUICE,AERATED BEVERAGES,No,No,,,,1,,,,,,,,,,,,,,,,,,,,,,
S017,SPRITE,Ingredients,SOFT DRINKS & JUICE,AERATED BEVERAGES,No,No,,,,1,,,,,,,,,,,,,,,,,,,,,,
S018,YAKULT ,Ingredients,SOFT DRINKS & JUICE,AERATED BEVERAGES,No,No,,,,1,,,,,,,,,,,,,,,,,,,,,,
S019,LYCHEE JUICE ,Ingredients,SOFT DRINKS & JUICE,AERATED BEVERAGES,No,No,,,,1,,,,,,,,,,,,,,,,,,,,,,
S020,MANGO JUICE ,Ingredients,SOFT DRINKS & JUICE,AERATED BEVERAGES,No,No,,,,1,,,,,,,,,,,,,,,,,,,,,,
S021,MIXED FRUIT JUICE ,Ingredients,SOFT DRINKS & JUICE,AERATED BEVERAGES,No,No,,,,1,,,,,,,,,,,,,,,,,,,,,,
S022,ORANGE JUICE ,Ingredients,SOFT DRINKS & JUICE,AERATED BEVERAGES,No,No,,,,1,,,,,,,,,,,,,,,,,,,,,,
S023,APPLE JUICE ,Ingredients,SOFT DRINKS & JUICE,AERATED BEVERAGES,No,No,,,,1,,,,,,,,,,,,,,,,,,,,,,
P001,A4 SIZE PAPERS [ 1 RM ],Ingredients,PRINTING & STATIONERY,OFFICE EQUIPMENT,No,No,,,,1,,,,,,,,,,,,,,,,,,,,,,
P002,BILL STAND,Ingredients,PRINTING & STATIONERY,OFFICE EQUIPMENT,No,No,,,,1,,,,,,,,,,,,,,,,,,,,,,
P003,BINDER CLIP - 32 MM ,Ingredients,PRINTING & STATIONERY,OFFICE EQUIPMENT,No,No,,,,1,,,,,,,,,,,,,,,,,,,,,,
P004,BOX FILE BIG ,Ingredients,PRINTING & STATIONERY,OFFICE EQUIPMENT,No,No,,,,1,,,,,,,,,,,,,,,,,,,,,,
P005,BOX FILE SMALL ,Ingredients,PRINTING & STATIONERY,OFFICE EQUIPMENT,No,No,,,,1,,,,,,,,,,,,,,,,,,,,,,
P006,"BROWN TAPE 3"" INCH ",Ingredients,PRINTING & STATIONERY,OFFICE EQUIPMENT,No,No,,,,1,,,,,,,,,,,,,,,,,,,,,,
P007,BUSSINES CARD ALBUM ,Ingredients,PRINTING & STATIONERY,OFFICE EQUIPMENT,No,No,,,,1,,,,,,,,,,,,,,,,,,,,,,
P008,BUTTON FOLDERS ,Ingredients,PRINTING & STATIONERY,OFFICE EQUIPMENT,No,No,,,,1,,,,,,,,,,,,,,,,,,,,,,
P009,CALLING BELL SWITCH,Ingredients,PRINTING & STATIONERY,OFFICE EQUIPMENT,No,No,,,,1,,,,,,,,,,,,,,,,,,,,,,
P010,"CELLO TAPE - 1"" ",Ingredients,PRINTING & STATIONERY,OFFICE EQUIPMENT,No,No,,,,1,,,,,,,,,,,,,,,,,,,,,,
P011,"CELLO TAPE 2""",Ingredients,PRINTING & STATIONERY,OFFICE EQUIPMENT,No,No,,,,1,,,,,,,,,,,,,,,,,,,,,,
P012,"CELLO TAPE DISPENSER 1"" INCH ",Ingredients,PRINTING & STATIONERY,OFFICE EQUIPMENT,No,No,,,,1,,,,,,,,,,,,,,,,,,,,,,
P013,ENVELOP COVER WHITE,Ingredients,PRINTING & STATIONERY,OFFICE EQUIPMENT,No,No,,,,1,,,,,,,,,,,,,,,,,,,,,,
P014,ENVELOPE COVER -A3 ,Ingredients,PRINTING & STATIONERY,OFFICE EQUIPMENT,No,No,,,,1,,,,,,,,,,,,,,,,,,,,,,
P015,ENVELOPE COVER -A4 ,Ingredients,PRINTING & STATIONERY,OFFICE EQUIPMENT,No,No,,,,1,,,,,,,,,,,,,,,,,,,,,,
P016,ERASER ,Ingredients,PRINTING & STATIONERY,OFFICE EQUIPMENT,No,No,,,,1,,,,,,,,,,,,,,,,,,,,,,
P017,FEVI STICK ,Ingredients,PRINTING & STATIONERY,OFFICE EQUIPMENT,No,No,,,,1,,,,,,,,,,,,,,,,,,,,,,
P018,FEVIKWIK TUBE,Ingredients,PRINTING & STATIONERY,OFFICE EQUIPMENT,No,No,,,,1,,,,,,,,,,,,,,,,,,,,,,
P019,GLU GUM ,Ingredients,PRINTING & STATIONERY,OFFICE EQUIPMENT,No,No,,,,1,,,,,,,,,,,,,,,,,,,,,,
P020,KEY CHAIN ,Ingredients,PRINTING & STATIONERY,OFFICE EQUIPMENT,No,No,,,,1,,,,,,,,,,,,,,,,,,,,,,
P021,LAMINATION SHEET A4 ,Ingredients,PRINTING & STATIONERY,OFFICE EQUIPMENT,No,No,,,,1,,,,,,,,,,,,,,,,,,,,,,
P022,MARKER BLACK - OHP ,Ingredients,PRINTING & STATIONERY,OFFICE EQUIPMENT,No,No,,,,1,,,,,,,,,,,,,,,,,,,,,,
P023,MARKER BLACK - P.M ,Ingredients,PRINTING & STATIONERY,OFFICE EQUIPMENT,No,No,,,,1,,,,,,,,,,,,,,,,,,,,,,
P024,NATRAJ PENCIL ,Ingredients,PRINTING & STATIONERY,OFFICE EQUIPMENT,No,No,,,,1,,,,,,,,,,,,,,,,,,,,,,
P025,NOTE BOOK 192 PAGE ,Ingredients,PRINTING & STATIONERY,OFFICE EQUIPMENT,No,No,,,,1,,,,,,,,,,,,,,,,,,,,,,
P026,PAPER CUTTER MEDIUM,Ingredients,PRINTING & STATIONERY,OFFICE EQUIPMENT,No,No,,,,1,,,,,,,,,,,,,,,,,,,,,,
P027,BALL PEN ,Ingredients,PRINTING & STATIONERY,OFFICE EQUIPMENT,No,No,,,,1,,,,,,,,,,,,,,,,,,,,,,
P028,POST IT PAD,Ingredients,PRINTING & STATIONERY,OFFICE EQUIPMENT,No,No,,,,1,,,,,,,,,,,,,,,,,,,,,,
P029,RUBBER BAND ,Ingredients,PRINTING & STATIONERY,OFFICE EQUIPMENT,No,No,,,,1,,,,,,,,,,,,,,,,,,,,,,
P030,SCISSOR MEDIEM ,Ingredients,PRINTING & STATIONERY,OFFICE EQUIPMENT,No,No,,,,1,,,,,,,,,,,,,,,,,,,,,,
P031,SHARPNER,Ingredients,PRINTING & STATIONERY,OFFICE EQUIPMENT,No,No,,,,1,,,,,,,,,,,,,,,,,,,,,,
P032,SHEET PROTECTOR - A4 SIZE ,Ingredients,PRINTING & STATIONERY,OFFICE EQUIPMENT,No,No,,,,1,,,,,,,,,,,,,,,,,,,,,,
P033,SPIRAL NOTE (POCKET SIZE) ,Ingredients,PRINTING & STATIONERY,OFFICE EQUIPMENT,No,No,,,,1,,,,,,,,,,,,,,,,,,,,,,
P034,SPRING FILE ,Ingredients,PRINTING & STATIONERY,OFFICE EQUIPMENT,No,No,,,,1,,,,,,,,,,,,,,,,,,,,,,
P035,STAMP PAD INK,Ingredients,PRINTING & STATIONERY,OFFICE EQUIPMENT,No,No,,,,1,,,,,,,,,,,,,,,,,,,,,,
P036,STAPLER PIN -NO 10 ,Ingredients,PRINTING & STATIONERY,OFFICE EQUIPMENT,No,No,,,,1,,,,,,,,,,,,,,,,,,,,,,
P037,STAPLIER MACHINE NO 10 KANGAROO,Ingredients,PRINTING & STATIONERY,OFFICE EQUIPMENT,No,No,,,,1,,,,,,,,,,,,,,,,,,,,,,
P038,STICK FILE - A4 ,Ingredients,PRINTING & STATIONERY,OFFICE EQUIPMENT,No,No,,,,1,,,,,,,,,,,,,,,,,,,,,,
P039,SVS PP RING FILE - A4 ,Ingredients,PRINTING & STATIONERY,OFFICE EQUIPMENT,No,No,,,,1,,,,,,,,,,,,,,,,,,,,,,
P040,THERMAL PRINTER ROLL ,Ingredients,PRINTING & STATIONERY,OFFICE EQUIPMENT,No,No,,,,1,,,,,,,,,,,,,,,,,,,,,,
D001,AMUL MILK GOLD,Ingredients,DAIRY PRODUCTS,KITCHEN ITEMS,Lit,Lit,,,,1,,,,,,,,,,,,,,,,,,,,,,
D002,BOCCONCIN CHEESE ,Ingredients,DAIRY PRODUCTS,KITCHEN ITEMS,Kg,Kg,,,,1,,,,,,,,,,,,,,,,,,,,,,
D003,BUFALLA MOZZARELLA,Ingredients,DAIRY PRODUCTS,KITCHEN ITEMS,Kg,Kg,,,,1,,,,,,,,,,,,,,,,,,,,,,
D004,BUTTER ,Ingredients,DAIRY PRODUCTS,KITCHEN ITEMS,Kg,Kg,,,,1,,,,,,,,,,,,,,,,,,,,,,
D005,CAMEMBERT CHEESE ,Ingredients,DAIRY PRODUCTS,KITCHEN ITEMS,Kg,Kg,,,,1,,,,,,,,,,,,,,,,,,,,,,
D006,CHERRY MOZZARELLA - BOCCONCINI,Ingredients,DAIRY PRODUCTS,KITCHEN ITEMS,Kg,Kg,,,,1,,,,,,,,,,,,,,,,,,,,,,
D007,CREAM CHEESE ,Ingredients,DAIRY PRODUCTS,KITCHEN ITEMS,Kg,Kg,,,,1,,,,,,,,,,,,,,,,,,,,,,
D008,CURD,Ingredients,DAIRY PRODUCTS,KITCHEN ITEMS,Kg,Kg,,,,1,,,,,,,,,,,,,,,,,,,,,,
D009,FETA CHEESE,Ingredients,DAIRY PRODUCTS,KITCHEN ITEMS,Kg,Kg,,,,1,,,,,,,,,,,,,,,,,,,,,,
D010,GO CHEDDAR CHEESE DICED ,Ingredients,DAIRY PRODUCTS,KITCHEN ITEMS,Kg,Kg,,,,1,,,,,,,,,,,,,,,,,,,,,,
D011,GORGONZOLA CHEESE BLUE CHEESE ,Ingredients,DAIRY PRODUCTS,KITCHEN ITEMS,Kg,Kg,,,,1,,,,,,,,,,,,,,,,,,,,,,
D012,GRANA PADANO CHEESE ,Ingredients,DAIRY PRODUCTS,KITCHEN ITEMS,Kg,Kg,,,,1,,,,,,,,,,,,,,,,,,,,,,
D013,MASCARPONE CHEESE ,Ingredients,DAIRY PRODUCTS,KITCHEN ITEMS,Kg,Kg,,,,1,,,,,,,,,,,,,,,,,,,,,,
D014,MOZZARELA CHEESE ,Ingredients,DAIRY PRODUCTS,KITCHEN ITEMS,Kg,Kg,,,,1,,,,,,,,,,,,,,,,,,,,,,
D015,PANEER,Ingredients,DAIRY PRODUCTS,KITCHEN ITEMS,Kg,Kg,,,,1,,,,,,,,,,,,,,,,,,,,,,
D016,PIZZA CHEESE ,Ingredients,DAIRY PRODUCTS,KITCHEN ITEMS,Kg,Kg,,,,1,,,,,,,,,,,,,,,,,,,,,,
D017,SLICE CHEESE,Ingredients,DAIRY PRODUCTS,KITCHEN ITEMS,Kg,Kg,,,,1,,,,,,,,,,,,,,,,,,,,,,
D018,TOFU ,Ingredients,DAIRY PRODUCTS,KITCHEN ITEMS,No,No,,,,1,,,,,,,,,,,,,,,,,,,,,,
D019,PARMESAN CHEESE,Ingredients,DAIRY PRODUCTS,KITCHEN ITEMS,Kg,Kg,,,,1,,,,,,,,,,,,,,,,,,,,,,
D020,BROWNIE ,Ingredients,DAIRY PRODUCTS,KITCHEN ITEMS,Kg,Kg,,,,1,,,,,,,,,,,,,,,,,,,,,,
D021,BURRATA CHEESE,Ingredients,DAIRY PRODUCTS,KITCHEN ITEMS,Kg,Kg,,,,1,,,,,,,,,,,,,,,,,,,,,,
D022,DARK CHOCOLATE ,Ingredients,DAIRY PRODUCTS,KITCHEN ITEMS,Kg,Kg,,,,1,,,,,,,,,,,,,,,,,,,,,,
D023,EDAMAME,Ingredients,DAIRY PRODUCTS,KITCHEN ITEMS,Kg,Kg,,,,1,,,,,,,,,,,,,,,,,,,,,,
D024,FETA CHEESE,Ingredients,DAIRY PRODUCTS,KITCHEN ITEMS,Kg,Kg,,,,1,,,,,,,,,,,,,,,,,,,,,,
D025,FRENCH FRIES,Ingredients,DAIRY PRODUCTS,KITCHEN ITEMS,Kg,Kg,,,,1,,,,,,,,,,,,,,,,,,,,,,
D026,FRIED POTATO (WEDGES) ,Ingredients,DAIRY PRODUCTS,KITCHEN ITEMS,Kg,Kg,,,,1,,,,,,,,,,,,,,,,,,,,,,
D027,FRODZEN BLACKBERRY,Ingredients,DAIRY PRODUCTS,KITCHEN ITEMS,Kg,Kg,,,,1,,,,,,,,,,,,,,,,,,,,,,
D028,FROZEN BLUEBERRY ,Ingredients,DAIRY PRODUCTS,KITCHEN ITEMS,Kg,Kg,,,,1,,,,,,,,,,,,,,,,,,,,,,
D029,FROZEN CORN,Ingredients,DAIRY PRODUCTS,KITCHEN ITEMS,Kg,Kg,,,,1,,,,,,,,,,,,,,,,,,,,,,
D030,FROZEN STRAWBERRY ,Ingredients,DAIRY PRODUCTS,KITCHEN ITEMS,Kg,Kg,,,,1,,,,,,,,,,,,,,,,,,,,,,
D031,GREEN PEAS FRODZEN,Ingredients,DAIRY PRODUCTS,KITCHEN ITEMS,Kg,Kg,,,,1,,,,,,,,,,,,,,,,,,,,,,
D032,GREEN PEAS FROZEN ,Ingredients,DAIRY PRODUCTS,KITCHEN ITEMS,Kg,Kg,,,,1,,,,,,,,,,,,,,,,,,,,,,
D033,GYOZA SHEET ,Ingredients,DAIRY PRODUCTS,KITCHEN ITEMS,Kg,Kg,,,,1,,,,,,,,,,,,,,,,,,,,,,
D034,ICE CREAM (VANILLA) ,Ingredients,DAIRY PRODUCTS,KITCHEN ITEMS,Kg,Kg,,,,1,,,,,,,,,,,,,,,,,,,,,,
D035,ITALIAN BURRATA CHEESE,Ingredients,DAIRY PRODUCTS,KITCHEN ITEMS,Kg,Kg,,,,1,,,,,,,,,,,,,,,,,,,,,,
D036,RAMEN NOODLES,Ingredients,DAIRY PRODUCTS,KITCHEN ITEMS,Kg,Kg,,,,1,,,,,,,,,,,,,,,,,,,,,,
D037,SPRING ROLL SHEET,Ingredients,DAIRY PRODUCTS,KITCHEN ITEMS,Kg,Kg,,,,1,,,,,,,,,,,,,,,,,,,,,,
D038,TORTILLA WARP,Ingredients,DAIRY PRODUCTS,KITCHEN ITEMS,Kg,Kg,,,,1,,,,,,,,,,,,,,,,,,,,,,
D039,UDON NOODLES,Ingredients,DAIRY PRODUCTS,KITCHEN ITEMS,Pkt,Pkt,,,,1,,,,,,,,,,,,,,,,,,,,,,
V001,ARVI ,Ingredients,VEGETABLES & FRUITS,INDIAN & ENGLISH,Kg,Kg,,,,1,,,,,,,,,,,,,,,,,,,,,,
V002,ASPARAGUS ( IMP) ,Ingredients,VEGETABLES & FRUITS,INDIAN & ENGLISH,Kg,Kg,,,,1,,,,,,,,,,,,,,,,,,,,,,
V003,ASPARAGUS (INDIAN) ,Ingredients,VEGETABLES & FRUITS,INDIAN & ENGLISH,Kg,Kg,,,,1,,,,,,,,,,,,,,,,,,,,,,
V004,AVACODO ,Ingredients,VEGETABLES & FRUITS,INDIAN & ENGLISH,Kg,Kg,,,,1,,,,,,,,,,,,,,,,,,,,,,
V005,BABY CORN ,Ingredients,VEGETABLES & FRUITS,INDIAN & ENGLISH,Kg,Kg,,,,1,,,,,,,,,,,,,,,,,,,,,,
V006,BABY POTATO ,Ingredients,VEGETABLES & FRUITS,INDIAN & ENGLISH,Kg,Kg,,,,1,,,,,,,,,,,,,,,,,,,,,,
V007,BAMBOO SHOOT ,Ingredients,VEGETABLES & FRUITS,INDIAN & ENGLISH,Kg,Kg,,,,1,,,,,,,,,,,,,,,,,,,,,,
V008,BANANA GREEN -STAFF FOOD,Ingredients,VEGETABLES & FRUITS,INDIAN & ENGLISH,Kg,Kg,,,,1,,,,,,,,,,,,,,,,,,,,,,
V009,BEANS HARICOT,Ingredients,VEGETABLES & FRUITS,INDIAN & ENGLISH,Kg,Kg,,,,1,,,,,,,,,,,,,,,,,,,,,,
V010,BEET ROOT ,Ingredients,VEGETABLES & FRUITS,INDIAN & ENGLISH,Kg,Kg,,,,1,,,,,,,,,,,,,,,,,,,,,,
V011,BITTER GOURD ,Ingredients,VEGETABLES & FRUITS,INDIAN & ENGLISH,Kg,Kg,,,,1,,,,,,,,,,,,,,,,,,,,,,
V012,BOK CHOY ,Ingredients,VEGETABLES & FRUITS,INDIAN & ENGLISH,Kg,Kg,,,,1,,,,,,,,,,,,,,,,,,,,,,
V013,BOTTEL GOURD ,Ingredients,VEGETABLES & FRUITS,INDIAN & ENGLISH,Kg,Kg,,,,1,,,,,,,,,,,,,,,,,,,,,,
V014,BRINJAL ,Ingredients,VEGETABLES & FRUITS,INDIAN & ENGLISH,Kg,Kg,,,,1,,,,,,,,,,,,,,,,,,,,,,
V015,BRINJAL - EGG PLANT (ROUND) ,Ingredients,VEGETABLES & FRUITS,INDIAN & ENGLISH,Kg,Kg,,,,1,,,,,,,,,,,,,,,,,,,,,,
V016,BROCCOLI FRESH ,Ingredients,VEGETABLES & FRUITS,INDIAN & ENGLISH,Kg,Kg,,,,1,,,,,,,,,,,,,,,,,,,,,,
V017,CABBAGE ,Ingredients,VEGETABLES & FRUITS,INDIAN & ENGLISH,Kg,Kg,,,,1,,,,,,,,,,,,,,,,,,,,,,
V018,CAPSICUM (GREEN) ,Ingredients,VEGETABLES & FRUITS,INDIAN & ENGLISH,Kg,Kg,,,,1,,,,,,,,,,,,,,,,,,,,,,
V019,CAPSICUM (RED) ,Ingredients,VEGETABLES & FRUITS,INDIAN & ENGLISH,Kg,Kg,,,,1,,,,,,,,,,,,,,,,,,,,,,
V020,CAPSICUM (YELLOW) ,Ingredients,VEGETABLES & FRUITS,INDIAN & ENGLISH,Kg,Kg,,,,1,,,,,,,,,,,,,,,,,,,,,,
V021,CARROT ,Ingredients,VEGETABLES & FRUITS,INDIAN & ENGLISH,Kg,Kg,,,,1,,,,,,,,,,,,,,,,,,,,,,
V022,CAULIFLOWER (GOBI) ,Ingredients,VEGETABLES & FRUITS,INDIAN & ENGLISH,Kg,Kg,,,,1,,,,,,,,,,,,,,,,,,,,,,
V023,CELERY ,Ingredients,VEGETABLES & FRUITS,INDIAN & ENGLISH,Kg,Kg,,,,1,,,,,,,,,,,,,,,,,,,,,,
V024,CHERRY POTATO ,Ingredients,VEGETABLES & FRUITS,INDIAN & ENGLISH,Kg,Kg,,,,1,,,,,,,,,,,,,,,,,,,,,,
V025,CHERRY TOMATO ,Ingredients,VEGETABLES & FRUITS,INDIAN & ENGLISH,Kg,Kg,,,,1,,,,,,,,,,,,,,,,,,,,,,
V026,CHINESE CABBAGE ,Ingredients,VEGETABLES & FRUITS,INDIAN & ENGLISH,Kg,Kg,,,,1,,,,,,,,,,,,,,,,,,,,,,
V027,CHIVES (NIRA) ,Ingredients,VEGETABLES & FRUITS,INDIAN & ENGLISH,Kg,Kg,,,,1,,,,,,,,,,,,,,,,,,,,,,
V028,CHOW CHOW ,Ingredients,VEGETABLES & FRUITS,INDIAN & ENGLISH,Kg,Kg,,,,1,,,,,,,,,,,,,,,,,,,,,,
V029,COCONUT WHOLE,Ingredients,VEGETABLES & FRUITS,INDIAN & ENGLISH,Kg,Kg,,,,1,,,,,,,,,,,,,,,,,,,,,,
V030,CORIANDER ,Ingredients,VEGETABLES & FRUITS,INDIAN & ENGLISH,Kg,Kg,,,,1,,,,,,,,,,,,,,,,,,,,,,
V031,CUCUMBER ,Ingredients,VEGETABLES & FRUITS,INDIAN & ENGLISH,Kg,Kg,,,,1,,,,,,,,,,,,,,,,,,,,,,
V032,CUCUMBER EUROPEAN ,Ingredients,VEGETABLES & FRUITS,INDIAN & ENGLISH,Kg,Kg,,,,1,,,,,,,,,,,,,,,,,,,,,,
V033,CURLY KALE,Ingredients,VEGETABLES & FRUITS,INDIAN & ENGLISH,Kg,Kg,,,,1,,,,,,,,,,,,,,,,,,,,,,
V034,CURRY LEAVES ,Ingredients,VEGETABLES & FRUITS,INDIAN & ENGLISH,Kg,Kg,,,,1,,,,,,,,,,,,,,,,,,,,,,
V035,DILL LEAVES ,Ingredients,VEGETABLES & FRUITS,INDIAN & ENGLISH,Kg,Kg,,,,1,,,,,,,,,,,,,,,,,,,,,,
V036,DRUM STICK,Ingredients,VEGETABLES & FRUITS,INDIAN & ENGLISH,Kg,Kg,,,,1,,,,,,,,,,,,,,,,,,,,,,
V037,EGG PLANT (LONG) ,Ingredients,VEGETABLES & FRUITS,INDIAN & ENGLISH,Kg,Kg,,,,1,,,,,,,,,,,,,,,,,,,,,,
V038,EUROPEAN CUCUMBER,Ingredients,VEGETABLES & FRUITS,INDIAN & ENGLISH,Kg,Kg,,,,1,,,,,,,,,,,,,,,,,,,,,,
V039,EGG PLANT (SUBAL) ,Ingredients,VEGETABLES & FRUITS,INDIAN & ENGLISH,Kg,Kg,,,,1,,,,,,,,,,,,,,,,,,,,,,
V040,FLAT BEANS,Ingredients,VEGETABLES & FRUITS,INDIAN & ENGLISH,Kg,Kg,,,,1,,,,,,,,,,,,,,,,,,,,,,
V041,FRESH BEANS ,Ingredients,VEGETABLES & FRUITS,INDIAN & ENGLISH,Kg,Kg,,,,1,,,,,,,,,,,,,,,,,,,,,,
V042,FRESH OREGANO,Ingredients,VEGETABLES & FRUITS,INDIAN & ENGLISH,Kg,Kg,,,,1,,,,,,,,,,,,,,,,,,,,,,
V043,GARLIC,Ingredients,VEGETABLES & FRUITS,INDIAN & ENGLISH,Kg,Kg,,,,1,,,,,,,,,,,,,,,,,,,,,,
V044,GARLIC (CHINA) ,Ingredients,VEGETABLES & FRUITS,INDIAN & ENGLISH,Kg,Kg,,,,1,,,,,,,,,,,,,,,,,,,,,,
V045,GARLIC PEELED,Ingredients,VEGETABLES & FRUITS,INDIAN & ENGLISH,Kg,Kg,,,,1,,,,,,,,,,,,,,,,,,,,,,
V046,GINGER ,Ingredients,VEGETABLES & FRUITS,INDIAN & ENGLISH,Kg,Kg,,,,1,,,,,,,,,,,,,,,,,,,,,,
V047,GREEN APPLE ,Ingredients,VEGETABLES & FRUITS,INDIAN & ENGLISH,Kg,Kg,,,,1,,,,,,,,,,,,,,,,,,,,,,
V048,GREEN CHILLI ,Ingredients,VEGETABLES & FRUITS,INDIAN & ENGLISH,Kg,Kg,,,,1,,,,,,,,,,,,,,,,,,,,,,
V049,HERBS BASIL ,Ingredients,VEGETABLES & FRUITS,INDIAN & ENGLISH,Kg,Kg,,,,1,,,,,,,,,,,,,,,,,,,,,,
V050,JACK FRUIT,Ingredients,VEGETABLES & FRUITS,INDIAN & ENGLISH,Kg,Kg,,,,1,,,,,,,,,,,,,,,,,,,,,,
V051,KOWAKAI ,Ingredients,VEGETABLES & FRUITS,INDIAN & ENGLISH,Kg,Kg,,,,1,,,,,,,,,,,,,,,,,,,,,,
V052,LADY FINGER,Ingredients,VEGETABLES & FRUITS,INDIAN & ENGLISH,Kg,Kg,,,,1,,,,,,,,,,,,,,,,,,,,,,
V053,LEEKS ,Ingredients,VEGETABLES & FRUITS,INDIAN & ENGLISH,Kg,Kg,,,,1,,,,,,,,,,,,,,,,,,,,,,
V054,LEMON ,Ingredients,VEGETABLES & FRUITS,INDIAN & ENGLISH,Kg,Kg,,,,1,,,,,,,,,,,,,,,,,,,,,,
V055,LETTUCE ICEBERG,Ingredients,VEGETABLES & FRUITS,INDIAN & ENGLISH,Kg,Kg,,,,1,,,,,,,,,,,,,,,,,,,,,,
V056,LETTUCE LEAFY (GREEN) ,Ingredients,VEGETABLES & FRUITS,INDIAN & ENGLISH,Kg,Kg,,,,1,,,,,,,,,,,,,,,,,,,,,,
V057,LETTUCE LOLOROSA,Ingredients,VEGETABLES & FRUITS,INDIAN & ENGLISH,Kg,Kg,,,,1,,,,,,,,,,,,,,,,,,,,,,
V058,LETTUCE ROMAINE ,Ingredients,VEGETABLES & FRUITS,INDIAN & ENGLISH,Kg,Kg,,,,1,,,,,,,,,,,,,,,,,,,,,,
V059,LETTUCE ROQUETTE ,Ingredients,VEGETABLES & FRUITS,INDIAN & ENGLISH,Kg,Kg,,,,1,,,,,,,,,,,,,,,,,,,,,,
V060,LOTUS ROOT ,Ingredients,VEGETABLES & FRUITS,INDIAN & ENGLISH,Kg,Kg,,,,1,,,,,,,,,,,,,,,,,,,,,,
V061,MINT ,Ingredients,VEGETABLES & FRUITS,INDIAN & ENGLISH,Kg,Kg,,,,1,,,,,,,,,,,,,,,,,,,,,,
V062,MUSHROOM ,Ingredients,VEGETABLES & FRUITS,INDIAN & ENGLISH,Kg,Kg,,,,1,,,,,,,,,,,,,,,,,,,,,,
V063,ONION,Ingredients,VEGETABLES & FRUITS,INDIAN & ENGLISH,Kg,Kg,,,,1,,,,,,,,,,,,,,,,,,,,,,
V064,PAKCHOY ,Ingredients,VEGETABLES & FRUITS,INDIAN & ENGLISH,Kg,Kg,,,,1,,,,,,,,,,,,,,,,,,,,,,
V065,PARSLEY FRESH ,Ingredients,VEGETABLES & FRUITS,INDIAN & ENGLISH,Kg,Kg,,,,1,,,,,,,,,,,,,,,,,,,,,,
V066,PARVAL,Ingredients,VEGETABLES & FRUITS,INDIAN & ENGLISH,Kg,Kg,,,,1,,,,,,,,,,,,,,,,,,,,,,
V067,PEELED GARLIC ,Ingredients,VEGETABLES & FRUITS,INDIAN & ENGLISH,Kg,Kg,,,,,,,,,,,,,,,,,,,,,,,,,,
V068,POTATO ,Ingredients,VEGETABLES & FRUITS,INDIAN & ENGLISH,Kg,Kg,,,,,,,,,,,,,,,,,,,,,,,,,,
V069,RAW PAPAYA,Ingredients,VEGETABLES & FRUITS,INDIAN & ENGLISH,Kg,Kg,,,,,,,,,,,,,,,,,,,,,,,,,,
V070,RED APPLE ,Ingredients,VEGETABLES & FRUITS,INDIAN & ENGLISH,Kg,Kg,,,,,,,,,,,,,,,,,,,,,,,,,,
V071,RED CABBAGE ,Ingredients,VEGETABLES & FRUITS,INDIAN & ENGLISH,Kg,Kg,,,,,,,,,,,,,,,,,,,,,,,,,,
V072,RED CHILLI FRESH ,Ingredients,VEGETABLES & FRUITS,INDIAN & ENGLISH,Kg,Kg,,,,,,,,,,,,,,,,,,,,,,,,,,
V073,RED PUMPKIN ,Ingredients,VEGETABLES & FRUITS,INDIAN & ENGLISH,Kg,Kg,,,,,,,,,,,,,,,,,,,,,,,,,,
V074,RIDGE GOURD,Ingredients,VEGETABLES & FRUITS,INDIAN & ENGLISH,Kg,Kg,,,,,,,,,,,,,,,,,,,,,,,,,,
V075,ROSEMARY FRESH ,Ingredients,VEGETABLES & FRUITS,INDIAN & ENGLISH,Kg,Kg,,,,,,,,,,,,,,,,,,,,,,,,,,
V076,SNAKE GOURD,Ingredients,VEGETABLES & FRUITS,INDIAN & ENGLISH,Kg,Kg,,,,,,,,,,,,,,,,,,,,,,,,,,
V077,SPINACH (PALAK) ,Ingredients,VEGETABLES & FRUITS,INDIAN & ENGLISH,Kg,Kg,,,,,,,,,,,,,,,,,,,,,,,,,,
V078,SPRING ONION ,Ingredients,VEGETABLES & FRUITS,INDIAN & ENGLISH,Kg,Kg,,,,,,,,,,,,,,,,,,,,,,,,,,
V079,SURAN (YAM),Ingredients,VEGETABLES & FRUITS,INDIAN & ENGLISH,Kg,Kg,,,,,,,,,,,,,,,,,,,,,,,,,,
V080,SWEET CORN ,Ingredients,VEGETABLES & FRUITS,INDIAN & ENGLISH,Kg,Kg,,,,,,,,,,,,,,,,,,,,,,,,,,
V081,SWEET POTATO ,Ingredients,VEGETABLES & FRUITS,INDIAN & ENGLISH,Kg,Kg,,,,,,,,,,,,,,,,,,,,,,,,,,
V082,THYME FRESH ,Ingredients,VEGETABLES & FRUITS,INDIAN & ENGLISH,Kg,Kg,,,,,,,,,,,,,,,,,,,,,,,,,,
V083,TOMATO ,Ingredients,VEGETABLES & FRUITS,INDIAN & ENGLISH,Kg,Kg,,,,,,,,,,,,,,,,,,,,,,,,,,
V084,TURNIP,Ingredients,VEGETABLES & FRUITS,INDIAN & ENGLISH,Kg,Kg,,,,,,,,,,,,,,,,,,,,,,,,,,
V085,WHITE PUMKIN ,Ingredients,VEGETABLES & FRUITS,INDIAN & ENGLISH,Kg,Kg,,,,,,,,,,,,,,,,,,,,,,,,,,
V086,WHITE RADDISH ,Ingredients,VEGETABLES & FRUITS,INDIAN & ENGLISH,Kg,Kg,,,,,,,,,,,,,,,,,,,,,,,,,,
V087,YELLOW BANAN ,Ingredients,VEGETABLES & FRUITS,INDIAN & ENGLISH,Kg,Kg,,,,,,,,,,,,,,,,,,,,,,,,,,
V088,ZUCCHINI GREEN ,Ingredients,VEGETABLES & FRUITS,INDIAN & ENGLISH,Kg,Kg,,,,,,,,,,,,,,,,,,,,,,,,,,
V089,ZUCCHINI YELLOW ,Ingredients,VEGETABLES & FRUITS,INDIAN & ENGLISH,Kg,Kg,,,,,,,,,,,,,,,,,,,,,,,,,,
G001,AJINOMOTO,Ingredients,GROCERY,KITCHEN ITEMS,Kg,Kg,,,,,,,,,,,,,,,,,,,,,,,,,,
G002,AJWAIN ,Ingredients,GROCERY,KITCHEN ITEMS,Kg,Kg,,,,,,,,,,,,,,,,,,,,,,,,,,
G003,ALLAHABAD,Ingredients,GROCERY,KITCHEN ITEMS,Kg,Kg,,,,,,,,,,,,,,,,,,,,,,,,,,
G004,ANCHOVY ,Ingredients,GROCERY,KITCHEN ITEMS,Kg,Kg,,,,,,,,,,,,,,,,,,,,,,,,,,
G005,ATTA ,Ingredients,GROCERY,KITCHEN ITEMS,Kg,Kg,,,,,,,,,,,,,,,,,,,,,,,,,,
G006,BAKING SODA ,Ingredients,GROCERY,KITCHEN ITEMS,Kg,Kg,,,,,,,,,,,,,,,,,,,,,,,,,,
G007,BENGAL GRAM DHALL ,Ingredients,GROCERY,KITCHEN ITEMS,Kg,Kg,,,,,,,,,,,,,,,,,,,,,,,,,,
G008,BESAN FLOUR ,Ingredients,GROCERY,KITCHEN ITEMS,Kg,Kg,,,,,,,,,,,,,,,,,,,,,,,,,,
G009,BISCUIT 50-50,Ingredients,GROCERY,KITCHEN ITEMS,No,No,,,,,,,,,,,,,,,,,,,,,,,,,,
G010,BLACK FUNGUS MUSHROOM ,Ingredients,GROCERY,KITCHEN ITEMS,Kg,Kg,,,,,,,,,,,,,,,,,,,,,,,,,,
G011,BLACK JEERA (KALONJI) ,Ingredients,GROCERY,KITCHEN ITEMS,Kg,Kg,,,,,,,,,,,,,,,,,,,,,,,,,,
G012,BLACK PEPER POWDER ,Ingredients,GROCERY,KITCHEN ITEMS,Kg,Kg,,,,,,,,,,,,,,,,,,,,,,,,,,
G013,BLACK VINEGAR ,Ingredients,GROCERY,KITCHEN ITEMS,Kg,Kg,,,,,,,,,,,,,,,,,,,,,,,,,,
G014,BREAKFAST SUGAR ,Ingredients,GROCERY,KITCHEN ITEMS,Kg,Kg,,,,,,,,,,,,,,,,,,,,,,,,,,
G015,BROWN SUGAR ,Ingredients,GROCERY,KITCHEN ITEMS,Kg,Kg,,,,,,,,,,,,,,,,,,,,,,,,,,
G016,CARDAMOM ( GREEN),Ingredients,GROCERY,KITCHEN ITEMS,Kg,Kg,,,,,,,,,,,,,,,,,,,,,,,,,,
G017,CHANA BROWN  ,Ingredients,GROCERY,KITCHEN ITEMS,Kg,Kg,,,,,,,,,,,,,,,,,,,,,,,,,,
G018,CINAMON POWDER,Ingredients,GROCERY,KITCHEN ITEMS,Kg,Kg,,,,,,,,,,,,,,,,,,,,,,,,,,
G019,CLOVE ,Ingredients,GROCERY,KITCHEN ITEMS,Kg,Kg,,,,,,,,,,,,,,,,,,,,,,,,,,
G020,COCO POWDER,Ingredients,GROCERY,KITCHEN ITEMS,Kg,Kg,,,,,,,,,,,,,,,,,,,,,,,,,,
G021,COFFEE BEANS - DOLCE AROMA ,Ingredients,GROCERY,KITCHEN ITEMS,Kg,Kg,,,,,,,,,,,,,,,,,,,,,,,,,,
G022,CORIANDER - SEED ,Ingredients,GROCERY,KITCHEN ITEMS,Kg,Kg,,,,,,,,,,,,,,,,,,,,,,,,,,
G023,CORN KERNEL ,Ingredients,GROCERY,KITCHEN ITEMS,Kg,Kg,,,,,,,,,,,,,,,,,,,,,,,,,,
G024,CORNFLOUR ,Ingredients,GROCERY,KITCHEN ITEMS,Kg,Kg,,,,,,,,,,,,,,,,,,,,,,,,,,
G025,CUT WAKAME (DRIED SEAWEED),Ingredients,GROCERY,KITCHEN ITEMS,Kg,Kg,,,,,,,,,,,,,,,,,,,,,,,,,,
G026,DASI ,Ingredients,GROCERY,KITCHEN ITEMS,Kg,Kg,,,,,,,,,,,,,,,,,,,,,,,,,,
G027,EBISEN (PRAWN FLAVOUR CHIPS) ,Ingredients,GROCERY,KITCHEN ITEMS,Kg,Kg,,,,,,,,,,,,,,,,,,,,,,,,,,
G028,EGG NOODLE ,Ingredients,GROCERY,KITCHEN ITEMS,Pkt,Pkt,,,,,,,,,,,,,,,,,,,,,,,,,,
G029,FISH SAUCE (NAMPRA SAUCE) ,Ingredients,GROCERY,KITCHEN ITEMS,Kg,Kg,,,,,,,,,,,,,,,,,,,,,,,,,,
G030,FRESH CREAM ,Ingredients,GROCERY,KITCHEN ITEMS,Kg,Kg,,,,,,,,,,,,,,,,,,,,,,,,,,
G031,GELATIN POWDER ,Ingredients,GROCERY,KITCHEN ITEMS,Kg,Kg,,,,,,,,,,,,,,,,,,,,,,,,,,
G032,GLASS NOODLE ,Ingredients,GROCERY,KITCHEN ITEMS,Kg,Kg,,,,,,,,,,,,,,,,,,,,,,,,,,
G033,GLUTINOUS RICE FLOUR,Ingredients,GROCERY,KITCHEN ITEMS,Kg,Kg,,,,,,,,,,,,,,,,,,,,,,,,,,
G034,GOCHUJANG ,Ingredients,GROCERY,KITCHEN ITEMS,Kg,Kg,,,,,,,,,,,,,,,,,,,,,,,,,,
G035,GREEN MATCHA POWER,Ingredients,GROCERY,KITCHEN ITEMS,Kg,Kg,,,,,,,,,,,,,,,,,,,,,,,,,,
G036,GREEN MOONG DHAL WHOLE  ,Ingredients,GROCERY,KITCHEN ITEMS,Kg,Kg,,,,,,,,,,,,,,,,,,,,,,,,,,
G037,GREEN TEA SACHETS 100 BAGS ,Ingredients,GROCERY,KITCHEN ITEMS,Kg,Kg,,,,,,,,,,,,,,,,,,,,,,,,,,
G038,HIMALAYA SALT ,Ingredients,GROCERY,KITCHEN ITEMS,Kg,Kg,,,,,,,,,,,,,,,,,,,,,,,,,,
G039,HONEY ,Ingredients,GROCERY,KITCHEN ITEMS,Kg,Kg,,,,,,,,,,,,,,,,,,,,,,,,,,
G040,JEERA POWDER,Ingredients,GROCERY,KITCHEN ITEMS,Kg,Kg,,,,,,,,,,,,,,,,,,,,,,,,,,
G041,JEERA SEED ,Ingredients,GROCERY,KITCHEN ITEMS,Kg,Kg,,,,,,,,,,,,,,,,,,,,,,,,,,
G042,KABULI CHANA ,Ingredients,GROCERY,KITCHEN ITEMS,Kg,Kg,,,,,,,,,,,,,,,,,,,,,,,,,,
G043,KASTURI METHI,Ingredients,GROCERY,KITCHEN ITEMS,Kg,Kg,,,,,,,,,,,,,,,,,,,,,,,,,,
G044,KETCHUP ,Ingredients,GROCERY,KITCHEN ITEMS,Kg,Kg,,,,,,,,,,,,,,,,,,,,,,,,,,
G045,KITCHEN KING ,Ingredients,GROCERY,KITCHEN ITEMS,Kg,Kg,,,,,,,,,,,,,,,,,,,,,,,,,,
G046,MAGGI CUBES NON VEG ,Ingredients,GROCERY,KITCHEN ITEMS,Kg,Kg,,,,,,,,,,,,,,,,,,,,,,,,,,
G047,MAIDA ,Ingredients,GROCERY,KITCHEN ITEMS,Kg,Kg,,,,,,,,,,,,,,,,,,,,,,,,,,
G048,MASOOR DHALL ,Ingredients,GROCERY,KITCHEN ITEMS,Kg,Kg,,,,,,,,,,,,,,,,,,,,,,,,,,
G049,MIRIN ,Ingredients,GROCERY,KITCHEN ITEMS,Kg,Kg,,,,,,,,,,,,,,,,,,,,,,,,,,
G050,MISO (LITE) ,Ingredients,GROCERY,KITCHEN ITEMS,Kg,Kg,,,,,,,,,,,,,,,,,,,,,,,,,,
G051,MOONG DHALL ,Ingredients,GROCERY,KITCHEN ITEMS,Kg,Kg,,,,,,,,,,,,,,,,,,,,,,,,,,
G052,MUSHROOM PORCHINI ,Ingredients,GROCERY,KITCHEN ITEMS,Kg,Kg,,,,,,,,,,,,,,,,,,,,,,,,,,
G053,MUSTARD SAUCE ,Ingredients,GROCERY,KITCHEN ITEMS,Kg,Kg,,,,,,,,,,,,,,,,,,,,,,,,,,
G054,MUSTARD SEED (BLACK),Ingredients,GROCERY,KITCHEN ITEMS,Kg,Kg,,,,,,,,,,,,,,,,,,,,,,,,,,
G055,MUSTARD SEED (YELLOW),Ingredients,GROCERY,KITCHEN ITEMS,Kg,Kg,,,,,,,,,,,,,,,,,,,,,,,,,,
G056,NORI SHEET ,Ingredients,GROCERY,KITCHEN ITEMS,Pkt,Pkt,,,,,,,,,,,,,,,,,,,,,,,,,,
G057,OIL SUNFLOWER TIN ,Ingredients,GROCERY,KITCHEN ITEMS,Tin,Tin,,,,,,,,,,,,,,,,,,,,,,,,,,
G058,OIL- PALM SUPER,Ingredients,GROCERY,KITCHEN ITEMS,Lts,Lts,,,,,,,,,,,,,,,,,,,,,,,,,,
G059,OLIVE OIL ,Ingredients,GROCERY,KITCHEN ITEMS,Lts,Lts,,,,,,,,,,,,,,,,,,,,,,,,,,
G060,OOLONG TEA ,Ingredients,GROCERY,KITCHEN ITEMS,Kg,Kg,,,,,,,,,,,,,,,,,,,,,,,,,,
G061,ORID DHAL BLACK ,Ingredients,GROCERY,KITCHEN ITEMS,Kg,Kg,,,,,,,,,,,,,,,,,,,,,,,,,,
G062,OYSTER SAUCE ,Ingredients,GROCERY,KITCHEN ITEMS,Kg,Kg,,,,,,,,,,,,,,,,,,,,,,,,,,
G063,RAJMA - RED ,Ingredients,GROCERY,KITCHEN ITEMS,Kg,Kg,,,,,,,,,,,,,,,,,,,,,,,,,,
G064,RAW PEANUTS,Ingredients,GROCERY,KITCHEN ITEMS,Kg,Kg,,,,,,,,,,,,,,,,,,,,,,,,,,
G065,RED CHILLY WHOLE ,Ingredients,GROCERY,KITCHEN ITEMS,Kg,Kg,,,,,,,,,,,,,,,,,,,,,,,,,,
G066,RICE - JAPANESE ,Ingredients,GROCERY,KITCHEN ITEMS,Kg,Kg,,,,,,,,,,,,,,,,,,,,,,,,,,
G067,ROASED ONION ,Ingredients,GROCERY,KITCHEN ITEMS,Kg,Kg,,,,,,,,,,,,,,,,,,,,,,,,,,
G068,ROASTED GARLIC ,Ingredients,GROCERY,KITCHEN ITEMS,Kg,Kg,,,,,,,,,,,,,,,,,,,,,,,,,,
G069,SAKE ,Ingredients,GROCERY,KITCHEN ITEMS,Lts,Lts,,,,,,,,,,,,,,,,,,,,,,,,,,
G070,SESAME OIL ,Ingredients,GROCERY,KITCHEN ITEMS,Lts,Lts,,,,,,,,,,,,,,,,,,,,,,,,,,
G071,SESAMI SEED (BLACK) ,Ingredients,GROCERY,KITCHEN ITEMS,Kg,Kg,,,,,,,,,,,,,,,,,,,,,,,,,,
G072,SESAMI SEED (WHITE) ,Ingredients,GROCERY,KITCHEN ITEMS,Kg,Kg,,,,,,,,,,,,,,,,,,,,,,,,,,
G073,SHITAKE MUSHROOM ,Ingredients,GROCERY,KITCHEN ITEMS,Kg,Kg,,,,,,,,,,,,,,,,,,,,,,,,,,
G074,SHITIMI ,Ingredients,GROCERY,KITCHEN ITEMS,Kg,Kg,,,,,,,,,,,,,,,,,,,,,,,,,,
G075,SOY SAUCE ,Ingredients,GROCERY,KITCHEN ITEMS,Lts,Lts,,,,,,,,,,,,,,,,,,,,,,,,,,
G076,SOYABEAN,Ingredients,GROCERY,KITCHEN ITEMS,Kg,Kg,,,,,,,,,,,,,,,,,,,,,,,,,,
G077,SPONGE CAKE ,Ingredients,GROCERY,KITCHEN ITEMS,Kg,Kg,,,,,,,,,,,,,,,,,,,,,,,,,,
G078,STAFF RICE ,Ingredients,GROCERY,KITCHEN ITEMS,Kg,Kg,,,,,,,,,,,,,,,,,,,,,,,,,,
G079,SWEET CHILLI SAUCE ,Ingredients,GROCERY,KITCHEN ITEMS,Kg,Kg,,,,,,,,,,,,,,,,,,,,,,,,,,
G080,TAMARIND ,Ingredients,GROCERY,KITCHEN ITEMS,Kg,Kg,,,,,,,,,,,,,,,,,,,,,,,,,,
G081,TATA SALT ,Ingredients,GROCERY,KITCHEN ITEMS,Kg,Kg,,,,,,,,,,,,,,,,,,,,,,,,,,
G082,TEMPURA SHEET ,Ingredients,GROCERY,KITCHEN ITEMS,Kg,Kg,,,,,,,,,,,,,,,,,,,,,,,,,,
G083,TETLEY GREEN TEA,Ingredients,GROCERY,KITCHEN ITEMS,Kg,Kg,,,,,,,,,,,,,,,,,,,,,,,,,,
G084,TOBANJAN ,Ingredients,GROCERY,KITCHEN ITEMS,Kg,Kg,,,,,,,,,,,,,,,,,,,,,,,,,,
G085,TOMATO KETCHUP ,Ingredients,GROCERY,KITCHEN ITEMS,Kg,Kg,,,,,,,,,,,,,,,,,,,,,,,,,,
G086,TOMATO PURE ,Ingredients,GROCERY,KITCHEN ITEMS,Kg,Kg,,,,,,,,,,,,,,,,,,,,,,,,,,
G087,TOUR DHALL ,Ingredients,GROCERY,KITCHEN ITEMS,Kg,Kg,,,,,,,,,,,,,,,,,,,,,,,,,,
G088,VINEGAR ,Ingredients,GROCERY,KITCHEN ITEMS,Kg,Kg,,,,,,,,,,,,,,,,,,,,,,,,,,
G089,WASABI ,Ingredients,GROCERY,KITCHEN ITEMS,Kg,Kg,,,,,,,,,,,,,,,,,,,,,,,,,,
G090,ASAFOETIDA ,Ingredients,GROCERY,KITCHEN ITEMS,Kg,Kg,,,,,,,,,,,,,,,,,,,,,,,,,,
G091,BAY LEAF ,Ingredients,GROCERY,KITCHEN ITEMS,Kg,Kg,,,,,,,,,,,,,,,,,,,,,,,,,,
G092,BLACK PEPPER (POWDER) ,Ingredients,GROCERY,KITCHEN ITEMS,Kg,Kg,,,,,,,,,,,,,,,,,,,,,,,,,,
G093,BLACK PEPPER - (WHOLE) ,Ingredients,GROCERY,KITCHEN ITEMS,Kg,Kg,,,,,,,,,,,,,,,,,,,,,,,,,,
G094,CARDAMOM (BLACK) ,Ingredients,GROCERY,KITCHEN ITEMS,Kg,Kg,,,,,,,,,,,,,,,,,,,,,,,,,,
G095,CARDAMOM (GREEN) ,Ingredients,GROCERY,KITCHEN ITEMS,Kg,Kg,,,,,,,,,,,,,,,,,,,,,,,,,,
G096,CHANNA MASALA ,Ingredients,GROCERY,KITCHEN ITEMS,Kg,Kg,,,,,,,,,,,,,,,,,,,,,,,,,,
G097,CINNAMON STICK ,Ingredients,GROCERY,KITCHEN ITEMS,Kg,Kg,,,,,,,,,,,,,,,,,,,,,,,,,,
G098,CLOVE (LAUNG) ,Ingredients,GROCERY,KITCHEN ITEMS,Kg,Kg,,,,,,,,,,,,,,,,,,,,,,,,,,
G099,CURRY POWDER - MDH ,Ingredients,GROCERY,KITCHEN ITEMS,Kg,Kg,,,,,,,,,,,,,,,,,,,,,,,,,,
G100,CURRY POWDER HOT ,Ingredients,GROCERY,KITCHEN ITEMS,Kg,Kg,,,,,,,,,,,,,,,,,,,,,,,,,,
G101,CURRY POWDER MILD ,Ingredients,GROCERY,KITCHEN ITEMS,Kg,Kg,,,,,,,,,,,,,,,,,,,,,,,,,,
G102,DHANIYA POWDER ,Ingredients,GROCERY,KITCHEN ITEMS,Kg,Kg,,,,,,,,,,,,,,,,,,,,,,,,,,
G103,DRY RED CHILLY WHOLE ,Ingredients,GROCERY,KITCHEN ITEMS,Kg,Kg,,,,,,,,,,,,,,,,,,,,,,,,,,
G104,GARAM MASALA ,Ingredients,GROCERY,KITCHEN ITEMS,Kg,Kg,,,,,,,,,,,,,,,,,,,,,,,,,,
G105,KASTURI METHI ,Ingredients,GROCERY,KITCHEN ITEMS,Kg,Kg,,,,,,,,,,,,,,,,,,,,,,,,,,
G106,MEAT MASALA POWDER ,Ingredients,GROCERY,KITCHEN ITEMS,Kg,Kg,,,,,,,,,,,,,,,,,,,,,,,,,,
G107,MUSTARD SEED (BLACK) ,Ingredients,GROCERY,KITCHEN ITEMS,Kg,Kg,,,,,,,,,,,,,,,,,,,,,,,,,,
G108,MUSTARD SEED (YELOW) ,Ingredients,GROCERY,KITCHEN ITEMS,Kg,Kg,,,,,,,,,,,,,,,,,,,,,,,,,,
G109,NUTMEG POWDER ,Ingredients,GROCERY,KITCHEN ITEMS,Kg,Kg,,,,,,,,,,,,,,,,,,,,,,,,,,
G110,ORIGANO - SACHETS ,Ingredients,GROCERY,KITCHEN ITEMS,Kg,Kg,,,,,,,,,,,,,,,,,,,,,,,,,,
G111,RED CHILLY POWDER ,Ingredients,GROCERY,KITCHEN ITEMS,Kg,Kg,,,,,,,,,,,,,,,,,,,,,,,,,,
G112,STAR ANISE (ANNACHI POO) ,Ingredients,GROCERY,KITCHEN ITEMS,Kg,Kg,,,,,,,,,,,,,,,,,,,,,,,,,,
G113,TURMERIC POWDER (PISI HALDI) ,Ingredients,GROCERY,KITCHEN ITEMS,Kg,Kg,,,,,,,,,,,,,,,,,,,,,,,,,,
F001,CHILLED CHICKEN BONE - JANATHA ,Ingredients,FROZEN PRODUCTS,MEAT ITEMS,Kg,Kg,,,,,,,,,,,,,,,,,,,,,,,,,,
F002,CHILLED CHICKEN BONELESS THIGH ,Ingredients,FROZEN PRODUCTS,MEAT ITEMS,Kg,Kg,,,,,,,,,,,,,,,,,,,,,,,,,,
F003,CHILLED CHICKEN FEET ,Ingredients,FROZEN PRODUCTS,MEAT ITEMS,Kg,Kg,,,,,,,,,,,,,,,,,,,,,,,,,,
F004,CHILLED CHICKEN GIZZARD  ,Ingredients,FROZEN PRODUCTS,MEAT ITEMS,Kg,Kg,,,,,,,,,,,,,,,,,,,,,,,,,,
F005,CHILLED CHICKEN HEART ,Ingredients,FROZEN PRODUCTS,MEAT ITEMS,Kg,Kg,,,,,,,,,,,,,,,,,,,,,,,,,,
F006,CHILLED CHICKEN LIVER ,Ingredients,FROZEN PRODUCTS,MEAT ITEMS,Kg,Kg,,,,,,,,,,,,,,,,,,,,,,,,,,
F007,CHILLED CHICKEN MINCE ,Ingredients,FROZEN PRODUCTS,MEAT ITEMS,Kg,Kg,,,,,,,,,,,,,,,,,,,,,,,,,,
F008,CHILLED CHICKEN SKIN ,Ingredients,FROZEN PRODUCTS,MEAT ITEMS,Kg,Kg,,,,,,,,,,,,,,,,,,,,,,,,,,
F009,CHILLED CHICKEN SOFT BONE ,Ingredients,FROZEN PRODUCTS,MEAT ITEMS,Kg,Kg,,,,,,,,,,,,,,,,,,,,,,,,,,
F010,CHILLED CHICKEN TAIL ,Ingredients,FROZEN PRODUCTS,MEAT ITEMS,Kg,Kg,,,,,,,,,,,,,,,,,,,,,,,,,,
F011,CHILLED CHICKEN WING ,Ingredients,FROZEN PRODUCTS,MEAT ITEMS,Kg,Kg,,,,,,,,,,,,,,,,,,,,,,,,,,
F012,EGG ,Ingredients,FROZEN PRODUCTS,MEAT ITEMS,No,No,,,,,,,,,,,,,,,,,,,,,,,,,,
F013,PORK BACON ,Ingredients,FROZEN PRODUCTS,MEAT ITEMS,Kg,Kg,,,,,,,,,,,,,,,,,,,,,,,,,,
F014,PORK BELLY ,Ingredients,FROZEN PRODUCTS,MEAT ITEMS,Kg,Kg,,,,,,,,,,,,,,,,,,,,,,,,,,
F015,PORK COCKTAIL SAUSAGE ,Ingredients,FROZEN PRODUCTS,MEAT ITEMS,Kg,Kg,,,,,,,,,,,,,,,,,,,,,,,,,,
F016,PORK FRANKURTA SAUSAGE ,Ingredients,FROZEN PRODUCTS,MEAT ITEMS,Kg,Kg,,,,,,,,,,,,,,,,,,,,,,,,,,
F017,PORK GOAN SAUSAGE ,Ingredients,FROZEN PRODUCTS,MEAT ITEMS,Kg,Kg,,,,,,,,,,,,,,,,,,,,,,,,,,
F018,BASA FISH ,Ingredients,FROZEN PRODUCTS,MEAT ITEMS,Kg,Kg,,,,,,,,,,,,,,,,,,,,,,,,,,
F019,BLUE CRAB ,Ingredients,FROZEN PRODUCTS,MEAT ITEMS,Kg,Kg,,,,,,,,,,,,,,,,,,,,,,,,,,
F020,CRAB STICK ,Ingredients,FROZEN PRODUCTS,MEAT ITEMS,Kg,Kg,,,,,,,,,,,,,,,,,,,,,,,,,,
F021,JUMBO PRAWNS ,Ingredients,FROZEN PRODUCTS,MEAT ITEMS,Kg,Kg,,,,,,,,,,,,,,,,,,,,,,,,,,
F022,OCTOPUS WHOLE CLEANED -U/-O-WC,Ingredients,FROZEN PRODUCTS,MEAT ITEMS,Kg,Kg,,,,,,,,,,,,,,,,,,,,,,,,,,
F023,SALMON FILLET ,Ingredients,FROZEN PRODUCTS,MEAT ITEMS,Kg,Kg,,,,,,,,,,,,,,,,,,,,,,,,,,
H001,ALA RIN,Ingredients,HOUSE KEEPING,CLEANING SUPPLY,No,No,,,,,,,,,,,,,,,,,,,,,,,,,,
H002,BP SANI CUBE ,Ingredients,HOUSE KEEPING,CLEANING SUPPLY,No,No,,,,,,,,,,,,,,,,,,,,,,,,,,
H003,BUCKETS,Ingredients,HOUSE KEEPING,CLEANING SUPPLY,No,No,,,,,,,,,,,,,,,,,,,,,,,,,,
H004,CAUSTIC SODA ,Ingredients,HOUSE KEEPING,CLEANING SUPPLY,No,No,,,,,,,,,,,,,,,,,,,,,,,,,,
H005,COLIN ,Ingredients,HOUSE KEEPING,CLEANING SUPPLY,No,No,,,,,,,,,,,,,,,,,,,,,,,,,,
H006,COMFORT ,Ingredients,HOUSE KEEPING,CLEANING SUPPLY,No,No,,,,,,,,,,,,,,,,,,,,,,,,,,
H007,CROCKS,Ingredients,HOUSE KEEPING,CLEANING SUPPLY,No,No,,,,,,,,,,,,,,,,,,,,,,,,,,
H008,DISPOSABLE CAP ,Ingredients,HOUSE KEEPING,CLEANING SUPPLY,No,No,,,,,,,,,,,,,,,,,,,,,,,,,,
H009,DISPOSABLE HAND GLOVES ,Ingredients,HOUSE KEEPING,CLEANING SUPPLY,No,No,,,,,,,,,,,,,,,,,,,,,,,,,,
H010,DUST PAN ,Ingredients,HOUSE KEEPING,CLEANING SUPPLY,No,No,,,,,,,,,,,,,,,,,,,,,,,,,,
H011,DUSTBIN COVER BIG ,Ingredients,HOUSE KEEPING,CLEANING SUPPLY,No,No,,,,,,,,,,,,,,,,,,,,,,,,,,
H012,DUSTER CLOTH ,Ingredients,HOUSE KEEPING,CLEANING SUPPLY,No,No,,,,,,,,,,,,,,,,,,,,,,,,,,
H013,DUSTER STICK ,Ingredients,HOUSE KEEPING,CLEANING SUPPLY,No,No,,,,,,,,,,,,,,,,,,,,,,,,,,
H014,EAR BUD,Ingredients,HOUSE KEEPING,CLEANING SUPPLY,No,No,,,,,,,,,,,,,,,,,,,,,,,,,,
H015,EASY FLOOR CLEANING MOP ,Ingredients,HOUSE KEEPING,CLEANING SUPPLY,No,No,,,,,,,,,,,,,,,,,,,,,,,,,,
H016,EMCLEAN GC,Ingredients,HOUSE KEEPING,CLEANING SUPPLY,No,No,,,,,,,,,,,,,,,,,,,,,,,,,,
H017,EMICLEAN CH,Ingredients,HOUSE KEEPING,CLEANING SUPPLY,No,No,,,,,,,,,,,,,,,,,,,,,,,,,,
H018,EMIFRESH LEMON GRASS,Ingredients,HOUSE KEEPING,CLEANING SUPPLY,No,No,,,,,,,,,,,,,,,,,,,,,,,,,,
H019,FACE MASK,Ingredients,HOUSE KEEPING,CLEANING SUPPLY,No,No,,,,,,,,,,,,,,,,,,,,,,,,,,
H020,FLOOR SCRUBBING BRUSH ,Ingredients,HOUSE KEEPING,CLEANING SUPPLY,No,No,,,,,,,,,,,,,,,,,,,,,,,,,,
H021,FLOOR WIPER -SPL ,Ingredients,HOUSE KEEPING,CLEANING SUPPLY,No,No,,,,,,,,,,,,,,,,,,,,,,,,,,
H022,FLOOR WIPER SETS ,Ingredients,HOUSE KEEPING,CLEANING SUPPLY,No,No,,,,,,,,,,,,,,,,,,,,,,,,,,
H023,FRESH & CLEAN URINAL SCREEN ,Ingredients,HOUSE KEEPING,CLEANING SUPPLY,No,No,,,,,,,,,,,,,,,,,,,,,,,,,,
H024,GALA PLUNGER,Ingredients,HOUSE KEEPING,CLEANING SUPPLY,No,No,,,,,,,,,,,,,,,,,,,,,,,,,,
H025,GALA WOODEN FLOOR,Ingredients,HOUSE KEEPING,CLEANING SUPPLY,No,No,,,,,,,,,,,,,,,,,,,,,,,,,,
H026,GARBAGE BAG BIG SIZE ,Ingredients,HOUSE KEEPING,CLEANING SUPPLY,No,No,,,,,,,,,,,,,,,,,,,,,,,,,,
H027,GLASS CLOTH ,Ingredients,HOUSE KEEPING,CLEANING SUPPLY,No,No,,,,,,,,,,,,,,,,,,,,,,,,,,
H028,HAND PAD 25CM,Ingredients,HOUSE KEEPING,CLEANING SUPPLY,No,No,,,,,,,,,,,,,,,,,,,,,,,,,,
H029,HAND WASH,Ingredients,HOUSE KEEPING,CLEANING SUPPLY,No,No,,,,,,,,,,,,,,,,,,,,,,,,,,
H030,HARD BROOM ,Ingredients,HOUSE KEEPING,CLEANING SUPPLY,No,No,,,,,,,,,,,,,,,,,,,,,,,,,,
H031,HARPIC ,Ingredients,HOUSE KEEPING,CLEANING SUPPLY,No,No,,,,,,,,,,,,,,,,,,,,,,,,,,
H032,HIT,Ingredients,HOUSE KEEPING,CLEANING SUPPLY,No,No,,,,,,,,,,,,,,,,,,,,,,,,,,
H033,INDUSTRIAL ROLL ,Ingredients,HOUSE KEEPING,CLEANING SUPPLY,No,No,,,,,,,,,,,,,,,,,,,,,,,,,,
H034,KITTEL BRUSH ,Ingredients,HOUSE KEEPING,CLEANING SUPPLY,No,No,,,,,,,,,,,,,,,,,,,,,,,,,,
H035,LIZOL ,Ingredients,HOUSE KEEPING,CLEANING SUPPLY,No,No,,,,,,,,,,,,,,,,,,,,,,,,,,
H036,M FOLD TISSUE PAPER ,Ingredients,HOUSE KEEPING,CLEANING SUPPLY,No,No,,,,,,,,,,,,,,,,,,,,,,,,,,
H037,MAGIC TABLETS  TISSUE - OSIBORI ,Ingredients,HOUSE KEEPING,CLEANING SUPPLY,No,No,,,,,,,,,,,,,,,,,,,,,,,,,,
H038,MEN`S DEO,Ingredients,HOUSE KEEPING,CLEANING SUPPLY,No,No,,,,,,,,,,,,,,,,,,,,,,,,,,
H039,MOP REFILL 3,Ingredients,HOUSE KEEPING,CLEANING SUPPLY,No,No,,,,,,,,,,,,,,,,,,,,,,,,,,
H040,MOP SET ,Ingredients,HOUSE KEEPING,CLEANING SUPPLY,No,No,,,,,,,,,,,,,,,,,,,,,,,,,,
H041,MUG ,Ingredients,HOUSE KEEPING,CLEANING SUPPLY,No,No,,,,,,,,,,,,,,,,,,,,,,,,,,
H042,ODONIL,Ingredients,HOUSE KEEPING,CLEANING SUPPLY,No,No,,,,,,,,,,,,,,,,,,,,,,,,,,
H043,PLUNGER ,Ingredients,HOUSE KEEPING,CLEANING SUPPLY,No,No,,,,,,,,,,,,,,,,,,,,,,,,,,
H044,RAT PAD,Ingredients,HOUSE KEEPING,CLEANING SUPPLY,No,No,,,,,,,,,,,,,,,,,,,,,,,,,,
H045,ROUND MOP FULL SET,Ingredients,HOUSE KEEPING,CLEANING SUPPLY,No,No,,,,,,,,,,,,,,,,,,,,,,,,,,
H046,RUBBER HAND GLOVES ,Ingredients,HOUSE KEEPING,CLEANING SUPPLY,No,No,,,,,,,,,,,,,,,,,,,,,,,,,,
H047,SCOTCH BRITE ,Ingredients,HOUSE KEEPING,CLEANING SUPPLY,No,No,,,,,,,,,,,,,,,,,,,,,,,,,,
H048,SOAP OIL ,Ingredients,HOUSE KEEPING,CLEANING SUPPLY,Lts,Lts,,,,,,,,,,,,,,,,,,,,,,,,,,
H049,SOFT BROOM ,Ingredients,HOUSE KEEPING,CLEANING SUPPLY,No,No,,,,,,,,,,,,,,,,,,,,,,,,,,
H050,SPONGE ,Ingredients,HOUSE KEEPING,CLEANING SUPPLY,No,No,,,,,,,,,,,,,,,,,,,,,,,,,,
H051,SS SCRUBBER ,Ingredients,HOUSE KEEPING,CLEANING SUPPLY,No,No,,,,,,,,,,,,,,,,,,,,,,,,,,
H052,STAYFREE SECURE,Ingredients,HOUSE KEEPING,CLEANING SUPPLY,No,No,,,,,,,,,,,,,,,,,,,,,,,,,,
H053,STEAL BRUSH ,Ingredients,HOUSE KEEPING,CLEANING SUPPLY,No,No,,,,,,,,,,,,,,,,,,,,,,,,,,
H054,STEEL BRUSH ,Ingredients,HOUSE KEEPING,CLEANING SUPPLY,No,No,,,,,,,,,,,,,,,,,,,,,,,,,,
H055,STEEL STICK ,Ingredients,HOUSE KEEPING,CLEANING SUPPLY,No,No,,,,,,,,,,,,,,,,,,,,,,,,,,
H056,T CANDLE,Ingredients,HOUSE KEEPING,CLEANING SUPPLY,No,No,,,,,,,,,,,,,,,,,,,,,,,,,,
H057,TISSUE CT 12 X 12 ,Ingredients,HOUSE KEEPING,CLEANING SUPPLY,No,No,,,,,,,,,,,,,,,,,,,,,,,,,,
H058,TOILET BRUSH ,Ingredients,HOUSE KEEPING,CLEANING SUPPLY,No,No,,,,,,,,,,,,,,,,,,,,,,,,,,
H059,TOILET TISSUE ROLL - 50 GM ,Ingredients,HOUSE KEEPING,CLEANING SUPPLY,No,No,,,,,,,,,,,,,,,,,,,,,,,,,,
H060,URINAL CUBES ,Ingredients,HOUSE KEEPING,CLEANING SUPPLY,No,No,,,,,,,,,,,,,,,,,,,,,,,,,,
H061,URINAL PAD,Ingredients,HOUSE KEEPING,CLEANING SUPPLY,No,No,,,,,,,,,,,,,,,,,,,,,,,,,,
H062,WASHING DETERGENT POWDER ,Ingredients,HOUSE KEEPING,CLEANING SUPPLY,No,No,,,,,,,,,,,,,,,,,,,,,,,,,,
