Item Code,Item,Item Type,Item Group Main,Item Group,Item Main Unit,Item Alt Unit,Purchase Account Local,Purchase Account Interstate,Store,Conversion Qty,Min Qty,Max Qty,Rol,Roq,Item Class,Open Qty,Open Amount,Last Purchase Rate,Stock Enable Disable,Edit Name Enable Disable,Item Production Item,Item Allowed Additional,Item Disable,Purchase Rate,Batch Details,Item Details,Display Order,Status,Creation Date,Modified Date,Created By,Modified By
1,Six Fields Beer,Ingredients,Alcohol,Alcohol,Kegg,Kegg,,,KITCHEN,1,0,0,0,0,A,0,0,0,Inactive,Inactive,Inactive,Inactive,Inactive,0,Inactive,Active,0,Active,24-02-2022 04:29,24-02-2022 04:29,Supervisor,Supervisor
2,Okasmith Whisky,Ingredients,Alcohol,Alcohol,bottle,bottle,,,,1,,,,,,,,,,,,,,,,,,,,,,
3,M.M Vodkaa,Ingredients,Alcohol,Alcohol,bottle,bottle,,,,1,,,,,,,,,,,,,,,,,,,,,,
4,Sula Sauv.Blanc,Ingredients,Alcohol,Alcohol,bottle,bottle,,,,1,,,,,,,,,,,,,,,,,,,,,,
5,Budweiser Beer,Ingredients,Alcohol,Alcohol,Kegg,Kegg,,,,1,6,,,,,,,,,,,,,,,,,,,,,
6,Avocado,Ingredients,Beverage,Beverage,can,can,,,,1,,,,,,,,,,,,,,,,,,,,,,
7,Mango Juice,Ingredients,Beverage,Beverage,case,case,,,,1,,,,,,,,,,,,,,,,,,,,,,
8,Orange Juice,Ingredients,Beverage,Beverage,case,case,,,,1,,,,,,,,,,,,,,,,,,,,,,
9,Apple Juice,Ingredients,Beverage,Beverage,case,case,,,,1,,,,,,,,,,,,,,,,,,,,,,
10,Soda,Ingredients,Beverage,Beverage,case,case,,,,1,,,,,,,,,,,,,,,,,,,,,,
11,Mix Juice,Ingredients,Beverage,Beverage,case,case,,,,1,,,,,,,,,,,,,,,,,,,,,,
12,Coke,Ingredients,Beverage,Beverage,case,case,,,,1,,,,,,,,,,,,,,,,,,,,,,
13,Sprite,Ingredients,Beverage,Beverage,case,case,,,,1,,,,,,,,,,,,,,,,,,,,,,
14,D.Coke,Ingredients,Beverage,Beverage,Can,Can,,,,1,,,,,,,,,,,,,,,,,,,,,,
15,Red Bull,Ingredients,Beverage,Beverage,Can,Can,,,,1,,,,,,,,,,,,,,,,,,,,,,
16,Monin Amretto Syrup700ml,Ingredients,Beverage,Beverage,bottle,bottle,,,,1,,,,,,,,,,,,,,,,,,,,,,
17,Green Tea,Ingredients,Beverage,Beverage,pkt,pkt,,,,1,,,,,,,,,,,,,,,,,,,,,,
18,H M 1000ml Water bottle,Ingredients,Beverage,Beverage,case,case,,,,1,,,,,,,,,,,,,,,,,,,,,,
19,20 Ltr Water,Ingredients,Beverage,Beverage,Can,Can,,,,1,,,,,,,,,,,,,,,,,,,,,,
20,Chicken Thigh,Ingredients,Butchery,Butchery,kg,Gram,,,,1,,,,,,,,,,,,,,,,,,,,,,
21,Chicken Foot,Ingredients,Butchery,Butchery,kg,Gram,,,,1,,,,,,,,,,,,,,,,,,,,,,
22,Chicken Bone,Ingredients,Butchery,Butchery,kg,Gram,,,,1,,,,,,,,,,,,,,,,,,,,,,
23,Chicken Hip,Ingredients,Butchery,Butchery,kg,Gram,,,,1,,,,,,,,,,,,,,,,,,,,,,
24,Chicken Wings,Ingredients,Butchery,Butchery,kg,Gram,,,,1,,,,,,,,,,,,,,,,,,,,,,
25,Chicken Skin,Ingredients,Butchery,Butchery,kg,Gram,,,,1,,,,,,,,,,,,,,,,,,,,,,
26,Chicken Heart,Ingredients,Butchery,Butchery,kg,Gram,,,,1,,,,,,,,,,,,,,,,,,,,,,
27,Chicken Gizzard,Ingredients,Butchery,Butchery,kg,Gram,,,,1,,,,,,,,,,,,,,,,,,,,,,
28,Chicken Liver,Ingredients,Butchery,Butchery,kg,Gram,,,,1,,,,,,,,,,,,,,,,,,,,,,
29,Pork Belly,Ingredients,Butchery,Butchery,kg,Gram,,,,1,,,,,,,,,,,,,,,,,,,,,,
30,Pork Belly Rolled,Ingredients,Butchery,Butchery,kg,Gram,,,,1,,,,,,,,,,,,,,,,,,,,,,
31,Raw Pork Bone,Ingredients,Butchery,Butchery,kg,Gram,,,,1,,,,,,,,,,,,,,,,,,,,,,
32,Prawns13/15,Ingredients,Butchery,Butchery,Kg,Gram,,,,1,,,,,,,,,,,,,,,,,,,,,,
33,Frozen Salmon,Ingredients,Butchery,Butchery,kg,Gram,,,,1,,,,,,,,,,,,,,,,,,,,,,
34,Mackerl Fish,Ingredients,Butchery,Butchery,kg,Gram,,,,1,,,,,,,,,,,,,,,,,,,,,,
35,Basa Fish,Ingredients,Butchery,Butchery,kg,Gram,,,,1,,,,,,,,,,,,,,,,,,,,,,
36,Ai KInu Fresh Tofu,Ingredients,Dairy,Dairy,pkt,pkt,,,,1,,,,,,,,,,,,,,,,,,,,,,
37,White Bread,Ingredients,Dairy,Dairy,pkt,pkt,,,,1,,,,,,,,,,,,,,,,,,,,,,
38,Amul Fresh Cream,Ingredients,Dairy,Dairy,ltr,ltr,,,,1,,,,,,,,,,,,,,,,,,,,,,
39,Amul Cheese Silc,Ingredients,Dairy,Dairy,pkt,pkt,,,,1,,,,,,,,,,,,,,,,,,,,,,
40,Dlecta Cream Cheese,Ingredients,Dairy,Dairy,kg,Gram,,,,1,,,,,,,,,,,,,,,,,,,,,,
41,Cream Cheese,Ingredients,Dairy,Dairy,kg,Gram,,,,1,,,,,,,,,,,,,,,,,,,,,,
42,Amul Milk,Ingredients,Dairy,Dairy,ltr,ltr,,,,1,,,,,,,,,,,,,,,,,,,,,,
43,Amul Butter,Ingredients,Dairy,Dairy,Kg,Gram,,,,1,,,,,,,,,,,,,,,,,,,,,,
44,Vanila Ice Cream,Ingredients,Dairy,Dairy,Gallen,Gallen,,,,1,,,,,,,,,,,,,,,,,,,,,,
45,Ajinomoto,Ingredients,Dairy,Dairy,pkt,pkt,,,,1,,,,,,,,,,,,,,,,,,,,,,
46,Tomato Puree,Ingredients,Dairy,Dairy,pkt,pkt,,,,1,,,,,,,,,,,,,,,,,,,,,,
47,Noori Sheet,Ingredients,Dairy,Dairy,pkt,pkt,,,,1,,,,,,,,,,,,,,,,,,,,,,
48,Sweet Corn,Ingredients,Dairy,Dairy,Tin,Tin,,,,1,,,,,,,,,,,,,,,,,,,,,,
49,Sesame Oil,Ingredients,Dairy,Dairy,bottle,bottle,,,,1,,,,,,,,,,,,,,,,,,,,,,
50,High Gulotin Folu,Ingredients,Dairy,Dairy,Kg,Gram,,,,1,,,,,,,,,,,,,,,,,,,,,,
51,Sweet Soda,Ingredients,Dairy,Dairy,kg,Gram,,,,1,,,,,,,,,,,,,,,,,,,,,,
52,Rajma,Ingredients,Dairy,Dairy,Kg,Gram,,,,1,,,,,,,,,,,,,,,,,,,,,,
53,Japanese Rice,Ingredients,Dairy,Dairy,Kg,Gram,,,,1,,,,,,,,,,,,,,,,,,,,,,
54,Refind Oil,Ingredients,Dairy,Dairy,Tin,Tin,,,,1,,,,,,,,,,,,,,,,,,,,,,
55,Salt,Ingredients,Dairy,Dairy,Kg,Gram,,,,1,,,,,,,,,,,,,,,,,,,,,,
56,Sweet Chilli Sauce,Ingredients,Dairy,Dairy,bottle,bottle,,,,1,,,,,,,,,,,,,,,,,,,,,,
57,Honey,Ingredients,Dairy,Dairy,ltr,ltr,,,,1,,,,,,,,,,,,,,,,,,,,,,
58,Tomato Ketchup,Ingredients,Dairy,Dairy,ltr,ltr,,,,1,,,,,,,,,,,,,,,,,,,,,,
59,Japsanese Sake,Ingredients,Dairy,Dairy,ltr,ltr,,,,1,,,,,,,,,,,,,,,,,,,,,,
60,Maida,Ingredients,Dairy,Dairy,kg,kg,,,,1,,,,,,,,,,,,,,,,,,,,,,
61,Corn Flour,Ingredients,Dairy,Dairy,kg,kg,,,,1,,,,,,,,,,,,,,,,,,,,,,
62,Safed Till,Ingredients,Dairy,Packaging,Kg,Gram,,,,1,,,,,,,,,,,,,,,,,,,,,,
63,Breakfast Sugar,Ingredients,Dairy,Dairy,kg,Gram,,,,1,,,,,,,,,,,,,,,,,,,,,,
64,Japanese Mirin,Ingredients,Dairy,Dairy,bottle,bottle,,,,1,,,,,,,,,,,,,,,,,,,,,,
65,Maggi Cube Non Veg,Ingredients,Dairy,Dairy,pkt,pkt,,,,1,,,,,,,,,,,,,,,,,,,,,,
66,Himalayan Salt,Ingredients,Dairy,Dairy,kg,Gram,,,,1,,,,,,,,,,,,,,,,,,,,,,
67,Brown Sugar,Ingredients,Dairy,Dairy,kg,Gram,,,,1,,,,,,,,,,,,,,,,,,,,,,
68,Miso Paste Light,Ingredients,Dairy,Dairy,kg,Gram,,,,1,,,,,,,,,,,,,,,,,,,,,,
69,Hondasi Powder,Ingredients,Dairy,Dairy,kg,Gram,,,,1,,,,,,,,,,,,,,,,,,,,,,
70,Gouchujang,Ingredients,Dairy,Dairy,kg,Gram,,,,1,,,,,,,,,,,,,,,,,,,,,,
71,Dark Chocolate,Ingredients,Dairy,Dairy,pkt,pkt,,,,1,,,,,,,,,,,,,,,,,,,,,,
72,Vinegar,Ingredients,Dairy,Dairy,bottle,bottle,,,,1,,,,,,,,,,,,,,,,,,,,,,
73,MDH Black Paper Powder 100gm,Ingredients,Dairy,Dairy,pkt,pkt,,,,1,,,,,,,,,,,,,,,,,,,,,,
74,Kikkoman S Sauce,Ingredients,Dairy,Dairy,case,case,,,,1,,,,,,,,,,,,,,,,,,,,,,
75,Red Chilli Powder,Ingredients,Dairy,Dairy,pkt,pkt,,,,1,,,,,,,,,,,,,,,,,,,,,,
76,Sake,Ingredients,Dairy,Dairy,bottle,bottle,,,,1,,,,,,,,,,,,,,,,,,,,,,
77,Mirin,Ingredients,Dairy,Dairy,bottle,bottle,,,,1,,,,,,,,,,,,,,,,,,,,,,
78,Sugar,Ingredients,Dairy,Dairy,kg,Gram,,,,1,,,,,,,,,,,,,,,,,,,,,,
79,Cooking Soda,Ingredients,Dairy,Dairy,kg,Gram,,,,1,,,,,,,,,,,,,,,,,,,,,,
80,Maggie Veg Cube,Ingredients,Dairy,Dairy,pkt,pkt,,,,1,,,,,,,,,,,,,,,,,,,,,,
81,Toasted Onion,Ingredients,Dairy,Dairy,kg,Gram,,,,1,,,,,,,,,,,,,,,,,,,,,,
82,Large Garlic,Ingredients,Dairy,Dairy,kg,Gram,,,,1,,,,,,,,,,,,,,,,,,,,,,
83,Prawan Cracker(Ebisan),Ingredients,Dairy,Dairy,pkt,pkt,,,,1,,,,,,,,,,,,,,,,,,,,,,
84,Brown Rice ,Ingredients,Dairy,Dairy,kg,Gram,,,,1,,,,,,,,,,,,,,,,,,,,,,
85,Soba Noodles,Ingredients,Dairy,Dairy,pkt,pkt,,,,1,,,,,,,,,,,,,,,,,,,,,,
86,Anchovie,Ingredients,Dairy,Dairy,pkt,pkt,,,,1,,,,,,,,,,,,,,,,,,,,,,
87,Canday,Ingredients,Dairy,Dairy,pkt,pkt,,,,1,,,,,,,,,,,,,,,,,,,,,,
88,Led Batten 20watt,Ingredients,Electrical,Electrical,pcs,pcs,,,,1,,,,,,,,,,,,,,,,,,,,,,
89,S.S. Combined 16Amp,Ingredients,Electrical,Electrical,pcs,pcs,,,,1,,,,,,,,,,,,,,,,,,,,,,
90,Top 16Amp.,Ingredients,Electrical,Electrical,pcs,pcs,,,,1,,,,,,,,,,,,,,,,,,,,,,
91,Top 6 Amp,Ingredients,Electrical,Electrical,pcs,pcs,,,,1,,,,,,,,,,,,,,,,,,,,,,
92,Led Batten 2 Feet,Ingredients,Electrical,Electrical,pcs,pcs,,,,1,,,,,,,,,,,,,,,,,,,,,,
93,Egg,Ingredients,Food,Food,kg,kg,,,,1,,,,,,,,,,,,,,,,,,,,,,
94,Edamame,Ingredients,Frozen,Frozen,pkt,pkt,,,,1,,,,,,,,,,,,,,,,,,,,,,
95,Wasabi Powder,Ingredients,Frozen,Frozen,pkt,pkt,,,,1,,,,,,,,,,,,,,,,,,,,,,
96,Gari Soga Ginger Pickle,Ingredients,Frozen,Frozen,pkt,pkt,,,,1,,,,,,,,,,,,,,,,,,,,,,
97,Gyoza Sheet,Ingredients,Frozen,Frozen,pkt,pkt,,,,1,,,,,,,,,,,,,,,,,,,,,,
98,Ginger Pickle,Ingredients,Frozen,Frozen,kg,Gram,,,,1,,,,,,,,,,,,,,,,,,,,,,
99,New Ice,Ingredients,Frozen,Frozen,pkt,pkt,,,,1,,,,,,,,,,,,,,,,,,,,,,
100,Tuna,Ingredients,Frozen,Frozen,kg,Gram,,,,1,,,,,,,,,,,,,,,,,,,,,,
101,Skn.Haryana,Ingredients,Gas,Gas,no,no,,,,1,,,,,,,,,,,,,,,,,,,,,,
102,Garbage Bag,Ingredients,HK,HK,kg,Gram,,,,1,,,,,,,,,,,,,,,,,,,,,,
103,Rin Alla,Ingredients,HK,HK,bottle,bottle,,,,1,,,,,,,,,,,,,,,,,,,,,,
104,Fock ,Ingredients,HK,HK,pkt,pkt,,,,1,,,,,,,,,,,,,,,,,,,,,,
105,Dettol,Ingredients,HK,HK,ltr,Ml,,,,1,,,,,,,,,,,,,,,,,,,,,,
106,Lizol 5ltr,Ingredients,HK,HK,Can,CAn,,,,1,,,,,,,,,,,,,,,,,,,,,,
107,Scoth Brite 2in1,Ingredients,HK,HK,pcs,pcs,,,,1,,,,,,,,,,,,,,,,,,,,,,
108,Room Freshner,Ingredients,HK,HK,pcs,pcs,,,,1,,,,,,,,,,,,,,,,,,,,,,
109,Pril,Ingredients,HK,HK,ltr,Ml,,,,1,,,,,,,,,,,,,,,,,,,,,,
110,All Out Refil,Ingredients,HK,HK,pcs,pcs,,,,1,,,,,,,,,,,,,,,,,,,,,,
111,Dustpan,Ingredients,HK,HK,pcs,pcs,,,,1,,,,,,,,,,,,,,,,,,,,,,
112,Maharani Phoohl 500gm,Ingredients,HK,HK,pcs,pcs,,,,1,,,,,,,,,,,,,,,,,,,,,,
113,Eveready Cell,Ingredients,HK,HK,pcs,pcs,,,,1,,,,,,,,,,,,,,,,,,,,,,
114,Zucchini Green,Ingredients,Packaging,Packaging,pcs,pcs,,,,1,,,,,,,,,,,,,,,,,,,,,,
115,Carry Bag,Ingredients,Packaging,Packaging,kg,Gram,,,,1,,,,,,,,,,,,,,,,,,,,,,
116,Silver Container 750ml,Ingredients,Packaging,Packaging,pkt,pkt,,,,1,,,,,,,,,,,,,,,,,,,,,,
117,Silver Container 450ml,Ingredients,Packaging,Packaging,pkt,pkt,,,,1,,,,,,,,,,,,,,,,,,,,,,
118,Clin Film Roll,Ingredients,Packaging,Packaging,case,Roll,,,,1,,,,,,,,,,,,,,,,,,,,,,
119,Kitchen Roll,Ingredients,Packaging,Packaging,Roll,Roll,,,,1,,,,,,,,,,,,,,,,,,,,,,
120,Sathiya Stic,Ingredients,Packaging,Packaging,pkt,pkt,,,,1,,,,,,,,,,,,,,,,,,,,,,
121,Silver Foil,Ingredients,Packaging,Packaging,kg,Gram,,,,1,,,,,,,,,,,,,,,,,,,,,,
122,Pasta Box,Ingredients,Packaging,Packaging,pkt,pkt,,,,1,,,,,,,,,,,,,,,,,,,,,,
123,Pasta Box Lid,Ingredients,Packaging,Packaging,pkt,pkt,,,,1,,,,,,,,,,,,,,,,,,,,,,
124,Gyoza Sauce Box ,Ingredients,Packaging,Packaging,pkt,pkt,,,,1,,,,,,,,,,,,,,,,,,,,,,
125,Gyoza Box,Ingredients,Packaging,Packaging,pkt,pkt,,,,1,,,,,,,,,,,,,,,,,,,,,,
126,Gyoza Box Lid,Ingredients,Packaging,Packaging,pkt,pkt,,,,1,,,,,,,,,,,,,,,,,,,,,,
127,Ace Round Container 500ml,Ingredients,Packaging,Packaging,pkt,pkt,,,,1,,,,,,,,,,,,,,,,,,,,,,
128,Gyoza Box(Hinged 750ml),Ingredients,Packaging,Packaging,pkt,pkt,,,,1,,,,,,,,,,,,,,,,,,,,,,
129,Black Try 60mm,Ingredients,Packaging,Packaging,pkt,pkt,,,,1,,,,,,,,,,,,,,,,,,,,,,
130,Pasta Try 40mm,Ingredients,Packaging,Packaging,pkt,pkt,,,,1,,,,,,,,,,,,,,,,,,,,,,
131,Chuki10 inch,Ingredients,Packaging,Packaging,Box,pcs,,,,1,,,,,,,,,,,,,,,,,,,,,,
132,Butter Paper Roll,Ingredients,Packaging,Packaging,Box,pcs,,,,1,,,,,,,,,,,,,,,,,,,,,,
133,4 Line Paper Bag,Ingredients,Packaging,Packaging,pcs,pcs,,,,1,,,,,,,,,,,,,,,,,,,,,,
134,Paper Straw,Ingredients,Resturant,Serving,pkt,pkt,,,,1,,,,,,,,,,,,,,,,,,,,,,
135,Chop Sticks,Ingredients,Resturant,Serving,pkt,pkt,,,,1,,,,,,,,,,,,,,,,,,,,,,
136,Tablet Tissue,Ingredients,Resturant,Serving,pcs,pcs,,,,1,,,,,,,,,,,,,,,,,,,,,,
137,Paper A4 Size,Ingredients,Stationary,Stationary,Box,Rim,,,,1,,,,,,,,,,,,,,,,,,,,,,
138,Stapler Pin Kangaru,Ingredients,Stationary,Stationary,Box,pcs,,,,1,,,,,,,,,,,,,,,,,,,,,,
139,Ball Pen ,Ingredients,Stationary,Stationary,Box,pcs,,,,1,,,,,,,,,,,,,,,,,,,,,,
140,Marker Permanent,Ingredients,Stationary,Stationary,Box,pcs,,,,1,,,,,,,,,,,,,,,,,,,,,,
141,Rubber,Ingredients,Stationary,Stationary,Box,pcs,,,,1,,,,,,,,,,,,,,,,,,,,,,
142,Broccoli Green,Ingredients,Vegtables,Vegtables,Kg,Gram,,,,1,,,,,,,,,,,,,,,,,,,,,,
143,Cabbage Green,Ingredients,Vegtables,Vegtables,Kg,Gram,,,,1,,,,,,,,,,,,,,,,,,,,,,
144,Capsicum Red Yellow,Ingredients,Vegtables,Vegtables,Kg,Gram,,,,1,,,,,,,,,,,,,,,,,,,,,,
145,Cucumber,Ingredients,Vegtables,Vegtables,Kg,Gram,,,,1,,,,,,,,,,,,,,,,,,,,,,
146,Garlic,Ingredients,Vegtables,Vegtables,Kg,Gram,,,,1,,,,,,,,,,,,,,,,,,,,,,
147,Ladysfinger,Ingredients,Vegtables,Vegtables,Kg,Gram,,,,1,,,,,,,,,,,,,,,,,,,,,,
148,Lemon,Ingredients,Vegtables,Vegtables,Kg,Gram,,,,1,,,,,,,,,,,,,,,,,,,,,,
149,Lotus Stem,Ingredients,Vegtables,Vegtables,Kg,Gram,,,,1,,,,,,,,,,,,,,,,,,,,,,
150,Leek,Ingredients,Vegtables,Vegtables,Kg,Gram,,,,1,,,,,,,,,,,,,,,,,,,,,,
151,Nira,Ingredients,Vegtables,Vegtables,Kg,Gram,,,,1,,,,,,,,,,,,,,,,,,,,,,
152,Onion,Ingredients,Vegtables,Vegtables,Kg,Gram,,,,1,,,,,,,,,,,,,,,,,,,,,,
153,Radish,Ingredients,Vegtables,Vegtables,Kg,Gram,,,,1,,,,,,,,,,,,,,,,,,,,,,
154,Spring Onion,Ingredients,Vegtables,Vegtables,Kg,Gram,,,,1,,,,,,,,,,,,,,,,,,,,,,
155,Carrot Orange,Ingredients,Vegtables,Vegtables,Kg,Gram,,,,1,,,,,,,,,,,,,,,,,,,,,,
156,Brinjal Round,Ingredients,Vegtables,Vegtables,Kg,Gram,,,,1,,,,,,,,,,,,,,,,,,,,,,
157,Ginger,Ingredients,Vegtables,Vegtables,Kg,Gram,,,,1,,,,,,,,,,,,,,,,,,,,,,
158,Mint,Ingredients,Vegtables,Vegtables,Kg,Gram,,,,1,,,,,,,,,,,,,,,,,,,,,,
159,Potato,Ingredients,Vegtables,Vegtables,Kg,Gram,,,,1,,,,,,,,,,,,,,,,,,,,,,
160,Pok Choy,Ingredients,Vegtables,Vegtables,Kg,Gram,,,,1,,,,,,,,,,,,,,,,,,,,,,
161,Red Cabbage,Ingredients,Vegtables,Vegtables,Kg,Gram,,,,1,,,,,,,,,,,,,,,,,,,,,,
162,Green Batavia,Ingredients,Vegtables,Vegtables,Kg,Gram,,,,1,,,,,,,,,,,,,,,,,,,,,,
163,Lollo Rosso,Ingredients,Vegtables,Vegtables,Kg,Gram,,,,1,,,,,,,,,,,,,,,,,,,,,,
164,Lollo Bionda,Ingredients,Vegtables,Vegtables,Kg,Gram,,,,1,,,,,,,,,,,,,,,,,,,,,,
165,Mushroom,Ingredients,Vegtables,Vegtables,Kg,Gram,,,,1,,,,,,,,,,,,,,,,,,,,,,
166,Tofu,Ingredients,Vegtables,Vegtables,pkt,pkt,,,,1,,,,,,,,,,,,,,,,,,,,,,
167,Banana,Ingredients,Vegtables,Vegtables,pcs,pcs,,,,1,,,,,,,,,,,,,,,,,,,,,,
168,Arvi,Ingredients,Vegtables,Vegtables,kg,Gram,,,,1,,,,,,,,,,,,,,,,,,,,,,
169,Bataiva,Ingredients,Vegtables,Vegtables,kg,Gram,,,,1,,,,,,,,,,,,,,,,,,,,,,
170,Red Cherry Tomato,Ingredients,Vegtables,Vegtables,kg,Gram,,,,1,,,,,,,,,,,,,,,,,,,,,,
171,Tomato ,Ingredients,Vegtables,Vegtables,kg,Gram,,,,1,,,,,,,,,,,,,,,,,,,,,,
172,Chilli Green,Ingredients,Vegtables,Vegtables,kg,Gram,,,,1,,,,,,,,,,,,,,,,,,,,,,
173,Brinjal Long,Ingredients,Vegtables,Vegtables,kg,Gram,,,,1,,,,,,,,,,,,,,,,,,,,,,
174,Brinjal Long,Ingredients,Vegtables,Vegtables,kg,Gram,,,,1,,,,,,,,,,,,,,,,,,,,,,
175,Chilli Red Local,Ingredients,Vegtables,Vegtables,kg,Gram,,,,1,,,,,,,,,,,,,,,,,,,,,,
176,Chill Red Local,Ingredients,Vegtables,Vegtables,kg,Gram,,,,1,,,,,,,,,,,,,,,,,,,,,,
177,Sweet Potato,Ingredients,Vegtables,Vegtables,kg,Gram,,,,1,,,,,,,,,,,,,,,,,,,,,,
